Email,Full Name,Registration Number,Neo ID,Official Email ID (College Mail)
pundirhrishita@gmail.com,Hrishita Pundir,23BAI11294,X4Z5B5E7,hrishita.23bai11294@vitbhopal.ac.in
singhabhi965133@gmail.com,Abhishek Singh,23BAI10571,Y3T8S6J0,abhishek.23bai10571@vitbhopal.ac.in
kunal271202@gmail.com,Kunal Aggarwal,23BCE10544,M3T3X7E1,kunal.23bce10544@vitbhopal.ac.in
ishitakunjekar123@gmail.com,Ishita Kunjekar,23BEY10040,K5X2I8Q0,ishita.23bey10040@vitbhopal.ac.in
mayankssss27@gmail.com,Mayank Suryavanshi,22MIM10133,F2V9O6U6,mayanksuryavanshi2022@vitbhopal.ac.in
gauravcyber0007@gmail.com,Gaurav Sharma,22MEI10079,W5Z2N4N3,gauravsharma2022@vitbhopal.ac.in
devbrat01042005@gmail.com,Devbrat Yadav,23BEC10056,G6H9J0W3,devbrat.23bec10056@vitbhopal.ac.in
suryanshiranawat@gmail.com,Suryanshi Ranawat,23BCE11634,I2B8P0I1,suryanshi.23bce11634@vitbhopal.ac.in
akshatsln2005@gmail.com,Atharv Vikram Singh,24BBA10010,B6D6G6U0,atharv.24bba10010@vitbhopal.ac.in
bhaveshsoni.170103@gmail.com,Bhavesh Soni,24BBA10028,R4A4K1A9,bhavesh.24bba10028@vitbhopal.ac.in
harshitsharmawork01@gmail.com,Harshit Sharma,24BBA10017,A6U5U7Y5,harshit.24bba10017@vitbhopal.ac.in
khushishukla2917@gmail.com,Khushi Shukla,24BBA10013,K5W6F1W5,khushi.24bba10013@vitbhopal.ac.in
namdevsurbhi71@gmail.com,Surbhi Namdev,24BBA10022,T5L6X0M8,Surbhi.24BBA10022@vitbhopal.ac.in
priyanshu8008835@gmail.com,Priyanshu Gupta,24BBA10008,J9K0A5B7,priyanshu.24bba10008@vitbhopal.ac.in
rahulrks27.singh@gmail.com,-,-,Q5J4V4Q2,-
rajputtanishka2005@gmail.com,Tanishka Rajput,24BBA10011,X4G9H0U6,tanishka.24bba10011@vitbhopal.ac.in
tanyapandey2805@gmail.com,Tanya Pandey,24BBA10031,L2Z4A8E4,tanya.24bba10031@vitbhopal.ac.in
harsh.walia6630@gmail.com,Harshvardhan Singh Ahluwalia,23BAI11261,O3X2G3Q1,harshvardhan.23bai11261@vitbhopal.ac.in
udayparmar7828@gmail.com,Uday Parmar,25MBA10013,Z2J0X1R2,uday.25mba10013@vitbhopal.ac.in
ankitparmar28374@gmail.com,Ankit Parmar,25MBA10012,P4Z4I1C5,ankit.25mba10012@vitbhopal.ac.in
aspectshubhamyadav.27@gmail.com,Shubham Yadav,23BAI11144,E4Y0I6T0,Shubham.23bai11144@vitbhopal.ac.in
prashantbhardwaj77724@gmail.com,Prashant Bhardwaj,23BCE10426,C5S6Y3K5,prashant.23bce10426@vitbhopal.ac.in
vv8282013@gmail.com,Vishal Verma,22MIM10126,X1Q4K1X6,Vishalverma2022@vitbhopal.ac.in
pranjalkaran2004@gmail.com,Pranjal Karan,23BHI10114,B5S3G7F6,pranjal.23bhi10114@vitbhopal.ac.in
ktarpita@gmail.com,Tarpita Karnam,23BHI10124,F6H5M4Z6,tarpita.23bhi10124@vitbhopal.ac.in
harshitchimaniya23@gmail.com,Harshit Chimaniya,22MEI10069,N3Q9S8A5,harshitchimaniya2022@vitbhopal.ac.in
tabrez.muhammad0107@gmail.com,Mohd Tabrez Hussain,23BAI10293,B6M5X7L6,mohd.23bai10293@vitbhopal.ac.in
sakshisingh67117@gmail.com,Sakshi Singh,23BHI10155,V4S5A0O5,sakshi.23bhi10155@vitbhopal.ac.in
rohith5289750@gmail.com,Rohith Sreepathi,23BCE11593,H5B1N3T8,upparapalli.23bce11593@vitbhopal.ac.in
tanishqnandwal99@gmail.com,Tanishq Nandwal,23BAI10397,G5R0I4P4,tanishq.23bai10397@vitbhopal.ac.in
astitvayeotikar1309@gmail.com,Astitva Yeotikar,23BCY10329,S1C7W3W6,astitva.23bcy10329@vitbhopal.ac.in
satwikbasu03@gmail.com,Satwik Basu,22MEI10008,L3G7W6Z3,satwikbasu2022@vitbhopal.ac.in
chakraborty.saumojyoti@gmail.com,Saumojyoti Chakraborty,23BAI11065,D4F5L7D0,saumojyoti.23bai11065@vitbhopal.ac.in
harshitsrao1@gmail.com,Harshit Singh Rao,23BAI10094,T2F4Q7M8,harshit.23bai10094@vitbhopal.ac.in
ashilyat@gmail.com,TARUN ASHILYA,23BCE10932,V4L9G0B2,tarun.23bce10932@vitbhopal.ac.in
suhridpaulofficial@gmail.com,Suhrid Paul,23BCE11326,Q3B4U2J4,suhridpaulofficial@gmail.com
harshrew@gmail.com,Harsh,22MIM10136,O3T1P5J5,harsh2022@vitbhopal.ac.in
mohdamd31@gmail.com,Mohammad Ahmed Siddiqui,22MIM10081,A3O7P3N3,mohammadahmedsiddiqui2022@vitbhopal.ac.in
navjotsinghgill10@gmail.com,NAVJOT SINGH GILL,23BAI11355,J3A5S4T7,navjot.23bai11355@vitbhopal.ac.in
ayushgudduazad02@gmail.com,Ayush Verma,22MIM10123,T5M1Z5I2,ayushverma2022@vitbhopal.ac.in
pritamv225@gmail.com,Preetam Verma,22MIM10115,L3Q3H4B6,pritamverma2022@vitbhopal.ac.in
vipinverma09595@gmail.com,Vipin Verma,22MIM10118,D5P1S4G1,vipinverma2022@vitbhopal.ac.in
aryan.shrivastava2k3@gmail.com,Aryan Shrivastava,22MIP10067,Q5X5L1O5,aryanshrivastava.2022@vitbhopal.ac.in
avinash.kushwaha1501@gmail.com,Avinash Kushwaha,23BAI10237,Q2L9X3Z2,avinash.23bai10237@vitbhopal.ac.in
mokshi.23bai10275@vitbhopal.ac.in,Mokshi Jain,23BAI10275,K3D1M5V3,mokshi.23bai10275@vitbhopal.ac.in
suryanshsoni235@gmail.com,Suryansh Soni,23BAI11318,I4A6D9H4,suryansh.23bai11318@vitbhopal.ac.in
kousthubh05@gmail.com,Kousthubh Vasudevan,23BCY10120,P4V8Z1R2,kousthubh.23bcy10120@vitbhopal.ac.in
siddharthjonior7@gmail.com,siddharth yadav,23BHI10031,M1F3P0L1,siddharth.23bhi10031@vitbhopal.ac.in
deekshaa250@gmail.com,Deeksha Chandravanshi,-,H6R4M4E1,-
divyababu5629@gmail.com,Divya B,25MBA10010,V1I7O5E2,divya.25mba10010@vitbhopal.ac.in
ha18i.sr@gmail.com,Harinath S,25MBA10002,Q8A2L5Q7,harinath.25mba10002@vitbhopal.ac.in
purveephoolwani@gmail.com,Purvee Phoolwani,25MBA10004,K4U5O0Y0,purvee.25mba10004@vitbhopal.ac.in
radhikapathak1425@gmail.com,-,-,D2O8X5N6,-
rankasanskriti@gmail.com,Sanskriti Ranka,25MBA10015,D2Y7E8R7,sanskriti.25mba10015@vitbhopal.ac.in
sanjay2003vlr@gmail.com,Sanjay A,25MBA10007,P2J6N7R4,sanjay2003vlr@gmail.com
shatakshiawasthy@gmail.com,Shatakshi Awasthy,25MBA10005,R3A7K5L0,shatakshi.25mba10005@vitbhopal.ac.in
abhishek140b@gmail.com,Abhishek Verma,25MBA10014,P2E1Z5D0,abhishek.25mba10014@vitbhopal.ac.in
ajayjain3901@gmail.com,Ajay Jain,22MIM10105,M1Z9N9B0,ajayjain2022@vitbhopal.ac.in
shivamparmar7047@gmail.com,Shivam Parmar,22MIM10109,A5C5X5C0,shivamparmar2022@vitbhopal.ac.in
vishalverma1514@gmail.com,Vishal Verma,22MIM10127,Y5X7D7Y8,vishalverma.2022@vitbhopal.ac.in
vshwrk.04@gmail.com,Vansh Bhardwaj,22MIM10048,D4S3Y7X1,vanshbhardwaj2022@vitbhopal.ac.in
shivaram7216@gmail.com,Sivaraaman K V,22MIM10057,W2G5H2Y3,sivaraaman2022@vitbhopal.ac.in
rishichraj@gmail.com,Rishi Raj,23BAI11264,L5B9K0P2,rishi.23bai11264@vitbhopal.ac.in
shashank.pandey20050726@gmail.com,Shashank Pandey,23BCE10760,O2Z2O8F3,shashank.23bce10760@vitbhopal.ac.in
ridahusain744@gmail.com,Rida Husain,23BHI10015,D4T2K4D6,rida.23bhi10015@vitbhopal.ac.in
8299815909r@gmail.com,Rajat Ranjan Misra,23BCE11111,S1B4J3N8,rajat.23bce11111@vitbhopal.ac.in
akshatbansal444@gmail.com,Akshat Bansal,23BCE10463,L1U6M6A9,akshat.23bce10463@vitbhopal.ac.in
lokisharma805@gmail.com,Lokesh Sharma,23BCG10015,R1A2V1X3,lokesh.23bcg10015@vitbhopal.ac.in
paniyasomya@gmail.com,Somya Paniya,23BAI10140,K1T4M3Q0,somya.23bai10140@vitbhopal.ac.in
prateekchhabra20@gmail.com,Prateek Chhabra,23BAI10169,H6M6T4Y8,prateek.23bai10169@vitbhopal.ac.in
aarav.tripathi1105@gmail.com,Aarav Tripathi,23BAI10574,K4E3O2R9,aarav.23bai10574@vitbhopal.ac.in
pavani.dka@gmail.com,Dhontika Pavani,23BEC10067,Y2H6M9A9,dhontika.23bec10067@vitbhopal.ac.in
work.tejus@gmail.com,Tejus Gupta,23BCE11334,B3U3R9C4,tejus.23bce11334@vitbhopal.ac.in
atharvaamle24@gmail.com,Atharva Amle,23BHI10142,P4O6M1G1,atharva.23bhi10142@vitbhopal.ac.in
akhilkambhamsetty07@gmail.com,Kambhamsetty Akhil,22MEI10013,Q1Q2R2S7,kambhamsettyakhil2022@vitbhopal.ac.in
meyhul.hatwal@gmail.com,Meyhul Hatwal,23BAI10719,G1N8D3P8,meyhul.23bai10719@vitbhopal.ac.in
sandeepsolanki341@gmail.com,Sandeep Solanki,23BAI10807,K1M0T5O1,sandeep.23bai10807@vitbhopal.ac.in
nakshatrathange@gmail.com,Nakshatra Thange,23BCE11194,P4C2C9F7,thange.23bce11194@vitbhopal.ac.in
chirayuzalke@gmail.com,Chirayu Zalke,23BCE11752,S3V8X8U5,chirayu.23bce11752@vitbhopal.ac.in
sumaiyashabab815@gmail.com,Sumaiya Shabab,23bce11406,O3L0T6M2,sumaiya.23bce11406@vitbhopal.ac.in
singhkartik121004@gmail.com,Kartik Singh,23BCE10916,K4H6F0L0,kartik.23bce10916@vitbhopal.ac.in
kasanyaanup708@gmail.com,Anup Kasanya,22MIM10104,X4J0D1D5,anupkasanya2022@vitbhopal.ac.in
shriyanamdeo4@gmail.com,Shriya Namdeo,23BAI11180,F5Y1Z5Z3,shriya.23bai11180@vitbhopal.ac.in
drishtinarang1@gmail.com,Drishti .,23BCE10369,T4B2R7S4,drishti.23bce10369@vitbhopal.ac.in
sambitmahapatra616@gmail.com,Sambit Mahapatra,23BCE10621,Y4C6W1M6,sambit.23bce10621@vitbhopal.ac.in
udchauhan0987@gmail.com,UDAY PRATAP SINGH CHAUHAN,23BCE11299,Q5X1F9Z5,uday.23bce11299@vitbhopal.ac.in
lucky.230062289@gmail.com,Lucky Kumar,23BCG10089,T2D4R9N9,lucky.23bcg10089@vitbhopal.ac.in
work.tanishqpandey@gmail.com,Tanishq Pandey,23BCG10062,K2V9Y0E7,tanishq.23bcg10062@vitbhopal.ac.in
palakhvyas.indore@gmail.com,Palakh Vyas,23BHI10195,Q5E1T4V2,palakh.23bhi10195@vitbhopal.ac.in
parvchauhan36@gmail.com,Parv Chauhan,23BSA10211,X7V4T1B0,parv.23bsa10211@vitbhopal.ac.in
shreysahu07@gmail.com,Priyanshu Sahu,23BSA10175,K5W1B3S9,priyanshu.23bsa10175@vitbhopal.ac.in
ayushmanagrawal13@gmail.com,Ayushman Agrawal,23BCE11474,G5Y5A0Z4,ayushman.23bce11474@vitbhopal.ac.in
lahsivvaday@gmail.com,Vishal Yadav,23BSA10209,H2V2U3L1,vishal.23bsa10209@vitbhopal.ac.in
suwarnika2005@gmail.com,Suwarnika Srivastava,23BSA10092,D3D3R2V5,suwarnika.23bsa10092@vitbhopal.ac.in
adityak.in64@gmail.com,Aditya Kumar,23BOE10064,P5B3S6P2,aditya.23boe10064@vitbhopal.ac.in
official.akankshasingh45@gmail.com,Akanksha Singh,23BOE10037,B6S9D3H8,akanksha.23boe10037@vitbhopal.ac.in
changraniyashika26@gmail.com,Yashika Changrani,23BCY10254,M1Z7Z6W8,yashika.23bcy10254@vitbhopal.ac.in
ayushprajapti80@gmail.com,Ayush Prajapati,23BCG10110,T5M2L5G9,ayush.23bcg10110@vitbhopal.ac.in
rawatvishu933024@gmail.com,Aniket Rawat,23BCG10005,N6N9T7A6,aniket.23bcg10005@vitbhopal.ac.in
ayushmanagrawal13@gmail.col,-,-,V1E7X2P6,-
bhagya.morabia@gmail.com,Bhagya Morabia,23BCE11171,N3H1P8E4,bhagya.23bce11171@vitbhopal.ac.in
charitra.jain223@gmail.com,Charitra Jain,23BCE10938,N4K4S1B7,charitar.23bce10938@vitbhopal.ac.in
jhajhdamanish@gmail.com,Manish Jhajhda,23BCE10243,W3E3J0E6,manish.23bce10243@vitbhopal.ac.in
manish.productive@gmail.com,Manish Yadav,23BAI10409,C2W0W4O8,manish.23bai10409@vitbhopal.ac.in
rajyashnanda@gmail.com,YASH RAJ NANDA,23BAI11238,L4I9F4R5,yash.23bai11238@vitbhopal.ac.in
rishabh.arya.knn@gmail.com,Rishabh Arya,23BAI10740,R1I6O3M5,rishabh.23bai10740@vitbhopal.ac.in
anmol20ch20@gmail.com,Anmol Choudhary,23BAI10825,I2M5W2U5,anmol.23bai10825@vitbhopal.ac.in
krishgoyat1009@gmail.com,Krish Goyat,23BCY10313,Q1E6L4L8,Krish.23bcy10313@vitbhopal.ac.in
meamar.akash@gmail.com,Akash Amar,23BCE10665,L5A3U3Z1,akash.23bce10665@vitbhopal.ac.in
adityamishra12310@gmail.com,Aditya Mishra,23BCE11643,M5E5X8V3,aditya.23bce11643@vitbhopal.ac.in
pranjalsingh6682@gmail.com,Pranjal Singh,22MEI10081,X3Y1H5D0,pranjalsingh2022@vitbhopal.ac.in
mishratanisha480@gmail.com,Tanisha Tanisha,23BAI11037,P3W8I4Z2,tanisha.23bai11037@vitbhopal.ac.in
l.anushka181@gmail.com,Anushka Londhe,23BAI10445,V2A0U7D7,londhe.23bai10445@vitbhopal.ac.in
tanishg007@gmail.com,Tanish Gupta,23BAI10450,L5M0P2N5,tanish.23bai10450@vitbhopal.ac.in
vermajaanvi64@gmail.com,Jahnvi Verma,23BCE11130,R1O5C4V6,jahnvi.23bce11130@vitbhopal.ac.in
aadish9119@gmail.com,Aadish Dabhade,22MIP10053,B2C9H2X1,aadishpankajdabhade2022@vitbhopal.ac.in
anshulverma1400@gmail.com,Anshul Verma,22MIP10076,D6O4M9K5,anshulverma2022@vitbhopal.ac.in
ananyanair989@gmail.com,Ananya Nair,22MIM10061,Y1A2I0H7,ananyanair2022@vitbhopal.ac.in
yadavbhupendr7972@gmail.com,bhupendra yadav,22MIM10097,U1U9T4V3,bhupendrayadav2022@vitbhopal.ac.in
vaibhavtiwari159@gmail.com,Vaibhav Tiwari,23BAI10108,N1B7J5V6,vaibhav.23bai10108@vitbhopal.ac.in
tsoni6829@gmail.com,Tanmay Soni,23BSA10193,J3Y5P7W8,tanmay.23bsa10193@vitbhopal.ac.in
apoorvapratapsingh6@gmail.com,Apoorva Pratap Singh,23BSA10046,A2E6D0A7,apoorva.23bsa10046@vitbhopal.ac.in
gopikrishna7.kvm@gmail.com,Gopikrishna G,23BSA10162,T1J2S5Q0,gopikrishna.23bsa10162@vitbhopal.ac.in
ibrahimhere0123@gmail.com,Mohammad Ibrahim Khan,23BSA10044,P1R1C4M4,mohammad.23bsa10044@vitbhopal.ac.in
ingle.shashwati@gmail.com,Shashwati Ingle,23BSA10101,T5B4D8D3,shashwati.23bsa10101@vitbhopal.ac.in
ishaanmaurya3@gmail.com,Ishaan Maurya,23BSA10190,D0D7A1X8,ishaan.23bsa10190@vitbhopal.ac.in
pihuitarsi@gmail.com,Pihu Jain,23BSA10144,L2K4I9Z2,pihu.23bsa10144@vitbhopal.ac.in
porasbarhate@gmail.com,Poras Ravindra Barhate,23BSA10020,U2E2N4D1,poras.23bsa10020@vitbhopal.ac.in
punitbaldia907@gmail.com,Punit Baldia,23BSA10093,W1U3K0V0,punit.23bsa10093@vitbhopal.ac.in
ronit20mishra@gmail.com,Ronit Mishra,23BSA10174,W1X0K7A9,ronit.23bsa10174@vitbhopal.ac.in
saakshamkindra@gmail.com,Saaksham Kindra,23BSA10166,O5K5I4R4,saaksham.23bsa10166@vitbhopal.ac.in
sarthak.23bsa10125@gmail.com,-,-,S3G2B8A6,-
srudranil39@gmail.com,Rudranil Sengupta,23BSA10013,V5D2Z7H4,rudranil.23bsa10013@vitbhopal.ac.in
sshashankrajput01@gmail.com,Shashank Kumar,23BSA10038,Q1A7Q0S4,shashank.23bsa10038@vitbhopal.ac.in
suwarniika2005@gmail.com,-,-,L2R1E9R1,-
1005thakkar@gmail.com,Chaitanya Thakkar,23BSA10067,I4P6N8D9,chaitanya.23bsa10067@vitbhopal.ac.in
ishikadas1608@gmail.com,ishika das,23BOE10090,W7H1R1Q6,ishika.23boe10090@vitbhopal.ac.in
rachitvaishnav@gmail.com,-,-,A1A5M6V5,-
umangkr007@gmail.com,Umang Kumar,23BOE10096,B3R3D5E4,umang.23boe10096@vitbhopal.ac.in
manavmyangar@gmail.com,Manav Myangar,23BMR10015,Q2A5W3V9,manav.23bmr10015@vitbhpal.ac.in
sambhavchiraya8@gmail.com,Sambhav Chiraya,23BME10014,T3T9T3L2,sambhav.23bme10014@vitbhopal.ac.in
aldrinjosekurian69@gmail.com,Aldrin Kurian,23BHI10100,X1I3O5R1,aldrin.23bhi10100@vitbhopal.ac.in
amriteshwarpandey259@gmail.com,Amriteshwar Pandey,23BHI10027,G1S7U8J1,amriteshwar.23bhi10027@vitbhopal.ac.in
anamikadeepu89@gmail.com,Anamika Nil,23BHI10161,N1D6Q3D1,anamika.23bhi10161@vitbhopal.ac.in
aryamansingh2109@gmail.com,Aryaman Singh,23BHI10132,D1J8R7B2,aryaman.23bhi10132@vitbhopal.ac.in
gayatridisa@gmail.com,Gayatri Mishra,23BHI10025,S5Q6W0N1,gayatri.23bhi10025@vitbhopal.ac.in
gitanjalimnair@gmail.com,Gitanjali Nair,23BHI10012,A2B4T9A5,gitanjali.23bhi10012@vitbhopal.ac.in
jiyasheth246@gmail.com,Jiya Sheth,23BHI10181,I5X0I7M5,sheth.23bhi10181@vitbhopal.ac.in
lccr193@gmail.com,Lingareddy Chaitanya Chakravarti Reddy,23BHI10152,C5I7K9S6,lingareddy.23bhi10152@vitbhopal.ac.in
ntm6584@gmail.com,Naveen Menon,23BHI10083,Y3I9O5R5,naveen.23bhi10083@vitbhopal.ac.in
parthlambat09@gmail.com,-,-,E2O0Z0T8,-
rajnandinighosh09@gmail.com,Rajnandini Ghosh,23BHI10041,R5Q4F6G4,rajnandini.23bhi10041@vitbhopal.ac.in
riya12jain2004@gmail.com,Riya Jain,23bhi10189,U3J7G7A9,riya.23bhi10189@vitbhopal.ac.in
sameekshajangrasharma@gmail.com,Sameeksha Sharma,23BHI10028,G5O2W5N5,sameeksha.23bhi10028@vitbhopal.ac.in
soniya26ias@gmail.com,Soniya Kuchekar,23BHI10033,W8C4M9Z5,soniya.23bhi10033@vitbhopal.ac.in
tinninandy49@gmail.com,Urjarshi Nandy,23BHI10053,K5X9P6R8,urjarshi.23bhi10053@vitbhopal.ac.in
aanya4933@gmail.com,Aanya Sharma,23BHI10185,C2N4G4K9,aanya.23bhi10185@vitbhopal.ac.in
aalokpoonia.work@gmail.com,Aalok Aalok,23BEY10022,F2A8H8Y8,aalok.23bey10022@vitbhopal.ac.in
dhruvspanwar12@gmail.com,Dhruv Panwar,23BEY10057,W3Q7L9O4,dhruv.23bey10057@vitbhopal.ac.in
rlkr27122002@gmail.com,Rahul Kumar,23BEY10082,F3W3Z1O1,rahul.23bey10082@vitbhopal.ac.in
voramayank96@gmail.com,Mayank Chirag Vora,23BEY10053,E7V0Y4G2,mayank.23bey10053@vitbhopal.ac.in
shahom450@gmail.com,Om Shah,23BET10011,L2U6Q7K3,shah.23bet10011@vitbhopal.ac.in
siddharth16529@gmail.com,Sidharth Mukherjee,23BET10003,F4Z2S1V7,siddhart.23bet10003@vitbhopal.ac.in
snehaagarwal2403@gmail.com,Sneha Agarwal,23BET10015,S1N1V7U2,sneha.23bet10015@vitbhopal.ac.in
vikasjethani2004@gmail.com,Vikas Jethani,23BET10013,Z3S7U0S6,vikas.23bet10013@vitbhopal.ac.in
gauravpersonal.24@gmail.com,Gaurav Sharma,23BET10036,B4J2H2P2,gaurav.23bet10036@vitbhopal.ac.in
mayurkaranjiya96@gmail.com,Mayur Karanjiya,23BCY10151,D5R0W8P2,mayur.23bcy10151@vitbhopal.ac.in
mohamadnahal05@gmail.com,MOHAMAD NAHAL S,23BCY10125,U6C8E7X7,mohamad.23bcy10125@vitbhopal.ac.in
navneet30405@gmail.com,NAVNEET SHARMA,23BCY10030,C2M7N2E8,navneet.23bcy10030@vitbhopal.ac.in
ompandey8765099716@gmail.com,Om Pandey,23BCY10327,Q3Z8S3A4,om.23bcy10327@vitbhopal.ac.in
ramanpriyanshu08@gmail.com,Priyanshu Raman,23BCY10031,T4F0R1U4,priyanshu.23bcy10031@vitbhopal.ac.in
sarthaksinghhh01@gmail.com,Sarthak Singh,23BCY10077,X1I5F3A1,sarthak.23bcy10077@vitbhopal.ac.in
sayaligulhane.07@gmail.com,Sayali Gulhane,23BCY10057,M6N0H6T2,sayali.23bcy10057@vitbhopal.ac.in
sayanghoshofc@gmail.com,Sayan Ghosh,23BCY10058,E2F9A6P5,sayan.23bcy10058@vitbhopal.ac.in
shreecharan5277443@gmail.com,Shree Charan N,23BCY10004,J4V7Z3N1,shree.23bcy10004@vitbhopal.ac.in
soumilchaurasia30@gmail.com,Soumil Chaurasia,23BCY10165,X2Z8S8H9,soumil.23bcy10165@vitbhopal.ac.in
suyashtripathipro@gmail.com,SUYASH TRIPATHI,23BCY10259,G8C9L2Z2,suyash.23bcy10259@vitbhopal.ac.in
tanishdua.30@gmail.com,Tanish Dua,23BCY10051,U4V7O2Y9,tanish.23bcy10051@vitbhopal.ac.in
vanshpatel3651@gmail.com,Vansh Patel,23BCY10113,G1A0M3U0,vansh.23bcy10113@vitbhopal.ac.in
vedanshdixit1617@gmail.com,VEDANSH Dixit,23BCY10317,H1X5U2G0,vedanshdixit1617@gmail.com
yashrajput4038@gmail.com,Yash Singh Rajput,23BCY10144,P2P2K5V3,yash.23bcy10144@vitbhopal.ac.in
abel.gebu@gmail.com,ABEL GEBU ABRAHAM,23BCY10219,Q6V4B9X1,abel.23bcy10219@vitbhopal.ac.in
abhinavsaxena2k03@gmail.com,Abhinav Saxena,23BCY10166,S2U2Z9U0,abhinav.23bcy10166@vitbhopal.ac.in
abhishektoy12@gmail.com,Abhishek Kumar,23BCY10049,W6J2A4D8,Abhishek.23bcy10049@vitbhopal.ac.in
adiraj790380@gmail.com,ADITYA RAJ,23BCY10111,K1Z4K3S7,aditya.23bcy10111@vitbhopal.ac.in
akshayyadavji8@gmail.com,Akshay Yadav,23BCY10268,G2T6V9I8,akshay.23bcy10268@vitbhopal.ac.in
ayushranjan3005@gmail.com,Ayush Ranjan,23BCY10174,D5Z7U0W6,ayush.23bcy10174@vitbhopal.ac.in
chaitanyatiwari23@gmail.com,Chaitanya Tiwari,23BCY10168,T4H8Y7E9,chaitanya.23bcy10168@vitbhopal.ac.in
connect.akshayaverma@gmail.com,Akshaya Verma,23BCY10304,O5H5K0K7,akshaya.23bcy10304@vitbhopal.ac.in
dheerajsarswat14@gmail.com,Dheeraj Saraswat,23BCY10146,Z3A9H6D7,dheeraj.23bcy10146@vitbhopal.ac.in
gauravjaiprakashsingh@gmail.com,Gaurav Singh,23BCY10096,Y5O1X8Q3,gaurav.23bcy10096@vitbhopal.ac.in
getpratyush109@gmail.com,Pratyush Srivastava,23BCY10033,O3O8Z4W3,pratyush.23bcy10033@vitbhopal.ac.in
gk16122004@gmail.com,Gaurav Kumar,23BCY10132,F1Z2O8F6,gaurav.23bcy10132@vitbhopal.ac.in
harshaljangra80@gmail.com,Harshal Jangra,23BCY10348,U5A8H9Y6,harshal.23bcy10348@vitbhopal.ac.in
herambmurthy2005@gmail.com,Saiheramb Kataru,23BCY10225,M4L9K2Z8,kataru.23bcy10225@vitbhopal.ac.in
ishmeet.kaur0407@gmail.com,Ishmeet Kaur Gandhi,23BCY10214,V9W5O8Z4,ishmeet.23bcy10214@vitbhopal.ac.in
khanaasimullah786@gmail.com,AASIM ULLAH KHAN,23BCY10035,G3V0Q5Y2,aasim.23bcy10035@vitbhopal.ac.in
manaswisuraskar10@gmail.com,Manaswi Suraskar,23BCY10258,A1B7K3M9,manaswi.23bcy10258@vitbhopal.ac.in
aasthapurohit83@gmail.com,Aastha Purohit,23BCY10354,I2E3M4A0,aastha.23bcy10354@vitbhopal.ac.in
omprasad2405@gmail.com,Om Prasad,23BCG10091,W1I4O3C3,prasad.23bcg10091@vitbhopal.ac.in
sharvilkulkarni26@gmail.com,Sharvil Kulkarni,23BCG10037,M2G5P3U5,kulkarni.23bcg10037@vitbhopal.ac.in
shashwat879@gmail.com,Shashwat Shashwat,23BCG10086,U3Z5I1E2,shashwat.23bcg10086@vitbhopal.ac.in
skush2121@gmail.com,Kush Sharma,23BCG10034,X1W6N1F2,kush.23bcg10034@vitbhopal.ac.in
utkarsh1234khatri@gmail.com,Utkarsh Singh,23BCG10006,X2N9K6Y3,utkarsh.23bcg10006@vitbhopal.ac.in
amitg212004@gmail.com,Amit Gupta,23BCG10004,B6D1P2I1,amit.23bcg10004@vitbhopal.ac.in
apoorvgoyal31@gmail.com,Apoorv Goyal,23BCG10116,N6L7U1K2,apoorv.23bcg10116@vitbhopal.ac.in
chettukuntaajay@gmail.com,AJAY c,23BCG10011,N1K0H2A6,ajay.23bcg10011@vitbhopal.ac.in
deepakverma4336@gmail.com,Deepak Verma,23BCG10077,C3H2L7B5,deepak.23bcg10077@vitbhopal.ac.in
dikshatahilyani004@gmail.com,Diksha Tahilyani,23BCG10093,V2G7V8H1,diksha.23bcg10093@vitbhopal.ac.in
divyansh190105@gmail.com,-,-,Q2C8Q2L0,-
xboxing098@gmail.com,Ojasvi Dhruv Pandey,23BCE11466,B6D4X5I3,ojasvi.23bce11466@vitbhopal.ac.in
yashvardhan4597@gmail.com,Yashvardhan Yadav,23BCE11079,C6Q6F6A5,yashvardhan.23bce11079@vitbhopal.ac.in
yuvrajsinghchahar18@gmail.com,Yuvraj Singh,23BCE10527,Q5M0D7N1,yuvraj.23bce10527@vitbhopal.ac.in
tanishirai2604@gmail.com,Tanishi Rai,23BCE10299,U4V7P5P4,tanishi.23bce10299@vitbhopal.ac.in
tanyabharti852@gmail.com,Tanya Bharti,23BCE11555,V3X1J0X2,tanya.23bce11555@vitbhopal.ac.in
thakur.saiyam0364@gmail.com,Saiyam Thakur,23BCE11173,X3N4I3J4,saiyam.23bce11173@vitbhopal.ac.in
tiwari.nikhil2017@gmail.com,Nikhil Tiwari,23bce10889,R1J6I0W7,nikhil.23bce10889@vitbhopal.ac.in
tkg7120ckt@gmail.com,Tanishq Kumar Gupta,23BCE10131,U1G1F5J5,tanishq.23bce10131@vitbhopal.ac.in
tripathipriyavrat2@gmail.com,Priyavrat Tripathi,23bce10640,L1X3L2L3,priyavrat.23bce10640@vitbhopal.ac.in
tusharhansaka@gmail.com,TUSHAR .,23BCE10405,P1E3C4B2,tushar.23bce10405@vitbhopal.ac.in
uditnarayan3573@gmail.com,Udit Narayan Rout,23BCE11013,E2I9P4G5,udit.23bce11013@vitbhopal.ac.in
ursaring44@gmail.com,Vaibhav Kumar,23BCE11814,I3U4C3X8,vaibhav.23bce11814@vitbhopal.ac.in
vaibhavipathak04@gmail.com,Vaibhavi Pathak,23BCE11552,L4B5S9G8,vaibhavi.23bce11552@vitbhopal.ac.in
vaishalinegi407@gmail.com,Vaishali Negi,23BCE11303,W3K4U6T4,vaishali.23bce11303@vitbhopal.ac.in
vaishnavi15ubarhande@gmail.com,Vaishnavi Ubarhande,23BCE11488,G5W1H8G9,vaishnavi.23bce11488@vitbhopal.ac.in
vaishnavsreekumar301@gmail.com,Vaishnav Sreekumar,23BCE11411,Y5D8A5F4,vaishnav.23bce11411@vitbhopal.ac.in
vanshtiwari83@gmail.com,Vansh Tiwari,23BCE10136,H5B2F9A0,vansh.23bce10136@vitbhopal.ac.in
varmajaanvi64@gmail.com,-,-,Q3W0H5L0,-
vineetchaniyara1702@gmail.com,Vineet Chaniyara,23BCE11464,J3J5H8D7,vineetchaniyara1702@gmail.com
vinitraj1031@gmail.com,Vinit Raj Behera,23BCE11275,O4C5Q7M5,vinit.23bce11275@vitbhopal.ac.in
vishwaschouhan1284@gmail.com,Vishwas Chouhan,23BCE10111,B6D4I2C6,vishwas.23bce10111@vitbhopal.ac.in
vsyadav0502@gmail.com,VIKRAM YADAV,23BCE10670,B4F0D9C3,vikram.23bce10670@vitbhopal.ac.in
vydev2005@gmail.com,Dev Vyawahare,23BCE11054,Q4X1E9N7,dev.23bce11054@vitbhopal.ac.in
work.mukulsinghal@gmail.com,Mukul Singhal,23BCE10297,F1M0Q8T0,mukul.23bce10297@vitbhopal.ac.in
shinjini832@gmail.com,SHINJINI SRIVASTAVA,23BCE10662,R3N3N7O4,shinjini.23bce10662@vitbhopal.ac.in
shivam106x@gmail.com,shivam sharma,23BCE11292,C6C6Q1S9,shivam.23bce11292@vitbhopal.ac.in
shreyanshshakya695@gmail.com,SHREYANSH SHAKYA,23BCE11630,O4J3Y2E6,shreyansh.23bce11630@vitbhopal.ac.in
shreyash3087@gmail.com,Shreyash Srivastava,23BCE10931,V2S7K7L2,shreyash.23bce10931@vitbhopal.ac.in
shriyamrastogi123@gmail.com,Shriyam Rastogi,23BCE11586,Y1W7K8Q7,shriyam.23bce11586@vitbhopal.ac.in
siddharthasingh.workspace@gmail.com,Siddhartha Singh,23BCE11143,A3F5I8D3,siddhartha.23bce11143@vitbhopal.ac.in
simransimran8133@gmail.com,Simran Vinodkumar Ahirwar,23BCE11525,P5P6C4A4,simran.23bce11525@vitbhopal.ac.in
sinkujaga2004@gmail.com,Jagatjit Sahoo,23BCE11114,B4V4T4O2,jagatjit.23bce11114@vitbhopal.ac.in
soumyadeeproy145@gmail.com,Soumyadeep Roy,23BCE11048,C3F7X3P1,soumyadeep.23bce11048@vitbhopal.ac.in
soumyodyuti04@gmail.com,SOUMYODYUTI RAY,23BCE11818,K5T2M3Q3,soumyodyuti.23bce11818@vitbhopal.ac.in
sparshj567@gmail.com,sparsh joshi,23BCE10718,J1Q3G0H5,sparsh.23bce10718@vitbhopal.ac.in
sridharahalaishwarya@gmail.com,Sridharahal Aishwarya,23BCE10543,U1O8C4L6,sridharahal.23bce10543@vitbhopal.ac.in
srijan1636@gmail.com,Srijan Jha,23BCE10161,Z4A0I4U2,srijan.23bce10161@vitbhopal.ac.in
srijanverma05@gmail.com,Srijan Verma,23BCE11799,G8Y0Q6Y0,srijan.23bce11799@vitbhopal.ac.in
srishtyy857@gmail.com,Srishty Sharma,23BCE11645,J5D1E8U6,srishty.23bce11645@vitbhopal.ac.in
sshikhar2005@gmail.com,Shikhar Sharma,23BCE10108,U2X9K5R5,shikhar.23bce10108@vitbhopal.ac.in
suchitschavhan2005@gmail.com,Suchit Chavan,23BCE10218,N3I1D5G5,chavan.23bce10218@vitbhopal.ac.in
sumit127624@gmail.com,Sumit Kumar Singh,23BCE10226,T3S9S9P8,sumit.23bce10226@vitbhopal.ac.in
sumitjakhar516@gmail.com,SUMIT,23BCE10559,Z4M5W9S8,sumit.23bce10559@vitbhopal.ac.in
tanishaverma219@gmail.com,Tanisha Verma,23BCE11210,X1U7S9N9,tanisha.23bce11210@vitbhopal.ac.in
priyatow15@gmail.com,Priya Singh,23BCE11177,G3I1O9F7,priya.23bce11177@vitbhopal.ac.in
promalsharma@gmail.com,Promal Sharma,23BCE10541,T4R8T5A7,promal.23bce10541@vitbhopal.ac.in
rachitshri01@gmail.com,Rachit Shrivastava,23BCE10770,D3N7B8A7,rachit.23bce10770@vitbhopal.ac.in
radhaagrwal.380@gmail.com,Radha Agarwal,23BCE10626,M5K2N5B3,radha.23bce10626@vitbhopal.ac.in
rahulbalhara821@gmail.com,RAHUL BALHARA,23BCE10604,Y6N0Y3M6,rahul.23bce10604@vitbhopal.ac.in
raik182005@gmail.com,Karan Rai,23BCE10749,C2H0C3E2,karan.23bce10749@vitbhopal.ac.in
reachtoankurjha@gmail.com,-,-,Y5A1W6Y8,-
revantachoudhary@gmail.com,Revanta Choudhary,23BCE10937,F9Q2C6P5,revanta.23bce10937@vitbhopal.ac.in
rishavptn@gmail.com,Kumar Rishav,23BCE10178,H2D9N0T2,kumar.23bce10178@vitbhopal.ac.in
ritakol1234@gmail.com,Ritabrata Patra,23BCE11258,U3A0R5C3,ritabrata.23bce11258@vitbhopal.ac.in
rushiltiger@gmail.com,Rushil Walia,23BCE10752,Z5L5J6O8,rushil.23bce10752@vitbhopal.ac.in
sahas8969@gmail.com,SAYAN SAHA,23BCE11702,G4U9V3G4,sayan.23bce11702@vitbhopal.ac.in
sahoobikun12345@gmail.com,DEBASISH SAHOO,23BCE11178,Z3N8C7L4,debasish.23bce11178@vitbhopal.ac.in
sanchiagarwal2005@gmail.com,Sanchi Agarwal,23BCE11564,E2Y4O2I0,sanchiagarwal2005@gmail.com
sanjithmoos@gmail.com,Sanjith Moos,23bce11149,C5A4D3K7,sanjith.23bce11149@vitbhopal.ac.in
sanskar.kumawat2005@gmail.com,Sanskar Kumawat,23BCE11578,H4G8B9V9,sanskar.23bce11578@vitbhopal.ac.in
shamaksoumil@gmail.com,Soumil Shamak,23BCE10841,P0M5G5Q5,soumil.23bce10841@vitbhopal.ac.in
shashank.23bce10760@gmail.com,-,-,A5A3Y1Q4,-
shashanksantoshdhakar19@gmail.com,Shashank Dhakar,23BCE10059,H6N4A2O7,shashank.23bce10059@vitbhopal.ac.in
shashwatvashista2101@gmail.com,shashwat vashista,23BCE10120,A1X7H7S2,shashwat.23bce10120@vitbhopal.ac.in
nabhgargdholpur@gmail.com,Nabh Garg,23BCE10635,Z2X7G0N3,nabh.23bce10635@vitbhopal.ac.in
naman.vats6041@gmail.com,Naman Vats,23BCE11240,X4I1C0V0,naman.23bce11240@vitbhopal.ac.in
nandinisrivastava015@gmail.com,Nandini Srivastava,23BCE11414,E4N9X1S6,nandini.23bce11414@vitbhopal.ac.in
nareshsharmacp4@gmail.com,Daksh Bhardwaj,23BCE10964,Q4P0G1J8,daksh.23bce10964@vitbhopal.ac.in
ndbendale2004@gmail.com,Nikhil Bendale,23BCE10985,G1Z6G9A9,nikhil.23bce10985@vitbhopal.ac.in
nilanjawasthi24020@gmail.com,Nilanj Awasthi,23BCE11607,U5Z3S7T2,nilanj.23bce11607@vitbhopal.ac.in
ninad2800@gmail.com,Ninad Nemawarkar,23BCE10350,D2Q6D9Z1,ninad.23bce10350@vitbhopal.ac.in
niveditasoni2310@gmail.com,Nivedita Soni,23BCE10556,R1E4Z8W7,nivedita.23bce10556@vitbhopal.ac.in
omsinghrajput778772@gmail.com,Anuj Kumar Singh,23BCE10738,D6H5H8B5,anuj.23bce10738@vitbhopal.ac.in
onkarrokade52@gmail.com,Onkar Rokade,23BCE10671,H4J0O5D5,rokade.23bce10671@vitbhopal.ac.in
palaksoni8299@gmail.com,Palak Soni,23BCE11763,L4J2C1J9,palak.23bce11763@vitbhopal.ac.in
parmeetisasingh@gmail.com,Parmeet Singh Bagga,23BCE10726,U2W7O5O7,parmeet.23bce10726@vitbhopal.ac.in
parthjain0722@gmail.com,Parth Jain,23BCE10156,V3W0N2L7,parth.23bce10156@vitbhopal.ac.in
piyushcricketfan619@gmail.com,Piyush Kumar,23BCE10572,S2T3D7G1,piyush.23bce10572@vitbhopal.ac.in
prabhanshu72116@gmail.com,Prabhanshu Saxena,23BCE11361,F3B9C1K8,prabhanshu.23bce11361@vitbhopal.ac.in
prachi639220@gmail.com,Prachi Gupta,23BCE10996,Z1N5F4R0,prachi.23bce10996@vitbhopal.ac.in
pranavdubeyy@gmail.com,Pranav Dubey,23BCE11621,K1A4E2U6,pranav.23bce11621@vitbhopal.ac.in
preeyansharora7@gmail.com,Preeyansh Arora,23bce10813,P2L2U4V3,preeyansh.23bce10813@vitbhopal.ac.in
prekshaa1512@gmail.com,Preksha Agarwal,23BCE10948,X2G2L9L7,preksha.23bce10948@vitbhopal.ac.in
princeagrahari2201@gmail.com,Prince Kumar,23BCE10294,Q2N6J2D8,prince.23bce10294@vitbhopal.ac.in
princenegi8826@gmail.com,Prince Negi,23BCE10687,G1W4L9G2,prince.23bce10687@vitbhopal.ac.in
priyanshsingh855@gmail.com,Priyansh Singh,23BCE11332,P8Q0A4C3,priyansh.23bce11332@vitbhopal.ac.in
jayeshkawade213@gmail.com,Jayesh Kawade,23BCE11534,I1F0R5J5,kawade.23bce11534@vitbhopal.ac.in
jessesimes13@gmail.com,Jesse Simes,23BCE11393,B3M2A2L1,jesse.23bce11393@vitbhopal.ac.in
kavyakapoor28i@gmail.com,KAVYANSH KAPOOR,23BCE11762,J9E0R8N5,kavyansh.23bce11762@vitbhopal.ac.in
krish.sengar02@gmail.com,Krish Singh Sengar,23BCE11265,H4L7R8V9,krish.23bce11265@vitbhopal.ac.in
krishg2410@gmail.com,Krish Gursahani,23BCE11703,Y2V2H9D4,krish.23bce11703@vitbhopal.ac.in
krishnasen0006@gmail.com,Krishna Sen,23BCE11490,N5L3C7N7,krishna.23bce11490@vitbhopal.ac.in
krishnatomar1809@gmail.com,Krishna .,23BCE10339,L5Z5S7L2,krishna.23bce10339@vitbhopal.ac.in
mahijithchowdhury04@gmail.com,Mahijith Chowdhury,23BCE11465,Q6Y2L7D3,mahijith.23bce11465@vitbhopal.ac.in
mailtosaxenaishita@gmail.com,Ishita Saxena,23BCE11198,E3N8T0M3,ishita.23bce11198@vitbhopal.ac.in
malavaditya1984@gmail.com,Aditya Malav,23BCE10319,Z2P9R2H3,aditya.23bce10319@vitbhopal.ac.in
manisha.mitra037@gmail.com,Manisha Mitra,23BCE11274,M6Y0T6T8,manisha.23bce11274@vitbhopal.ac.in
manojit.education2021@gmail.com,Manojit Maitra,23BCE10612,K2N7G0I0,manojit.23bce10612@vitbhopal.ac.in
manvimodi3@gmail.com,Manvi Modi,23BCE11297,U4W4A3K6,manvi.23bce11297@vitbhopal.ac.in
mayankagrawal2250@gmail.com,Mayank Agrawal,23BCE11379,B5P4J8Y0,mayank.23bce11379@vitbhopal.ac.in
metaryajain07@gmail.com,Metarya Jain,23BCE11622,V5S6A9A6,metarya.23bce11622@vitbhopal.ac.in
mishrarakeshkumar766@gmail.com,RAKESH KUMAR,23BCE11322,X1B8F4N4,rakesh.23bce11322@vitbhopal.ac.in
mohapatraarchita06@gmail.com,-,-,W4Q3L7I4,-
mohitku456123@gmail.com,Mohit Kumar,23BCE10830,N5F8H9C3,mohit.23bce10830@vitbhopal.ac.in
mrinalpuri93@gmail.com,Mrinal Puri,23BCE11280,X2P7G1J2,mrinal.23bce11280@vitbhopal.ac.in
harshdwdi@gmail.com,Harsh Dwivedi,23BCE11307,D2L2P9T5,harsh.23bce11307@vitbhopal.ac.in
harshitarora1065@gmail.com,Harshit Arora,23BCE10911,A4U6V5L3,harshit.23bce10911@vitbhopal.ac.in
harshkr1624@gmail.com,Harsh Kumar,23BCE10736,B4Q8W5C5,harsh.23bce10736@vitbhopal.ac.in
heymayankchauhan@gmail.com,Mayank Chauhan,23BCE10033,H5A8N3K5,Mayank.23bce10033@vitbhopal.ac.in
hiraksubhra05@gmail.com,-,-,I1B2T2Q0,-
hvst032003@gmail.com,Harshvardhan Singh Thakur,23BCE10913,G5G2Y3L5,harshvardhan.23bce10913@vitbhopal.ac.in
info.manavsharma2302@gmail.com,Manav Sharma,23BCE11002,H4R1J6B4,manav.23bce11002@vitbhopal.ac.in
ipshitaagarwal75@gmail.com,Ipshita Garg,23BCE11436,M3G7I2M3,ipshita.23bce11436@vitbhopal.ac.in
ishanrai646@gmail.com,Ishan Rai,23BCE11718,P3D1A6H8,ishan.23bce11718@vitbhopal.ac.in
ishanshawofficial@gmail.com,Ishan Shaw,23BCE11132,E4B1U7X4,ishan.23bce11132@vitbhopal.ac.in
itishamaheshwari2005@gmail.com,Itisha Maheshwari,23BCE10851,A5M9O0W0,itisha.23bce10851@vitbhopal.ac.in
janvijaiswal99@gmail.com,Janvi Jaiswal,23BCE10174,G3G3D4P1,janvi.23bce10174@vitbhopal.ac.in
jayantsinghjakhar@gmail.com,Jayant Singh Jakhar,23BCE10602,I3K0B2C4,jayant.23bce10602@vitbhopal.ac.in
deepakshukla.pat@gmail.com,Deepak Shukla,23BCE11422,Z4U1B2T7,deepak.23bce11422@vitbhopal.ac.in
devanuragv@gmail.com,DEV ANURAG VARSHNEY,23BCE10880,Y5C9S2J1,dev.23bce10880@vitbhopal.ac.in
dravyashah12@gmail.com,Dravya Shah,23BCE10445,K5G0O2T4,dravya.23bce10445@vitbhopal.ac.in
dubeyyyashh@gmail.com,Yash Dubey,23BCE11283,Q6E2W2O0,yash.23bce11283@vitbhopal.ac.in
eamanadeep006@gmail.com,Md Eaman Adeep,23BCE10510,B6F2U4C8,eaman.23bce10510@vitbhopal.ac.in
eklavyashridharshinde@gmail.com,Eklavya Shinde,23BCE11199,F4H7E0T1,eklavya.23bce11199@vitbhopal.ac.in
eshikadhakad134@gmail.com,ESHIKA DHAKAD,23BCE11435,G2Z8I4Y1,eshika.23bce11435@vitbhopal.ac.in
gargiverma9030@gmail.com,Gargi Verma,23BCE11020,T8X6O8E0,gargi.23bce11020@vitbhopal.ac.in
gopal.ji.mishra456@gmail.com,Gopal ji Mishra,23BCE11506,N2N3R2Q4,gopal.23bce11506@vitbhopal.ac.in
gyanendrathakur4135stella@gmail.com,Gyanendra Thakur,23BCE10433,R9F6O4E0,gyanendra.23bce10433@vitbhopal.ac.in
bhaveshsaini2017@gmail.com,Bhavesh Saini,23BCE11070,B2W3P0A3,bhavesh.23bce11070@vitbhopal.ac.in
bhavnarathi28@gmail.com,Bhavna Rathi,23BCE10511,B9P6U9T9,bhavna.23bce10511@vitbhopal.ac.in
bhawaniyadav741@gmail.com,Sunil Yadav,23BCE11250,Z3B7X3J4,sunil.23bce11250@vitbhopal.ac.in
bhratverma429@gmail.com,Bhrat Verma,23BCE11388,D2T4I4T1,bhrat.23bce11388@vitbhopal.ac.in
chauhananshiika20@gmail.com,Anshika Chauhan,23BCE11523,X2A2X6N6,anshika.23bce11523@vitbhopal.ac.in
chhatrapatiaayush2003@gmail.com,Aayush Singh,23BCE10279,G7Y4U2Y6,aayush.23bce10279@vitbhopal.ac.in
chhirag920@gmail.com,Chirag Sharma,23BCE11344,L6Z1G6U1,chirag.23bce11344@vitbhopal.ac.in
dadhichaman548@gmail.com,aman dadhich,23BCE11581,O2X0V4F7,aman.23bce11581@vitbhopal.ac.in
daksh2k5@gmail.com,Daksh Vyas,23BCE10696,R4L0Z5L5,daksh.23bce10696@vitbhopal.ac.in
akshata9683@gmail.com,Akshata Yadav,23BCE10652,S5X6B5Y7,akshata.23bce10652@vitbhopal.ac.in
allenmathews1601@gmail.com,Allen Mathews BK,23BCE11302,T3M0B0Z9,allen.23bce11302@vitbhopal.ac.in
amitanshu.varshney@gmail.com,Amitanshu Varshney,23BCE10444,T3Y7A5E1,amitanshu.23bce10444@vitbhopal.ac.in
anadisat@gmail.com,Anadisatyam Hari Om,23BCE10615,X5M4J6Y7,anadisatyam.23bce10615@vitbhopal.ac.in
ananya183singh@gmail.com,Ananya Singh,23BCE11616,F5F7O7O8,ananya.23bce11616@vitbhopal.ac.in
anishp1210@gmail.com,Anish Pawar,23BCE11329,X4V4L5N6,anish.23bce11329@vitbhopal.ac.in
ankit88.bly@gmail.com,Ankit kumar,23BCE10519,J1Q3B5H7,ankit.23bce10519@vitbhopal.ac.in
ankity0411@gmail.com,Ankit Kumar,23BCE11568,Q4Q8U9G1,ankit.23bce11568@vitbhopal.ac.in
anshikavitbhopal2027@gmail.com,Anshika Singh,23BCE11725,U3W1D1B2,anshika.23bce11725@vitbhopal.ac.in
anshuman19032006@gmail.com,Anshuman Nayak,23BCE11468,E2R2G0W3,anshuman.23bce11468@vitbhopal.ac.in
apansirohi@gmail.com,APAN SIROHI,23BCE10832,Q4N2D4U7,apan.23bce10832@vitbhopal.ac.in
arin098arora@gmail.com,Arin Arora,23BCE11106,A3X4O3Y2,Arin.23Bce11106@vitbhopal.ac.in
arjunvashishtha2004@gmail.com,Arjun Vashishtha,23BCE11644,O8K7M6Y9,arjun.23bce11644@vitbhopal.ac.in
arpitdhiman105@gmail.com,Arpit Dhiman,23BCE11038,A2D9N0B4,arpit.23bce11038@vitbhopal.ac.in
arushn.2005@gmail.com,Arush Nandakumar Menon,23BCE10472,I4W0P0K8,arush.23bce10472@vitbhopal.ac.in
aryangaikwad515@gmail.com,Aryan Gaikwad,23BCE10686,O3C4L1Z5,aryan.23bce10686@vitbhopal.ac.in
ashutosh.singh2584@gmail.com,Ashutosh Kumar Singh,23BCE10394,L3J8G8P7,ashutosh.23bce10394@vitbhopal.ac.in
askmanashdas@gmail.com,Manash Das,23BCE11223,Y1H7R8I0,manash.23bce11223@vitbhopal.ac.in
ats4219511@gmail.com,Aashutosh Sharma,23BCE10077,X5O6Y4M1,aashutosh.23bce10077@vitbhopal.ac.in
aviralsrivastava495@gmail.com,Aviral Srivastava,23BCE11165,E7R4N7C7,aviral.23bce11165@vitbhopal.ac.in
ayashamishra2412@gmail.com,Ayasha Mishra,23BCE10798,U3X3S4T5,ayasha.23bce10798@vitbhopal.ac.in
ayushraj805111@gmail.com,Ayush Raj,23bce11826,Z5P8U5H4,ayush.23bce11826@vitbhopal.ac.in
aadityasingh0175@gmail.com,Aditya Singh,23BCE11141,D6R9F7A1,aditya.23bce11141@vitbhopal.ac.in
aayush4373pandey@gmail.com,Aayush Pandey,23BCE10613,C2Q3H0F6,aayush.23bce10613@vitbhopal.ac.in
abhaysinghtanwer2022@gmail.com,-,-,G1E8R1I9,-
abhijeet7535@gmail.com,-,-,W3W1Z9A5,-
abhijit45677@gmail.com,Abhijit Kumar Sharma,23BCE11493,Z3B9G4I0,abhijit.23bce11493@vitbhopal.ac.in
abhinavbirajdar28@gmail.com,Abhinav Birajdar,23BCE10820,W2H2J3W5,birajdar.23bce10820@vitbhopal.ac.in
actuallyshreyashsharma@gmail.com,Shreyash Sharma,23BCE10730,O4O5O0S4,shreyash.23bce10730@vitbhopal.ac.in
adhirajsengar2601@gmail.com,Adhiraj Sengar,23BCE11345,I3G3W2E2,adhiraj.23bce11345@vitbhopal.ac.in
adhithyanappu7890@gmail.com,R Adhithyan,23BCE10139,Y1S8J9I2,adhithyan.23bce10139@vitbhopal.ac.in
adityamazumder93537@gmail.com,Aditya Mazumder,23BCE10492,L2H4Z5K2,aditya.23bce10492@vitbhopal.ac.in
adityasnkr1@gmail.com,Aditya Yadav,23BCE10998,I1M1K4H0,aditya.23bce10998@vitbhopal.ac.in
adlakhashwaas.work@gmail.com,Shwaas Adlakha,23BCE10939,N5D2L0O8,shwaas.23bce10939@vitbhopal.ac.in
agdevansh1809@gmail.com,Devansh Agrawal,23BCE11654,D2K9V2M3,devansh.23bce11654@vitbhopal.ac.in
ajakash117@gmail.com,AKASH KUMAR,23BCE10070,F2Q5P5H9,akash.23bce10070@vitbhopal.ac.in
10srajaljain01@gmail.com,Srajal Jain,23BCE10773,C1V1X4U6,srajal.23bce10773@vitbhopal.ac.in
vardaan.shukla7@gmail.com,Vardaan Shukla,23BAI10079,Z1R3I3V2,vardaan.23bai10079@vitbhopal.ac.in
varunt154@gmail.com,Varun Tiwari,23BAI10939,S1Q1J9B2,varun.23bai10939@vitbhopal.ac.in
vedantvyas77@gmail.com,Vedant Vyas,23BAI11349,V1Y3W3W5,vedant.23bai11349@vitbhopal.ac.in
vritantjainpc@gmail.com,Vritant Jain,23BAI11370,N6O0Z1F9,vritant.23bai11370@vitbhopal.ac.in
vsananya02@gmail.com,V.S. Ananya,23BAI10927,P2Y7L9U8,ananya.23bai10927@vitbhopal.ac.in
workwsanskruti@gmail.com,Sanskruti Udage,23BAI10684,F3D1N1C3,sanskruti.23bai10684@vitbhopal.ac.in
yashyadav20040603@gmail.com,yash yadav,23BAI10484,Q3G9U0W3,yash.23bai10484@vitbhopal.ac.in
snehakharote3006@gmail.com,Sneha Kharote,23BAI10389,Y5D8S6W8,sneha.23bai10389@vitbhopal.ac.in
soubhik0727@gmail.com,Soubhik Roy,23BAI11077,R5A0T9Z8,soubhik.23bai11077@vitbhopal.ac.in
soumyatyagi05@gmail.com,Soumya Tyagi,23BAI11100,C6Q0O3P6,soumya.23bai11100@vitbhopal.ac.in
sounakpal06@gmail.com,Sounak Pal,23BAI10467,I5M8J3J3,sounak.23bai10467@vitbhopal.ac.in
srj.skmrn134@gmail.com,Sreeraj A,23BAI10021,T3W1D8G1,sreeraj.23bai10021@vitbhopal.ac.in
subratd980@gmail.com,Subrat Das,23BAI10495,R4D3A2S1,subrat.23bai10495@vitbhopal.ac.in
sujal.sakhare.8@gmail.com,Sujal Sakhare,23BAI11292,E5F8T2K4,sujal.23bai11292@vitbhopal.ac.in
syashita657@gmail.com,yashita sharma,23BAI10368,P4G6Y2Y5,yashita.23bai10368@vitbhopal.ac.in
tanishk.kapoorpvt@gmail.com,Tanishk Kapoor,23BAI10933,Y2G2V8M5,tanishk.23bai10933@vitbhopal.ac.in
tanishqmaskara7@gmail.com,-,-,X3S3W3F3,-
tanmaypandey2005@gmail.com,-,-,X2C3Z9C4,-
truptibhugul568@gmail.com,Trupti Bhugul,23BAI11149,L4W4N0J7,bhugul.23bai11149@vitbhopal.ac.in
uddhavgpt@gmail.com,Uddhav Gupta,23BAI10146,O5F7B4M4,uddhav.23bai10146@vitbhopal.ac.in
utkarsh735532@gmail.com,Utkarsh Pandey,23BAI10660,U3I5X3B1,utkarsh.23bai10660@vitbhopal.ac.in
vaib2107ss@gmail.com,Vaibhav Sharma,23BAI11335,T2E5E8P3,vaibhav.23bai11335@vitbhopal.ac.in
vaibhavgupta2064@gmail.com,Vaibhav Gupta,23BAI10482,T2M8E9M1,vaibhav.23bai10482@vitbhopal.ac.in
samiksha23091@gmail.com,Samiksha Sahu,23BAI11146,B5X1O6O8,sahu.23bai11146@vitbhopal.ac.in
sariksrivastava@gmail.com,Sarik Srivastava,23BAI10926,Z6Y2B4Y3,sarik.23bai10926@vitbhopal.ac.in
sarthakverma110@gmail.com,Sarthak Verma,23BAI10827,G2A0X5B6,sarthak.23bai10827@vitbhopal.ac.in
satendravron@gmail.com,Satendra Gupta,23BAI11142,V5I2H0R1,satendra.23bai11142@vitbhopal.ac.in
satwikiscrashing@gmail.com,Satwik Telang,23BAI11046,T4N8R5X0,satwik.23bai11046@vitbhopal.ac.in
sawangupta2606@gmail.com,Sawan Gupta,23BAI10393,D2E2X8S1,sawan.23bai10393@vitbhopal.ac.in
shambhavibisht1410@gmail.com,Shambhavi Bisht,23BAI10704,E1H4X2U1,shambhavi.23bai10704@vitbhopal.ac.in
shaunthomas0412@gmail.com,Shaun Thomas,23BAI10549,I3T6I2B9,shaun.23bai10549@vitbhopal.ac.in
shivang.m04@gmail.com,Shivang Mishra,23BAI10238,I4U8G2I7,shivang.23bai10238@vitbhopal.ac.in
shivashuklaaabz@gmail.com,Shivansh Shukla,23BAI10457,M4W6I1A3,shivansh.23bai10457@vitbhopal.ac.in
shravni.jehurkar@gmail.com,Shravni Jehurkar,23BAI10821,V5S6T0J5,shravni.23bai10821@vitbhopal.ac.in
shubh.shrma21.03@gmail.com,Shubham Sharma,23BAI10229,G3J9E0B6,shubham.23bai10229@vitbhopal.ac.in
shubhamkumar6209232@gmail.com,shubham kumar,23BAI10600,K4K6Z7L1,shubham.23bai10600@vitbhopal.ac.in
singhalsaumil2005@gmail.com,Saumil Singhal,23BAI11005,L5N6G5D2,saumil.23bai11005@vitbhopal.ac.in
singharadhaya2005@gmail.com,Aradhaya Singh,23BAI10892,A3U7S9T3,aradhaya.23bai10892@vitbhopal.ac.in
singhmanjeet766853@gmail.com,Manjeet Singh,23BAI10447,T2K3T0B0,manjeet.23bai10447@vitbhopal.ac.in
smirfan9247@gmail.com,SM IRFAN,23BAI11096,F3V7C8M2,shaik.23BAI11096@vitbhopal.ac.in
raghuvanshiritika421@gmail.com,Ritika Raghuvanshi,23BAI11019,J6C7C1H6,ritika.23bai11019@vitbhopal.ac.in
rathorevanshika460@gmail.com,Vanshika Rathore,23BAI11395,O1L5V9W2,vanshika.23bai11395@vitbhopal.ac.in
rhishabh.parmar@gmail.com,Rhishabh Parmar,23BAI11092,S6V5W5C3,rhishabh.23bai11092@vitbhopal.ac.in
rishika.yadav04@gmail.com,Rishika Yadav,23BAI10511,E3R3U4K8,rishika.23bai10511@vitbhopal.ac.in
rishiraj230405@gmail.com,Rishiraj Singh Tomar,23BAI10849,G3Y0G9T5,rishiraj.23bai10849@vitbhopal.ac.in
ritikro905@gmail.com,Ritik Kumar Singh,23BAI11039,E1Z0V9I8,ritik.23bai11039@vitbhopal.ac.in
rivigaur1@gmail.com,Rivi Gaur,23BAI11301,C3G2Z8T4,rivi.23bai11301@vitbhopal.ac.in
rudranshchoubey18@gmail.com,Rudransh Choubey,23BAI10996,S1Z4E2D7,rudransh.23bai10996@vitbhopal.ac.in
rudranshupandey958@gmail.com,Rudranshu Pandey,23BAI11102,Z3O3O4U7,rudranshu.23bai11102@vitbhopal.ac.in
rudraparmar1082@gmail.com,Rudra Parmar,23BAI11189,B3S5Q9C7,rudra.23bai11189@vitbhopal.ac.in
sahaj.kartik20@gmail.com,Kartik Sharma,23BAI10577,W3Y6Q7Z1,kartik.23bai10577@vitbhopal.ac.in
sajjad102005@gmail.com,Shaik Mohammad Sajjad,23BAI10809,G5O3T7C2,shaik.23bai10809@vitbhopal.ac.in
sakshamagarwal.octave@gmail.com,Saksham Agarwal,23BAI11244,I1K9C7P3,saksham.23bai11244@vitbhopal.ac.in
sakshamsingh20aug2005@gmail.com,Saksham Singh,23BAI10834,X3O7V1B9,saksham.23bai10834@vitbhopal.ac.in
samalchitrangi@gmail.com,Chitrangi Samal,23BAI11168,A4A8O6B4,chitrangi.23bai11168@vitbhopal.ac.in
samarthjaisingh626@gmail.com,Samarth Jai Singh,23BAI10929,N4S6C6F1,samarth.23bai10929@vitbhopal.ac.in
mayank.bhadouria08@gmail.com,Mayank Singh Bhadouria,23BAI10464,Y4D6I4F1,mayank.23bai10464@vitbhopal.ac.in
mishitaverma2@gmail.com,Mishita Verma,23BAI10899,P6E5Y9M4,mishita.23bai10899@vitbhopal.ac.in
mishtisethi11@gmail.com,MISTHI SETHI,23BAI10491,Q5N6X2E0,misthi.23bai10491@vitbhopal.ac.in
mshariq824@gmail.com,Mohd Shariq,23BAI11169,J1R0R3D1,mohd.23bai11169@vitbhopal.ac.in
naman30ag@gmail.com,-,-,U1M9C8H1,-
nayan.pise8347@gmail.com,Nayan Pise,23BAI11136,A1H4G0D4,nayan.23bai11136@vitbhopal.ac.in
nikhilsirohi14@gmail.com,Nikhil Sirohi,23BAI10107,E1W9F6X9,nikhil.23bai10107@vitbhopal.ac.in
ojhavipransh@gmail.com,-,-,D6J4X0K1,-
oms177794@gmail.com,Om Sharma,23BAI10862,B1V8H5F5,sharma.23bai10862@vitbhopal.ac.in
parekhvandit@gmail.com,Vandit Parekh,23BAI11282,U3Q4K5T5,vandit.23bai11282@vitbhopal.ac.in
prakharverma261005@gmail.com,Prakhar Verma,23BAI10962,E3M1U3R0,prakhar.23bai10962@vitbhopal.ac.in
prateekranjan0208@gmail.com,Prateek Ranjan,23BAI10374,Q4L5V9V8,prateek.23bai10374@vitbhopal.ac.in
pujaarchanaj06@gmail.com,Puja Archana Jena,23BAI11123,A4Y7K3G1,puja.23bai11123@vitbhopal.ac.in
ekansh.singh20105@gmail.com,Ekansh Singh,23BAI10119,C6C6G1X5,ekansh.23bai10119@vitbhopal.ac.in
harshvardhansingh903@gmail.com,Harshvardhan Singh,23BAI10947,F5R7U8H5,harshvardhan.23bai10947@vitbhopal.ac.in
henrypramodf5@gmail.com,Henry Pramod N,23BAI11206,O2G8Y8V9,henry.23bai11206@vitbhopal.ac.in
ishaanii.prashant@gmail.com,Ishaani Prashant,23BAI11173,P1S7E9W2,ishaani.23bai11173@vitbhopal.ac.in
jainashi2005@gmail.com,Ashi Jain,23BAI10311,I5X9R1X4,ashi.23bai10311@vitbhopal.ac.in
jainvanshvj2005@gmail.com,Vansh jain,23BAI10078,R1Z0A6O2,vansh.23bai10078@vitbhopal.ac.in
kaifsyed46@gmail.com,Mohammad Kaif,23BAI10510,B2F7A1Z1,mohammad.23bai10510@vitbhopal.ac.in
kamranansari11112@gmail.com,Kamran Ansari,23BAI10745,J2O1N5X0,kamran.23bai10745@vitbhopal.ac.in
kaushikhitesh448@gmail.com,Hitesh Kaushik,23BAI10732,C1E0F5M9,hitesh.23bai10732@vitbhopal.ac.in
krishnayadav06814@gmail.com,Krishna Yadav,23BAI10621,Y1Q4X4Z7,krishna.23bai10621@vitbhopal.ac.in
kushagrasrivastava3010@gmail.com,KUSHAGRA SRIVASTAVA,23BAI10045,L4K6S7Q7,kushagra.23bai10045@vitbhopal.ac.in
lakshyap119@gmail.com,Lakshya Paneri,23BAI10520,K1T8E5D3,lakshya.23bai10520@vitbhopal.ac.in
m.gnanendraworkmail@gmail.com,Gnanendra M,23BAI11111,K1W5O7T9,gnanendra.23bai11111@vitbhopal.ac.in
atharvadeore04@gmail.com,Atharva Vijay Deore,23BAI10583,L5H2X4B3,atharva.23bai10583@vitbhopal.ac.in
atharvshete2005@gmail.com,Atharv Shete,23BAI10954,U4U0A2R5,shete.23bai10954@vitbhopal.ac.in
ayushkamal222@gmail.com,Ayush Kamal,23BAI11372,F2W7B9A7,ayush.23bai11372@vitbhopal.ac.in
balakumarpushparaj2016@gmail.com,-,-,L4P3E2N2,-
bhavyasinghnh@gmail.com,Bhavya Singh,23BAI10957,Q1G4U4O5,bhavya.23bai10957@vitbhopal.ac.in
chittoralovesh@gmail.com,Lovesh Chittora,23BAI10985,Z5L8Z7T8,lovesh.23bai10985@vitbhopal.ac.in
csagnik2004@gmail.com,Sagnik Chowdhury,23BAI10627,R5K9K7E0,sagnik.23bai10627@vitbhopal.ac.in
dadhichraghav896@gmail.com,Raghav Dadhich,23BAI10845,S6K3E7Q1,raghav.23bai10845@vitbhopal.ac.in
deshdeepnegi@gmail.com,Deshdeep Negi,23BAI11333,F3W3R0L2,deshdeep.23bai11333@vitbhopal.ac.in
devmesh75@gmail.com,Devesh Rathore,23BAI10387,Y5T3D1J9,devesh.23bai10387@vitbhopal.ac.in
dikshadamahe1@gmail.com,Diksha Damahe,23BAI11342,Z1V6G8O0,diksha.23bai11342@vitbhopal.ac.in
dipanjanchaudhary6@gmail.com,Dipanjan Choudhury,23BAI11188,E4E3Y3S3,dipanjan.23bai11188@vitbhopal.ac.in
akshjeetgakrey28@gmail.com,Akshjeet Gakrey,23BAI10910,S4M8Z2D2,akshjeet.23bai10910@vitbhopal.ac.in
allenjoshi297@gmail.com,Akhil joshi,23BAI10913,S8M9C3O7,akhil.23bai10913@vitbhopal.ac.in
amanprakash0378@gmail.com,Aman Prakash,23BAI10378,X3B8A1Y3,aman.23bai10378@vitbhopal.ac.in
ambastha.arpit@gmail.com,Arpit Ambastha,23BAI10768,T4C6X6A9,arpit.23bai10768@vitbhopal.ac.in
amreshwar48@gmail.com,AMRESHWAR SINGH,23BAI10265,G3K8D8Y2,amreshwar.23bai10265@vitbhopal.ac.in
ananyarathore5759@gmail.com,Ananya Rathore,23BAI11315,A3K8B5M0,ananya.23bai11315@vitbhopal.ac.in
anmolekumar16@gmail.com,Shubham Kumar,23BAI11061,Z2C4F9S4,shubham.23bai11061@vitbhopal.ac.in
arunimgogoi2005@gmail.com,Arunim Gogoi,23BAI11381,A2W0Q3U2,arunim.23bai11381@vitbhopal.ac.in
aryanshdutta2005@gmail.com,Aryansh Dutta,23BAI10824,C4U9W3R4,aryansh.23bai10824@vitbhopal.ac.in
ashhar.d10@gmail.com,Mohammed Ashhar Desnavi,23BAI11293,K5D2X9I5,ashhar.d10@gmail.com
ashhar2003.khan@gmail.com,Mohd. Ashhar Khan,23BAI11297,P1U0C5U9,mohd.23bai11297@vitbhopal.ac.in
atharva.gawas182@gmail.com,Atharva Gawas,23BAI10578,X2Y5N4H8,atharva.23bai10578@vitbhopal.ac.in
abhyanandsharma20@gmail.com,ABHYANAND SHARMA,23BAI11047,U4P2I3Z6,abhyanand.23bai11047@vitbhopal.ac.in
adharsh0760@gmail.com,ADHARSH Dubey,23BAI10829,U3B7N2E5,adharsh.23bai10829@vitbhopal.ac.in
adishhussain100@gmail.com,Adish Hussain,23BAI10268,D5D8P4F8,adish.23bai10268@vitbhopal.ac.in
aditi.workspace13@gmail.com,Aditi Sahu,23BAI11371,D2O1E6Q6,aditi.23bai11371@vitbhopal.ac.in
adityaidk17@gmail.com,Aditya Singh,23BAI10257,D6O6B3H3,aditya.23bai10257@vitbhopal.ac.in
adsarathy.colleges@gmail.com,Adarsh Sarathy,23BAI10877,H3I0M9M2,adarsh.23bai10877@vitbhopal.ac.in
ag3528764@gmail.com,Anurag Goyal,23BAI11143,R3J1R8F9,anurag.23bai11143@vitbhopal.ac.in
aileshverma16@gmail.com,Ailesh Kumar Verma,23BAI11108,O1K8V0H4,ailesh.23bai11108@vitbhopal.ac.in
abhichauhan4804@gmail.com,Abhyudai Singh,23BAI10702,I2Q8W4R2,abhyudai.23bai10702@vitbhopal.ac.in
ananjandp@gmail.com,Ananjan Das Poddar,23BAC10008,Y4T6Z6E0,ananjan.23bac10008@vitbhopal.ac.in
harshalredes07@gmail.com,Harshal Rede,23BAS10009,B4C1V2J5,rede.23bas10009@vitbhopal.ac.in
nbhansali2006@gmail.com,Nikita Bhansali,23BEC10061,X3C4H4P8,nikita.23bec10061@vitbhopal.ac.in
prathmeshchedge@gmail.com,Prathmesh Chedge,23BEC10046,I1N1N2A8,prathmesh.23bec10046@vitbhopal.ac.in
thakursatendrasingh0001@gmail.com,satendra singh,23BEC10073,K2J5Z8Z9,satendra.23bec10073@vitbhopal.ac.in
zakiullahmallick95@gmail.com,Mohammad Zakiullah Mallick,23BEC10034,U1A7K2W5,mohammad.23bec10034@vitbhopal.ac.in
anuradhaayyagarywork@gmail.com,A Anuradha,23BEC10068,M6M5E9J5,anuradha.23bec10068@vitbhopal.ac.in
harshvardhan.2072@gmail.com,Harshvardhan Singh Parihar,23BEC10072,Z6D1B4T6,harshvardhan.23bec10072@vitbhopal.ac.in
jadounvishal16@gmail.com,Vishal Jadoun,23BEC10063,D6S4J2N7,vishal.23bec10063@vitbhopal.ac.in
kaustavkalita9954@gmail.com,Kaustav Kalita,23BEC10045,P4S1H7H9,kaustav.23bec10045@vitbhopal.ac.in
rahulasula8@gmail.com,Asula Rahul Kumar,22MIM10072,A2O9S1U8,asularahulkuamr2022@vitbhoapl.ac.in
devendrapatil1206@gmail.com,Devendra Patil,22MIP10063,Z3L3P2L0,patildevendraprashant2022@vitbhopal.ac.in
vsd4687@gmail.com,Vedant Deshmukh,22MIM10043,I4F2B6W8,vedantsachindeshmukh2022@vitbhopal.ac.in
adityadama16@gmail.com,Aditya Dama,22MIM10066,D6E0Q9D3,adityadama2022@vitbhopal.ac.in
prashantkakde154@gmail.com,Prashant Kakde,22MIM10122,D1V9Q2Y2,prashantjagannathkakde2022@vitbhopal.ac.in
sj666526@gmail.com,Shreya Jain,22MIM10112,H2L4O0U2,shreyajain2022@vitbhopal.ac.in
bjoy1403@gmail.com,Joy Biswas,22MIP10096,I6W5F6N5,joybiswas2022@vitbhopal.ac.in
shivkumarkr21@gmail.com,Shiv Kumar,22MIP10050,U3X9C4A6,shivkumar2022@vitbhopal.ac.in
anushika099@gmail.com,Anushika Malviya,22MIP10100,Y2Z7L1A8,anushikamalviya2022@vitbhopal.ac.in
ry6160012@gmail.com,Rahul Kumar Yadav,22MEI10028,F3B4H4P6,rahulkumaryadav2022@vitbhopal.ac.in
ambika.dayma2301@gmail.com,Ambika Sharma,22MEI10016,E5F1P5H4,ambikasharma2022@vitbhopal.ac.in
dakshishabrol@gmail.com,Dakshish Abrol,23BCE11713,O5L1C1G4,dakshish.23bce11713@vitbhopal.ac.in
divyanshuprakashsharma@gmail.com,Divyanshu Prakash Sharma,22MIP10098,G3Q0P7U1,divyanshuprakashsharma2022@vitbhopal.ac.in
prathameshpangarkar@gmail.com,Prathmesh Pangarkar,22MIP10089,U2G9V2N1,prathameshshrirampangarkar2022@vitbhopal.ac.in
jayanthrenga2005@gmail.com,Jayanth Renganathan,23BCY10042,Q1G7D3C9,jayanth.23bcy10042@vitbhopal.ac.in
alwaz1143@gmail.com,Saiyed Alwaz Hussain,22MEI10027,N3B4W8N1,saiyedalwazhussain2022@vitbhopal.ac.in
ishakumari060504@gmail.com,Isha Kumari,23BAI11246,T6H2D1N6,isha.23bai11246@vitbhopal.ac.in
therealadithyaj@gmail.com,-,-,F4S8E4P2,-
athira.m1301@gmail.com,Athira M,23BOE10093,M6Q5M2J6,athira.23boe10093@vitbhopal.ac.in
suriti.joshi05@gmail.com,Suriti Joshi,23BET10005,D2L4U2N4,suriti.23bet10005@vitbhopal.ac.in
sumant.kumar5095@gmail.com,Sumant Kumar,23BCE11306,X3W9E7Y2,sumant.23bce11306@vitbhopal.ac.in
cpt.bhuvnesh@gmail.com,Bhuvnesh Pratap Singh,23BCE11261,Z2B2W8X5,bhuvnesh.23bce11261@vitbhopal.ac.in
dmaanya56@gmail.com,-,-,E1X9Z3X1,-
goelumanshi@gmail.com,-,-,F7I4E4D6,-
hrithema@gmail.com,Hrithema .,23BCE11243,N1A2R3V7,hrithema.23bce11243@vitbhopal.ac.in
nandika.ugc2023@gmail.com,Nandika Sharma,23BCE1173,A1U6D8J7,nandika.ugc2023@gmail.com
dp12332111@gmail.com,DEVANSH PHOUGAT,23BAI11203,X2N1Q8P7,devansh.23bai11203@vitbhopal.ac.in
tithisemwal@gmail.com,Tithi Semwal,23BAI10920,X4N5O9H3,tithi.23bai10920@vitbhopal.ac.in
abhinandangavali310@gmail.com,Abhinandan Gavali,22MEI10071,Q3R4U1N7,abhinandan2022@vitbhopal.ac.in
ayush7275748400@gmail.com,Ayushman Rai,23BSA10023,Z2C6R0P0,ayushman.23bsa10023@vitbhopal.ac.in
shreyaraj26022004@gmail.com,shreya raj,23bhi10168,N5L6G9H8,shreya.23bhi10168@vitbhopal.ac.in
sushantazad007@gmail.com,Sushant Azad,23BCY10263,G2J5Q6E1,sushant.23bcy10263@vitbhopal.ac.in
ishikathakor1703@gmail.com,Ishika Thakor,23BCY10202,V1E9M9F6,ishika.23bcy10202@vitbhopal.ac.in
namanporwal615@gmail.com,Naman Porwal,23BCE11560,J3N9K4Y2,naman.23bce11560@vitbhopal.ac.in
khandelwalnancy27@gmail.com,Nancy Khandelwal,23BAI11392,M2C0V4R0,nancy.23bai11392@vitbhopal.ac.in
anushka.yadav.sh@gmail.com,Anushka Yadav,23BAI10168,W2E4M9E5,anushka.23bai10168@vitbhopal.ac.in
aanchalraj005@gmail.com,Rajkumar Aanchal,23BOE10080,A3K0B7V2,raj.23boe10080@vitbhopal.ac.in
mansipagar1920@gmail.com,MANSI PAGAR,23BOE10115,I4T1L2Z9,mansi.23boe10115@vitbhopal.ac.in
ashika00111@gmail.com,Ashika Tiwari,23BEY10067,R2J5B9Q1,ashika.23bey10067@vitbhopal.ac.in
himanshukesarwani0654@gmail.com,Himanshu Kesarwani,23BCY10044,W4I9T4L8,himanshu.23bcy10044@vitbhopal.ac.in
divyansh.shekhar2005@gmail.com,Divyansh Shekhar,23BCE11067,P3T6S0N8,divyansh.23bce11067@vitbhopal.ac.in
rishikarajpoot.13@gmail.com,Rishika Rajpoot,23BCE11526,U1X4E5T5,rishikarajpoot.13@gmail.com
sehajvirs.pasay@gmail.com,Sahej Vir Singh Pasay,23BCE11431,G3Y9O8E7,sahej.23bce11431@vitbhopal.ac.in
barunpattanaik2@gmail.com,Barun Kumar Pattanaik,23BCE11391,L3D0N3T6,barun.23bce11391@vitbhopal.ac.in
harshrathoreworks@gmail.com,Harsh Rathore,23BAI10453,H2A4J3F5,harsh.23bai10453@vitbhopal.ac.in
ishaanpandey12139@gmail.com,Ishaan Pandey,23BAI11097,Z4E3X3C0,ishaan.23bai11097@vitbhopal.ac.in
joshianshu600@gmail.com,Anshul Joshi,23BAI10770,V8W4D9E9,anshul.23bai10770@vitbhopal.ac.in
srishtikumari26004@gmail.com,Srishti Kumari,22MIP10010,C4P6E4J9,srishtikumari2022@vitbhopal.ac.in
leonardofernandes3419@gmail.com,Leonardo Fernandes,22MEI10064,S1H5G2P6,leonardofernandes2022@vitbhopal.ac.in
aditisinghshcs@gmail.com,Aditi Singh,23BSA10186,C9K7N9H5,aditi.23bsa10186@vitbhopal.ac.in
lipitanishq@gmail.com,Tanishq Sharma,23BOE10046,V1Q0T0H1,lipitanishq@gmail.com
harshthakur15285@gmail.com,harsh prajapati,23BCY10314,N6V2H1I2,harsh.23bcy10314@vitbhopal.ac.in
vikasks17092004@gmail.com,Vikas Kumar Singh,23BCY10306,T4O4W8P2,vikas.23bcy10306@vitbhopal.ac.in
nagamallasaiganesh2708@gmail.com,SAI GANESH NAGAMALLA,23BCG10047,Z5E9K8Z2,sai.23bcg10047@vitbhopal.ac.in
sharma.ishan0909@gmail.com,Ishan sharma,23BCE11263,S2V7J9R3,sharma.23bce11263@vitbhopal.ac.in
tiwarimanas009@gmail.com,Manas Tiwari,23BCE10826,N5Z5Z1U4,manas.23bce10826@vitbhopal.ac.in
adityaj0315@gmail.com,Aditya Jain,23BCE10420,D2R7N8A8,aditya.23bce10420@vitbhopal.ac.in
antomicheal1245@gmail.com,Anto Binoy Vazhayil,23BCE11502,A6D5T9U0,anto.23bce11502@vitbhopal.ac.in
divyanshurprcg@gmail.com,Divyanshu Sharma,23BCE10149,Y4U9U6Z7,divyanshu.23bce10149@vitbhopal.ac.in
kumarmanishr05@gmail.com,Manish Kumar,23BCE11528,T9E6R2S5,manish.23bce11528@vitbhopal.ac.in
kumud.maheshwari1920@gmail.com,Kumud Maheshwari,23BCE11440,E3O5N0Q5,kumud.23bce11440@vitbhopal.ac.in
kunalsingh.officialwork@gmail.com,Kunal Singh,23BCE10805,H1F6H1N0,kunal.23bce10805@vitbhopal.ac.in
lokesh240805@gmail.com,Lokesh Balhara,23BCE10304,J1I1B2C5,lokesh.23bce10304@vitbhopal.ac.in
pragyanntt@gmail.com,Pragyan Bhatt,23BCE10905,Y9D6U3H5,pragyan.23bce10905@vitbhopal.ac.in
rishitmanu17092004@gmail.com,Rishit Shrivastava,23BCE10373,N1J9U2S4,rishit.23bce10373@vitbhopal.ac.in
jayitasaikia@gmail.com,Jayita Saikia,23BAI11253,C6X1N1P3,jayita.23bai11253@vitbhopal.ac.in
mittaljatin419@gmail.com,Jatin Mittal,23BAI10884,Z1K6F6Z5,jatin.23bai10884@vitbhopal.ac.in
satyamjais1193@gmail.com,satyam jaiswal,23BAI10273,W2Y7U3F2,satyam.23bai10273@vitbhopal.ac.in
shubhamsura1998@gmail.com,Shubham Sura,23BAI11141,M4G7N5H4,shubham.23bai11141@vitbhopal.ac.in
vaishnavi7a7@gmail.com,Vaishnavi Jha,23BAI10401,K3J7E8P1,Vaishnavi.23bai10401@vitbhopal.ac.in
vanshika.1882.11.c@gmail.com,Vanshika Sharma,23BAI10475,P2V3E3D3,vanshika.23bai10475@vitbhopal.ac.in
gurkiratsinghdhillon.work@gmail.com,Gurkirat Singh Dhillon,23BAI10203,M3K9B5A4,gurkirat.23bai10203@vitbhopal.ac.in
janmejai24@gmail.com,Janmejai Gehlot,23BAI10247,M4U9W7D6,janmejai.23bai10247@vitbhopal.ac.in
chetna0p@gmail.com,Chetna Pal,22MIP10054,V5S9S3T6,chetnapal2022@vitbhopal.ac.in
gopalmakwanatech@gmail.com,Gopal Makwana,22MIP10088,P4W7K6L9,gopalmakwana2022@vitbhopal.ac.in
muskany213@gmail.com,Muskan Yadav,22MIP10093,W5B3W5A9,muskanyadav2022@vitbhopal.ac.in
sabakarim6777@gmail.com,Saba Karim,22MIP10018,C1Y0Y9F3,sabakarim2022@vitbhopal.ac.in
sushmitamandloi05@gmail.com,Sushmita Mandloi,22MIP10099,U4W1T0R3,sushmitamandloi2022@vitbhopal.ac.in
ankitsinghchouhan682@gmail.com,Ankit Singh Chouhan,22MIP10090,W5F7B0C5,ankitsinghchouhan2022@vitbhopal.ac.in
chandansingh87911@gmail.com,Chandan Singh,22MIM10091,T2V8E0M9,chandansingh87911@gmail.com
parthskcg2@gmail.com,Parth Goyal,22MIM10041,J3P1J8B9,parthgoyal2022@vitbhopal.ac.in
yashbana85@gmail.com,Yashpal Singh Chouhan,22MIM10100,C5M5G4S1,yashpalsinghchouhan2022@vitbhopal.ac.in
ankursinghrathore15@gmail.com,Ankur .,22MIM10075,F5V2C1K1,ankur2022@vitbhopal.ac.in
bharatsingh070781@gmail.com,Bharat Raghuvashi,22MEI10006,L9O8E8G5,bharatraghuvanshi2022@vitbhopal.ac.in
aku.singh5206@gmail.com,Shreya Singh,23BCY10169,D4Z5W1I9,shreya.23bcy10169@vitbhopal.ac.in
pracheer2023@gmail.com,Pracheer Srivastava,23BCY10126,J3U4T8X9,pracheer.23bcy10126@vitbhopal.ac.in
saiprajapati3085@gmail.com,Sai Prajapati,23BCE11268,Y4G9A4G6,sai.23bce11268@vitbhopal.ac.in
bhatisaloni20@gmail.com,Saloni Bhati,23BHI10130,J3W7I7C0,saloni.23bhi10130@vitbhopal.ac.in
salonipokharna20@gmail.com,Saloni Pokharna,23BAI11305,F3O9Y4Q0,saloni.23bai11305@vitbhopal.ac.in
harshanpotti24@gmail.com,Harshan Kumar Potti,23BAI10451,A2D4L6D7,harshan.23bai10451@vitbhopal.ac.in
ishitapatidar119@gmail.com,Ishita Patidar,23BCE10221,T2W5M2J1,ishita.23bce10221@vitbhopal.ac.in
amitkhurana461@gmail.com,Amit Khurana,23BAI10607,G4O6E3W5,amit.23bai10607@vitbhopal.ac.in
arpanmathur18@gmail.com,Arpan Mathur,23BAI10022,B4G2K6P8,arpan.23bai10022@vitbhopal.ac.in
workwithnishi51@gmail.com,Nishi Agrawal,23BOE10070,E4K4E5G8,nishi.23boe10070@vitbhopal.ac.in
jjayesh2036@gmail.com,Jayesh Keswani,22MIM10015,U3F2Z7Z8,jayeshkeswani2022@vitbhopal.ac.in
anubhavjha0812@gmail.com,Anubhav Jha,23BAI11112,H2G6G5Y4,anubhav.23bai11112@vitbhopal.ac.in
anishasrivastava2005@gmail.com,Anisha Amar Srivastava,23BAI10992,C3K5V1E1,anisha.23bai10992@vitbhopal.ac.in
pihupallavi2002@gmail.com,Pallavi ..,22MIP10086,S4B7A4E9,pallavi2022@vitbhopal.ac.in
ay579827@gmail.com,Ayush Yadav,25MCA10010,L3V3Z7L3,ayush.25mca10010@vitbhopal.ac.in
mahisaxena200424@gmail.com,Mahi Saxena,23BAI11267,D2U5Z4L9,mahi.23bai11267@vitbhopal.ac.in
satendrasoraiya2003@gmail.com,Satendra Soraiya,23bce11423,O2D6B2O8,satendra.23bce11423@vitbhopal.ac.in
bnivedya8@gmail.com,Nivedya B,23BCE10176,P2P2C6C4,nivedya.23bce10176@vitbhopal.ac.in
nikhilendrad@gmail.com,DUGGINENI NIKHILENDRA,22MIP10051,I0Z3P8O0,duggineninikhilendra2022@vitbhopal.ac.in
sabnamsultana704@gmail.com,sabnam Sultana,25MCA10035,S3Y5P2Z4,Sabnam.25MCA10035@vitbhopal.ac.in
tanurai673@gmail.com,Tanu Rai,25MCA10112,V1I6X2H0,tanu.25mca10112@vitbhopal.ac.in
omikasingh890@gmail.com,Omika Singh,22MEI10018,E2V9X9F8,omikasingh2022@vitbhopal.ac.in
guptasanjog19@gmail.com,Sanjog Gupta,23BCY10105,O2S4R9Z7,sanjog.23bcy10105@vitbhopal.ac.in
aparnayadav0310@gmail.com,Aparna Yadav,22MIM10052,F4R1I6T8,aparnayadav2022@vitbhopal.ac.in
guptaaditi.0825@gmail.com,Aditi Gupta,23BAI10968,M2T1O0F2,aditi.23bai10968@vitbhopal.ac.in
sapna1475tiwari@gmail.com,Sapna Tiwari,23BSA10202,P0B2U2G5,sapna.23bsa10202@vitbhopal.ac.in
kcoding400@gmail.com,Kushagra Raghuvanshi,23BSA10072,Y4K8R6S9,kushagra.23bsa10072@vitbhopal.ac.in
aasthakumari.0105@gmail.com,Aastha Kumari,23BSA10195,F1R8T9L9,aastha.23bsa10195@vitbhopal.ac.in
haris13ckmnss@gmail.com,Haris K Sumesh,23BSA10085,G6L0X4P6,haris.23bsa10085@vitbhopal.ac.in
chitransh.harsh2002@gmail.com,Harsh Chitransh,23BOE10099,P1D4X1Q7,harsh.23boe10099@vitbhopal.ac.in
skaarvain14@gmail.com,Suddershan S,23BOE10062,Q5G4E2X5,suddershan.23boe10062@vitbhopal.ac.in
sanikasangvai@gmail.com,Sanika Sangvai,23BHI10056,N1E5Z8J7,sanika.23bhi10056@vitbhopal.ac.in
sohamj1812@gmail.com,SOHAM JAGTAP,23BHI10157,L3S5B9B0,soham.23bhi10157@vitbhopal.ac.in
meshwahirpara23@gmail.com,Meshwa Hirpara,23BHI10090,O1I9X9L0,meshwa.23bhi10090@vitbhopal.ac.in
shishirsingh1595@gmail.com,SHISHIR SINGH,23BEY10033,Y4Y1A8T2,shishir.23bey10033@vitbhopal.ac.in
sanskritigunnu2023@gmail.com,Sanskriti Tailor,23BET10037,B4I5W8T2,sanskriti.23bet10037@vitbhopal.ac.in
pranav890137@gmail.com,Pranav Bhardwaj,23BCY10018,M2D5Z9T7,pranav.23bcy10018@vitbhopal.ac.in
priyanshujoshi911@gmail.com,Priyanshu Joshi,23BCY10066,S4V6C7T4,priyanshu.23bcy10066@vitbhopal.ac.in
shreyanshsaha19@gmail.com,Shreyansh Saha,23BCY10217,A1X6A1P1,shreyansh.23bcy10217@vitbhopal.ac.in
ipshitag45@gmail.com,Ipshita Gupta,23BCY10325,A5B6E0V0,ipshita.23bcy10325@vitbhopal.ac.in
n.nverma3636@gmail.com,-,-,N1B2X6N6,-
amankumarsingh32007@gmail.com,AMAN KUMAR SINGH,23BCG10104,I1A7X4Q4,aman.23bcg10104@vitbhopal.ac.in
gauthamsuresh36@gmail.com,Gautham Suresh,23BCG10022,I4X4N6T7,gautham.23bcg10022@vitbhopal.ac.in
abhineetsharmaofficial@gmail.com,Abhineet Sharma,23BCE10144,Z1Z7P5H7,abhineet.23bce10144@vitbhopal.ac.in
aishnaagupta16@gmail.com,Aishnaa Gupta,23BCE11245,K5Y7O9B0,aishnaa.23bce11245@vitbhopal.ac.in
anikatiwari023@gmail.com,-,-,V4S9J6N6,-
anujrai814@gmail.com,Anuj Rai,23BCE10476,X9L9P7X7,anuj.23bce10476@vitbhopal.ac.in
anwesaray7@gmail.com,Anwesa Ray,23BCE10349,R5H1X6F9,anwesa.23bce10349@vitbhopal.ac.in
arnavsh015@gmail.com,Arnav Sharma,23BCE11186,A4D7E6U8,arnav.23bce11186@vitbhopal.ac.in
ayantiwariayan@gmail.com,Ayan Tiwari,23BCE11580,Z6W7E0G3,ayan.23bce11580@vitbhopal.ac.in
bhavya0toinf@gmail.com,Bhavya Katiyar,23BCE11232,B6L3B4V2,bhavya.23bce11232@vitbhopal.ac.in
diyamittal5113@gmail.com,Diya Mittal,23BCE10486,K1Z9C6Y0,diya.23bce10486@vitbhopal.ac.in
jiyakathuria2512@gmail.com,Jiya Kathuria,23BCE11153,C5S6U7V0,jiya.23bce11153@vitbhopal.ac.in
kartikay.goel02@gmail.com,Kartikay Goel,23BCE10326,I1B2D9M1,kartikay.23bce10326@vitbhopal.ac.in
kousumimondal2004@gmail.com,Kousumi Mondal,23BCE11147,L4K9G7R6,kousumi.23bce11147@vitbhopal.ac.in
kr2mikado@gmail.com,KALPAANG SEN,23BCE11249,X5E0E2E6,kalpaang.23bce11249@vitbhopal.ac.in
maanasbrahme@gmail.com,Maanas Brahme,23BCE10567,I0F3R3C7,maanas.23bce10567@vitbhopal.ac.in
om.fulsundar.7370@gmail.com,Om Fulsundar,23BCE10625,X5Y3U6T0,sachin.23bce10625@vitbhopal.ac.in
omjaiswal8788@gmail.com,-,-,F4S8M2S6,-
rakshitpandey1806@gmail.com,Rakshit Pandey,23BCE11664,N3J9I8N5,rakshit.23bce11664@vitbhopal.ac.in
ritikatyagi0501@gmail.com,Ritika Tyagi,23BCE11115,N6P2N3Q7,ritika.23bce11115@vitbhopal.ac.in
saurabh.nayla@gmail.com,Saurabh Sharma,23BCE10992,R5T3Y7K5,saurabh.23bce10992@vitbhopal.ac.in
shauryabhadoria025@gmail.com,Shaurya Bhadoria,23BCE10918,M6A1R9C6,shaurya.23bce10918@vitbhopal.ac.in
siyabojewar95@gmail.com,Siya Bojewar,23BCE11734,V2F1Q0V9,siya.23bce11734@vitbhopal.ac.in
snehalgarg05@gmail.com,Snehal Garg,23BCE10248,U6H2X4U4,snehal.23bce10248@vitbhopal.ac.in
suyashsrivastava063@gmail.com,Suyash Srivastava,23BCE10449,J5V8N4J5,suyash.23bce10449@vitbhopal.ac.in
tripathinikhilranjan@gmail.com,Nikhil Tripathi,23BCE10262,V4H3L3P5,nikhil.23bce10262@vitbhopal.ac.in
vaishnavigupta1812@gmail.com,Vaishnavi Gupta,23BCE11253,D4I6N7M7,vaishnavi.23bce11253@vitbhopal.ac.in
aarya.shrivaastava1026@gmail.com,Aarya Shrivaastava,23BCE10728,K5C6V7W9,aarya.23bce10728@vitbhopal.ac.in
abhaykumarss9110@gmail.com,Abhay Kumar Singh,23BCE10795,R5X9L2B5,abhay.23bce10795@vitbhopal.ac.in
vch8874@gmail.com,VIKAS CHAUHAN,23bai10864,X4J6Z3C0,vikas.23bai10864@vitbhopal.ac.in
vermaastha929@gmail.com,Aastha Verma,23BAI11213,N3M1G3T0,aastha.23bai11213@vitbhopal.ac.in
aanajain577@gmail.com,Aana Jain,23BAI10707,O4A8R1X2,aana.23bai10707@vitbhopal.ac.in
aasthanagar2305@gmail.com,Aastha Nagar,23BAI11205,Y1Z7M4E3,aastha.23bai11205@vitbhopal.ac.in
abhinavcandilyadbg@gmail.com,Abhinav Jha,23BAI10261,P3L0R9T8,abhinav.23bai10261@vitbhopal.ac.in
aggarwal.tanush1208@gmail.com,Tanush Aggarwal,23BAI10320,G5E8K4J9,tanush.23bai10320@vitbhopal.ac.in
anshukumar01687@gmail.com,Anshu Kumar,23BAI10519,H9D9C8F9,anshu.23bai10519@vitbhopal.ac.in
choudharydhruv752@gmail.com,Dhruv Choudhary,23BAI10438,Y6A5M8B7,dhruv.23bai10438@vitbhopal.ac.in
dharadesh12345@gmail.com,DHARA DESHMUKH,23BAI10918,N1H3K1T6,deshmukh.23bai10918@vitbhopal.ac.in
e20051001rs@gmail.com,Eshika Ranjan Singh,23BAI10548,Y2Y7V0E4,eshika.23bai10548@vitbhopal.ac.in
impankajshukla07@gmail.com,Pankaj Shukla,23bai10047,P1U2T5R9,pankaj.23bai10047@vitbhopal.ac.in
jayjeswani4501@gmail.com,Jay Jeswani,23BAI10422,K3J3K5U2,jay.23bai10422@vitbhopal.ac.in
jha.sagunishan@gmail.com,Sagun Ishan Jha,23BAI10958,O2Q2E0I4,sagun.23bai10958@vitbhopal.ac.in
khandelwalmanya8@gmail.com,manya khandelwal,23BAI10151,A1W6U5Y9,manya.23bai10151@vitbhopal.ac.in
kirtankumarpatel0624@gmail.com,Kirtan Patel,23BAI10610,T2Z8Y2D2,kirtan.23bai10610@vitbhopal.ac.in
luvkushsingh03@gmail.com,LUVKUSH SINGH,23BAI11229,C4Z7Q9Q4,luvkush.23bai11229@vitbhopal.ac.in
rishitaggarwal2005@gmail.com,Rishit Aggarwal,23BAI10329,C1F8X7K5,rishit.23bai10329@vitbhopal.ac.in
shashwatpratapsinghh@gmail.com,Shashwat Pratap Singh,23BAI11174,S4Z5F7U9,shashwat.23bai11174@vitbhopal.ac.in
somyasinghmalik@gmail.com,Somya Malik,23BAI10044,N5A1V0A1,somya.23bai10044@vitbhopal.ac.in
sprachi294@gmail.com,Prachi Singh,23BAI11313,Q1P7I9V6,prachi.23bai11313@vitbhopal.ac.in
sudanaditya19@gmail.com,Aditya Sudan,23BAI10232,B2F0U7Y0,aditya.23bai10232@vitbhopal.ac.in
tushartiwari91410@gmail.com,TUSHAR TIWARI,23BAI10551,K6B8F5K0,tushar.23bai10551@vitbhopal.ac.in
nandak2795@gmail.com,Nanda K,23BAI11009,W3C4U0X7,nanda.23bai11009@vitbhopal.ac.in
preetikaanjana@gmail.com,Preetika Anjana,23BCE10789,N3F6E8N5,preetika.23bce10789@vitbhopal.ac.in
dagronthunder@gmail.com,Priyanshu Yadav,23BAI10663,X4Y4S6U6,priyanshu.23bai10663@vitbhopal.ac.in
nehachandwani799@gmail.com,Neha Chandwani,23BCE11809,Q1G0E5N3,neha.23bce11809@vitbhopal.ac.in
abhyudayrastogi28@gmail.com,Abhyuday Rastogi,23BCE11007,T3D7V9L3,abhyuday.23bce11007@vitbhopal.ac.in
niranjankritika23@gmail.com,KRITIKA NIRANJAN DANGI,23BCE10128,M2T4P7A7,kritika.23bce10128@vitbhopal.ac.in
hr202458@gmail.com,Harsh Harsh,23BCE11212,Y3U4G6K9,harsh.23bce11212@vitbhopal.ac.in
a.pandeyj28@gmail.com,Anshuman Pandey,23BAI10208,D2S4L6S8,anshuman.23bai10208@vitbhopal.ac.in
mrrajsen2july@gmail.com,Raj Sen,23BCY10305,S6Y3G9I4,raj.23bcy10305@vitbhopal.ac.in
chesssynid@gmail.com,Kanishk Sharma,23BCE10560,O4M8T3N6,kanishk.23bce10560@vitbhopal.ac.in
payoshneejoshi@gmail.com,Payoshnee Joshi,23BSA10187,W6P0R6G6,payoshnee.23bsa10187@vitbhopal.ac.in
ashish138169@gmail.com,Ashish Ranjan,23BAI10532,P4V4K5B7,ashish.23bai10532@vitbhopal.ac.in
gagupta2005@gmail.com,Gaurang Gupta,23BME10013,D2M5V6M0,gaurang.23bme10013@vitbhopal.ac.in
nalin.jn81@gmail.com,Nalin Jain,23BME10005,G5S8X8W3,nalin.23bme10005@vitbhopal.ac.in
nirajloy@gmail.com,Niraj Smiti Ranjan Roy,23BME10009,Y1B1Z3J0,niraj.23bme10009@vitbhopal.ac.in
tomarsachin3005@gmail.com,Sachin Tomar,23BME10007,I4E1F9W9,sachin.23bme10007@vitbhopal.ac.in
vinaygore511@gmail.com,Vinay Gore,23BSA10003,A1O4V2E1,vinay.23bsa10003@vitbhopal.ac.in
vishalsoni6350@gmail.com,Vishal Soni,23BSA10032,C5J8P4Y1,vishal.23bsa10032@vitbhopal.ac.in
vyahruthi.goturu0306@gmail.com,Vyahruthi Goturu,23BSA10134,P7J4A6G4,vyahruthi.23bsa10134@vitbhopal.ac.in
work.manas55@gmail.com,Manas Awasthi,23BSA10061,W3E6O4R4,manas.23bsa10061@vitbhopal.ac.in
work.yeshuagarwal@gmail.com,Yeshu Agarwal,23BSA10018,Y4O1I2T0,yeshu.23bsa10018@vitbhopal.ac.in
workwithyash19@gmail.com,Yashveer Rai,23BSA10120,A1G6R2J7,yashveer.23bsa10120@vitbhopal.ac.in
yashrakaa@gmail.com,Yash Raka,23BSA10036,A5N3I3C0,yash.23bsa10036@vitbhopal.ac.in
yugkochar21@gmail.com,Yug Kochar,23BSA10089,V5B2E1R0,yug.23bsa10089@vitbhopal.ac.in
omkarmahesh12345@gmail.com,Omkar Mahesh,23BSA10083,N1H2R6B9,omkar.23bsa10083@vitbhopal.ac.in
p9958536954@gmail.com,Priyanshu kumar,23BSA10050,B6U7S3C7,priyanshu.23bsa10050@vitbhopal.ac.in
pal082960@gmail.com,Aman Pal,23BSA10007,J3G4Q0S4,aman.23bsa10007@vitbhopal.ac.in
payoshnee.23bsa10187@gmail.com,-,-,H7A2R4I1,-
piyushanshu10@gmail.com,Piyush Raj,23BSA10184,I3V3B6I2,piyush.23bsa10184@vitbhopal.ac.in
prajjwal.shukla14141@gmail.com,Prajjwal Shukla,23BSA10197,M6S0A5C9,prajjwal.23bsa10197@vitbhopal.ac.in
prathvirajsinghrathod410@gmail.com,Prathvi Raj Singh Rathod,23BSA10100,Z4V9I4B5,prathvi.23bsa10100@vitbhopal.ac.in
praveenuppar718@gmail.com,Praveen Uppar,23BSA10054,Z2V8A5O8,praveen.23bsa10054@vitbhopal.ac.in
raisaksham204@gmail.com,Saksham Rai,23BSA10055,H6R6Q2M3,saksham.23bsa10055@vitbhopal.ac.in
rajalok10375@gmail.com,Alok raj,23BSA10024,S1A3Q2A8,alok.23bsa10024@vitbhopal.ac.in
rajvivek22102004@gmail.com,Vivek Raj Singh,23BSA10014,W2L0W0C8,vivek.23bsa10014@vitbhopal.ac.in
riyansh.kul@gmail.com,Riyansh Kumar,23BSA10136,K3R3D6I8,riyansh.23bsa10136@vitbhopal.ac.in
sahushashwat416@gmail.com,Aadya Sahu,23bsa10016,Q5N6N1Y6,aadya.23bsa10016@vitbhopal.ac.in
samarthtiwarij16@gmail.com,Samarth Tiwari,23BSA10141,N3C2J2H1,samarth.23bsa10141@vitbhopal.ac.in
sanchari.mahanti@gmail.com,Sanchari Mahanti,23BSA10045,N2I1K2E2,sanchari.23bsa10045@vitbhopal.ac.in
sarahtthomas29@gmail.com,Sarah Thomas,23BSA10160,I1V4P7O1,sarah.23bsa10160@vitbhopal.ac.in
sarthakchaurasia44@gmail.com,SARTHAK CHAURASIA,23BSA10099,K4S0U8L3,sarthak.23bsa10099@vitbhopal.ac.in
sarthakjalan06@gmail.com,Sarthak Jalan,23BSA10058,Q2D7V1C1,sarthak.23bsa10058@vitbhopal.ac.in
shikhargupta942@gmail.com,Shikhar Gupta,23BSA10035,K4O9S4L6,shikhar.23bsa10035@vitbhopal.ac.in
shreenamanik13@gmail.com,Shreena Mani,23BSA10066,M4G6E7J3,mani.23bsa10066@vitbhopal.ac.in
shrutijain23705@gmail.com,Shruti Jain,23BSA10074,T4R3H1B1,shruti.23bsa10074@vitbhopal.ac.in
shubhamkumaryadav55na@gmail.com,Shubham Yadav,23BSA10164,B6A7K7J5,shubham.23bsa10164@vitbhopal.ac.in
siddhesh111avhad@gmail.com,Siddhesh Avhad,23BSA10048,Y3J3H2L6,siddhesh.23bsa10048@vitbhopal.ac.in
soodakshita797@gmail.com,Akshita Sood,23BSA10169,L5T3G1I8,akshita.23bsa10169@vitbhopal.ac.in
soumyagupta.professional@gmail.com,Soumya Gupta,23BSA10172,G4G3H6I2,soumya.23bsa10172@vitbhopal.ac.in
suhanimalani9@gmail.com,Suhani Malani,23BSA10026,I5C8E5R0,suhani.23bsa10026@vitbhopal.ac.in
tushar.matey7017@gmail.com,Tushar Sharad Matey,23BSA10034,U1H9V3N8,tushar.23bsa10034@vitbhopal.ac.in
vaibhveeprakash25@gmail.com,Vaibhvee Prakash,23BSA10137,K4L6P3E8,vaibhvee.23bsa10137@vitbhopal.ac.in
vaishnaviparashar1465@gmail.com,Vaishnavi Parashar,23BSA10022,L1F1J3R1,vaishnavi.23bsa10022@vitbhopal.ac.in
vedant02ms@gmail.com,Vedant Tendulkar,23BSA10114,L5G3Z0J8,vedant.23bsa10114@vitbhopal.ac.in
vidhanbolt@gmail.com,Vidhan Gupta,23BSA10043,Z2P4M4L5,vidhan.23bsa10043@vitbhopal.ac.in
adityakulkarn529@gmail.com,Aditya Kulkarni,23BSA10171,F4S2B2L6,aditya.23bsa10171@vitbhopal.ac.in
agrawalashly@gmail.com,Ashly Agrawal,23BSA10117,E1O2F1L1,ashly.23bsa10117@vitbhopal.ac.in
aksharabhargava6@gmail.com,Akshara Bhargava,23BSA10078,W2C0G7O4,akshara.23bsa10078@vitbhopal.ac.in
alanpramod11@gmail.com,Alan Pramod,23BSA10149,Z4C3U1I5,alan.23bsa10149@vitbhopal.ac.in
amarjitpaulpvm@gmail.com,Amarjit Paul,23BSA10138,S4M1Y9E9,amarjit.23bsa10138@vitbhopal.ac.in
anandvyas0707@gmail.com,Anand Vyas,23BSA10167,R4V8P9B6,anand.23bsa10167@vitbhopal.ac.in
anshulbari9@gmail.com,Anshul Bari,23BSA10011,X3D3Y6Y0,anshul.23bsa10011@vitbhopal.ac.in
anushkajha1505@gmail.com,-,-,Z4W5G7L0,-
anushreedixitjyoti@gmail.com,Anushree Dixit,23BSA10029,M4T4D0O7,anushree.23bsa10029@vitbhopal.ac.in
apoorv.singh2421@gmail.com,Apoorv Kumar Singh,23BSA10060,L1I4P4A1,apoorv.23bsa10060@vitbhopal.ac.in
apurwasharma147@gmail.com,Apurwa Sharma,23BSA10206,U5X8B0O4,apurwa.23bsa10206@vitbhopal.ac.in
arpgup22@gmail.com,Arpita Gupta,23BSA10118,G2K8M9L8,arpita.23bsa10118@vitbhopal.ac.in
aryanwarekar101@gmail.com,ARYAN WAREKAR,23BSA10030,X3K3J1A5,aryan.23bsa10030@vitbhopal.ac.in
ashleshakamal@gmail.com,Ashlesha Kamal,23BSA10207,V4Z5F2W0,ashlesha.23bsa10207@vitbhopal.ac.in
ashwinrajan123123@gmail.com,Ashwin Rajan R,23bsa10102,S5H6S9G5,ashwinrajan.23bsa10102@vitbhopal.ac.in
atharvabhati2005@gmail.com,-,-,R4J3H4Y0,-
athupatil29@gmail.com,Atharv Patil,23BSA10028,W5O0R3U2,patil.23bsa10028@vitbhopal.ac.in
devanshsoni1909@gmail.com,Devansh Soni,23BSA10199,D4S9O2L9,devansh.23bsa10199@vitbhopal.ac.in
devkrrastogi@gmail.com,Dev Kumar Rastogi,23BSA10189,X3K6R6D9,dev.23bsa10189@vitbhopal.ac.in
er.rajshubham@gmail.com,Shubham Raj,23BSA10027,K2U2G6B4,shubham.23bsa10027@vitbhopal.ac.in
gairolakartikey6@gmail.com,Kartikey Gairola,23BSA10192,E2L1G5C6,kartikey.23bsa10192@vitbhopal.ac.in
gnair2805@gmail.com,Gauri Nandana Nair,23BSA10079,E5A2O6O3,gauri.23bsa10079@vitbhopal.ac.in
harshshivam1271c@gmail.com,Harsh Kumar Nimesh,23BSA10039,T2X8L4K8,harsh.23bsa10039@vitbhopal.ac.in
iram.khan7321@gmail.com,Iram Khan,23BSA10150,X5T0F4D1,iram.23bsa10150@vitbhopal.ac.in
jainansh0605@gmail.com,Ansh Jain,23BSA10040,M3L0O4Q8,ansh.23bsa10040@vitbhopal.ac.in
jainmayukh@gmail.com,Mayukh Jain,23BSA10198,I1G2J4R4,mayukh.23bsa10198@vitbhopal.ac.in
jaisshresth143@gmail.com,Shresth Jaiswal,23BSA10090,S2N5N2P8,shresth.23bsa10090@vitbhopal.ac.in
kanishkaa182@gmail.com,Kanishka Agrawal,23BSA10095,F6N4O7J4,kanishka.23bsa10095@vitbhopal.ac.in
kartikeybisht.kb2011@gmail.com,Kartikey Bisht,23BSA10082,U4A5Z0U5,kartikey.23bsa10082@vitbhopal.ac.in
kashyap.aryan.2517@gmail.com,Kumar Aryan,23BSA10005,R4Q2M5S8,kumar.23bsa10005@vitbhopal.ac.in
krishna00843@gmail.com,Krishna Kumar,23BSA10191,P4Y6L9R2,krishna.23bsa10191@vitbhopal.ac.in
krishnaraj22012005@gmail.com,Krishnaraj Singh Thakur,23BSA10194,Z5Q5L6J8,krishnaraj.23bsa10194@vitbhopal.ac.in
kuldeepdhangad@gmail.com,Kuldeep Dhangad,23BSA10129,G4C9T9H6,kuldeep.23bsa10129@vitbhopal.ac.in
kumarsinghaditya240@gmail.com,Aditya Kumar,23BSA10188,D6Q4C6L7,aditya.23bsa10188@vitbhopal.ac.in
mananjadam33@gmail.com,manan jadam,23BSA10068,B6S1T9A9,manan.23bsa10068@vitbhopal.ac.in
mannayush60@gmail.com,Ayush Mann,23BSA10076,G2O3W6U7,ayush.23bsa10076@vitbhopal.ac.in
md.awaiskhan027@gmail.com,Awais Khan,23BSA10157,G5W6U3Y8,awais.23bsa10157@vitbhopal.ac.in
meetsharma572@gmail.com,MEET SHARMA,23BSA10063,F3B1M7B2,meet.23bsa10063@vitbhopal.ac.in
mittalaryan1110@gmail.com,Aryan Aryan,23BSA10041,F2B4J2V1,aryan.23bsa10041@vitbhopal.ac.in
mohapatranirjhala@gmail.com,Nirjhala Mohapatra,23BSA10052,J3H9S7V5,nirjhala.23bsa10052@vitbhopal.ac.in
nakshtrajain25@gmail.com,NAKSHATRA JAIN,23BSA10057,G3U2E7M3,nakshatra.23bsa10057@vitbhopal.ac.in
neelbera1107@gmail.com,Neel Bera,23BSA10008,X4W9F1L3,bera.23bsa10008@vitbhopal.ac.in
nishita4098@gmail.com,Nishita Gupta,23BSA10081,A2J1O8P7,nishita.23bsa10081@vitbhopal.ac.in
aaditya.saxena.1357@gmail.com,Aaditya Saxena,23BSA10182,D1T9D9S5,aaditya.23bsa10182@vitbhopal.ac.in
aaravsingh3262@gmail.com,Aarav Singh,23BSA10098,Q4P7C6T4,aarav.23bsa10098@vitbhopal.ac.in
aarushisharma690@gmail.com,Aarushi Sharma,23BSA10110,Y3C8H3F1,aarushi.23bsa10110@vitbhopal.ac.in
amoghwagh1705@gmail.com,-,-,V1A5Z8V0,-
prateekftp342@gmail.com,Prateek Singh,23BAS10082,P1T4H8Z7,Prateek.23bas10082@vitbhopal.ac.in
vermariya1880@gmail.com,RIYA VERMA,23BAS10108,C6C6J7R4,riya.23bas10108@vitbhopal.ac.in
zulusharma020700@gmail.com,-,-,O3H3I4M6,-
chatterjeesayani260@gmail.com,Sayani Chatterjee,23BOE10042,V5M6G9W1,sayani.23boe10042@vitbhopal.ac.in
divyanshimohanty4@gmail.com,Divyanshi Mohanty,23BOE10078,M5Z3D4Z0,divyanshi.23boe10078@vitbhopal.ac.in
goraanushka123@gmail.com,Anushka Gora,23BOE10072,Y1S7R8P3,anushka.23boe10072@vitbhopal.ac.in
neerja.namrata@gmail.com,Namrata Vishwakarma,23BOE10087,R2B0A1W7,namrata.23boe10087@vitbhopal.ac.in
shreya.gp6@gmail.com,Shreya Gupta,23BOE10022,H1R8C2Z7,shreya.23boe10022@vitbhopal.ac.in
sofiyachavarekar@gmail.com,Sofiya Chavarekar,23BOE10086,R5Z3D5B8,sofiya.23boe10086@vitbhopal.ac.in
tiwaribandna332@gmail.com,Ayush Tiwari,23BOE10128,I3T9V1O6,ayush.23boe10128@vitbhopal.ac.in
anshikadebroy.work@gmail.com,Anshika Debroy,23BMR10019,N2V6A1G8,anshika.23bmr10019@vitbhopal.ac.in
nabh855@gmail.com,-,-,F4P3K4A4,-
sonal958dhurwe@gmail.com,Sonal Suresh Dhurwe,23BMR10013,Y4K2U5X4,sonal.23bmr10013@vitbhopal.ac.in
panwar.milank4@gmail.com,Milan Panwar,23BEY10055,D2I2S8B4,milan.23bey10055@vitbhopal.ac.in
prashant99gaurav@gmail.com,Prashant Vishwakarma,23BEY10027,V5I9V7A7,prashant.23bey10027@vitbhopal.ac.in
rishitiwariofficial@gmail.com,Tushit Tiwari,23BEY10049,T3F9E3G6,tushit.23bey10049@vitbhopal.ac.in
ritu.23bey10050@gmail.com,Ritu Raj Singh,23BEY10050,Z3M2B2Y0,ritu.23bey10050@vitbhopal.ac.in
riyuatvit@gmail.com,Riya Chaubey,23BEY10020,J2F0L4J8,riya.23bey10020@vitbhopal.ac.in
samriddhithakur7777@gmail.com,Samriddhi Thakur,23BEY10019,H3S6W2K3,samriddhi.23bey10019@vitbhopal.ac.in
vaibhavbhatt15062005@gmail.com,vaibhav bhatt,23BEY10081,K5G0Q7M9,vaibhav.23bey10081@vitbhopal.ac.in
vinayaksharma1809@gmail.com,Vinayak Sharma,23BEY10021,B8Q6R5Z7,vinayak.23bey10021@vitbhopal.ac.in
aasthak7501@gmail.com,Aastha Kumari,23BEY10088,K2D4U9S3,aastha.23bey10088@vitbhopal.ac.in
abhisheksipun5@gmail.com,Abhishek Pradhan,23BEY10025,P2X7M1N0,abhishek.23bey10025@vitbhopal.ac.in
aditiverma2805@gmail.com,Aditi Verma,23BEY10006,T4L9I6Q2,aditi.23bey10006@vitbhopal.ac.in
anshikashukla10oct2003@gmail.com,Anshika Shukla,23BEY10056,I3D9C7O9,Anshika.23bey10056@vitbhopal.ac.in
anshikasre16@gmail.com,Anshika Mittal,23BEY10039,E4C5Q3G4,anshika.23bey10039@vitbhopal.ac.in
anshulrastogi08@gmail.com,Anshul Rastogi,23BEY10069,X4L4F3Y8,anshul.23bey10069@vitbhopal.ac.in
anshumankashyap158@gmail.com,Anshuman Kashyap,23BEY10083,S4G1R3G9,anshuman.23bey10083@vitbhopal.ac.in
bhaskarojha2426@gmail.com,Bhaskar Ojha,23BEY10012,Q3M7J9P3,bhaskar.23bey10012@vitbhopal.ac.in
dikagra123@gmail.com,DIKSHA AGRAWAL,23BEY10036,Q3O6B3G5,diksha.23bey10036@vitbhopal.ac.in
franckymishra465@gmail.com,Francky Mishra,23BEY10013,K1F6N4O3,francky.23bey10013@vitbhopal.ac.in
gk8499321@gmail.com,Gaurav Kumar,23BEY10041,K8P3X4L0,gaurav.23bey10041@vitbhopal.ac.in
gourisaxena402@gmail.com,Gouri saxena,23BEY10087,R4U3M9N4,gouri.23bey10087@vitbhopal.ac.in
gvpranav06@gmail.com,G V Pranav Sharma,23BEY10032,L4M9T0V5,pranav.23bey10032@vitbhopal.ac.in
hemanthsaravanan1405@gmail.com,-,-,T4V5H9K0,-
jmridul04@gmail.com,Mridul Jain,23BEY10031,V3F8I5L8,mridul.23bey10031@vitbhopal.ac.in
krishnaganesh392@gmail.com,-,-,T2N4J8B2,-
kuchiyaram03@gmail.com,Ram Kuchiya,23BEY10077,R2I0K2V4,ramkuchiya.23bey10077@vitbhopal.ac.in
madhu20210195@gmail.com,Madhura meenakshi Chettukunta,23BEY10070,J1D4U6R5,madhura.23bey10070@vitbhopal.ac.in
mandira15092005@gmail.com,Mandira Singh,23BEY10051,K5H4R9D4,mandira.23bey10051@vitbhopal.ac.in
ombilaiya01@gmail.com,Om Bilaiya,23BEY10008,T4V9I9T8,bilaiya.23bey10008@vitbhopal.ac.in
p.rakshitha11@gmail.com,P Rakshitha,23BEY10014,E2F3K6G0,rakshitha.23bey10014@vitbhopal.ac.in
pandeyadi2003@gmail.com,Aditya Pandey,23BEY10054,R3F1B3J8,aditya.23bey10054@vitbhopal.ac.in
arshhhhh20@gmail.com,Arsh Ansari,23BCG10032,Q3F9Q7G3,arsh.23bcg10032@vitbhopal.ac.in
ayushmandas.dudul@gmail.com,Ayushman Das,23BCG10002,Z3G8O5Y1,ayushman.23bcg10002@vitbhopal.ac.in
ayushrnc04@gmail.com,Kumar Ayush,23BCG10105,A1R0J2X5,kumar.23bcg10105@vitbhopal.ac.in
dhruvtuli8@gmail.com,Dhruv Tuli,23BCG10114,R2E4Q5A6,dhruv.23bcg10114@vitbhopal.ac.in
dibyanshgarg2710@gmail.com,Dibyansh Garg,23BCG10059,N5V7S6G6,dibyansh.23bcg10059@vitbhopal.ac.in
dishasha2004@gmail.com,Deeksha Sharma,23BCG10065,L3M9I0Q9,deeksha.23bcg10065@vitbhopal.ac.in
divyeshgaigol17@gmail.com,Divyesh Gaygol,23BCG10107,Q6O1P9M3,divyesh.23bcg10107@vitbhopal.ac.in
er.shivanshchauhan.c@gmail.com,Shivansh Chauhan,23BCG10081,M2N7O1Y1,shivansh.23bcg10081@vitbhopal.ac.in
goswamik752@gmail.com,Kunal Kumar,23BCG10101,F1G3L8K8,kunal.23bcg10101@vitbhopal.ac.in
hiteshkumar91665@gmail.com,HITESH KUMAR,23BCG10025,O4C0C9Z1,hitesh.23bcg10025@vitbhopal.ac.in
hrajratansingh@gmail.com,Harshit Raj Ratan Singh,23BCG10017,C6R8E3V5,harshit.23bcg10017@vitbhopal.ac.in
jagadeeshchappa62@gmail.com,Chappa Jagadeesh,23BCG10013,P2W5B4Y6,jagadeesh.23bcg10013@vitbhopal.ac.in
janmajaysahani@gmail.com,Janmajay Sahani,23BCG10115,N1I9B6E5,janmajay.23bcg10115@vitbhopal.ac.in
mangtanirama14@gmail.com,Rama Mangtani,23BCG10042,L4B2U3G5,rama.23bcg10042@vitbhopal.ac.in
mohd.ayaz.khan321@gmail.com,Mohd Ayaz Khan,23BCG10134,Q4N0N0G4,mohd.23bcg10134@vitbhopal.ac.in
niharikathakur2005@gmail.com,Niharika Thakur,23BCG10061,J7O4Q9Z8,niharika.23bcg10061@vitbhopal.ac.in
paurushnimje18@gmail.com,Paurush Nimje,23BCG10085,V1S7Q6Z6,paurush.23bcg10085@vitbhopal.ac.in
prakamya26112005@gmail.com,Prakamya Srivastav,23BCG10118,P6K2U3G3,prakamya.23bcg10118@vitbhopal.ac.in
prateekvashishtha6@gmail.com,Prateek Vashishtha,23BCG10010,X1T3Y6T3,prateek.23bcg10010@vitbhopal.ac.in
pratyush5896@gmail.com,Rishit Singh,23BCG10008,A6U5C0G7,rishit.23bcg10008@vitbhopal.ac.in
prithvikrishna1610@gmail.com,PRITHVI NARAYAN SINGH,23BCG10026,Q7F0O6G4,prithvi.23bcg10026@vitbhopal.ac.in
priyanksolanki9853@gmail.com,Priyank Solanki,23BCG10053,A8C2O2S3,priyank.23bcg10053@vitbhopal.ac.in
rathilavkeshshruti@gmail.com,Shruti Rathi,23BCG10099,M2P7F9X6,shruti.23bcg10099@vitbhopal.ac.in
rid.agni@gmail.com,Riddhi Agnihotri,23BCG10020,Y1U5V1C1,riddhi.23bcg10020@vitbhopal.ac.in
rp.riyapatel20@gmail.com,Riya Patel,23BCG10080,W1X1J2M9,riya.23bcg10080@vitbhopal.ac.in
ruchikashekokar@gmail.com,Ruchika Shekokar,23BCG10108,R2R4G5J9,ruchika.23bcg10108@vitbhopal.ac.in
sakshishaw2004@gmail.com,Sakshi Shaw,23BCG10019,C2K7J6Y1,sakshi.23bcg10019@vitbhopal.ac.in
saxenaashmit85@gmail.com,Ashmit Saxena,23BCG10023,F2Y6Y2J5,ashmit.23bcg10023@vitbhopal.ac.in
shivakantkurmi49@gmail.com,Shivakant Kurmi,23BCG10140,N7M0J0R9,shivkant.23bcg10140@vitbhopal.ac.in
shivasinghrajput2004@gmail.com,Shiva Singh,23BCG10041,G4P9X4O4,shiva.23bcg10041@vitbhopal.ac.in
shubham170905@gmail.com,Shubham Shubham,23BCG10021,V5R0T6J0,shubham.23bcg10021@vitbhopal.ac.in
shukla.shlok9455@gmail.com,Shlok Shukla,23BCG10094,C5K4U7Z3,shlok.23bcg10094@vitbhopal.ac.in
aaryanshrl2005@gmail.com,Aaryan Shrivastava,23BCG10009,J3M2O6Y7,aaryan.23bcg10009@vitbhopal.ac.in
aayushsingh242004@gmail.com,Aayush Kumar Singh,23BCG10098,W4N4K3F2,aayush.23bcg10098@vitbhopal.ac.in
abhinav.ajay03@gmail.com,Abhinav Jain,23BCG10130,X4Q6R7U6,abhinav.23bcg10130@vitbhopal.ac.in
aditya.ahuja0207@gmail.com,Aditya Ahuja,23BCG10109,M3Q7F4W5,aditya.23bcg10109@vitbhopal.ac.in
amankrsingh7079@gmail.com,Aman kumar Singh,23BCG10057,J1O3E6D2,aman.23bcg10057@vitbhopal.ac.in
anuradha110104@gmail.com,Anuradha Kumari,23BCG10043,F6K2R5T8,anuradha.23bcg10043@vitbhopal.ac.in
aribaharmin@gmail.com,Aribah Armin,23BCG10044,W5Z2F6W1,aribah.23bcg10044@vitbhopal.ac.in
anamikarajawat82@gmail.com,Anamika Rajawat,23BET10009,N1Z9Z7G9,anamika.23bet10009@vitbhopal.ac.in
anshlachhwani27@gmail.com,Ansh Lachhwani,23BET10008,Q5K8L9J5,ansh.23bet10008@vitbhopal.ac.in
arynkr07@gmail.com,Aryan Kumar,23BET10019,T3Z2K9R1,aryan.23bet10019@vitbhopal.ac.in
bhartenduraj22@gmail.com,Bhartendu Raj,23BET10038,D1O8I3T6,bhartendu.23bet10038@vitbhopal.ac.in
hi.kulmeet@gmail.com,Kulmeet Singh Makkar,23BET10047,F1J8H4W9,kulmeet.23bet10047@vitbhopal.ac.in
nehalyadav2105@gmail.com,Nehal Yadav,23BET10030,N2J8C5G2,nehal.23bet10030@vitbhopal.ac.in
ritikakushwaha62@gmail.com,Ritika Kushwaha,23BET10018,D3R3H6P5,ritika.23bet10018@vitbhopal.ac.in
vanshullalwani43@gmail.com,Vanshul Lalwani,23BET10023,V1E6E0B8,vanshul.23bet10023@vitbhopal.ac.in
aditilande02@gmail.com,Aditi Lande,23BET10035,E1B2H7P7,aditi.23bet10035@vitbhopal.ac.in
viraj.gholap712@gmail.com,Viraj Gholap,23BHI10078,E5N4K9T4,viraj.23bhi10078@vitbhopal.ac.in
vishaldolasia@gmail.com,VISHAL DOLASIA,23BHI10079,B2R3X1Q0,vishal.23bhi10079@vitbhopal.ac.in
vishwajeetpisaldeshmukh17@gmail.com,Vishwajeet Deshmukh,23BHI10085,M5D8A8C6,vishwajeet.23bhi10085@vitbhopal.ac.in
work.abhishekkr@gmail.com,Abhishek Kumar,23BHI10052,H6Q7O2K1,abhishek.23bhi10052@vitbhopal.ac.in
work.vishalojha@gmail.com,Vishal Ojha,23BHI10067,P1H3U9V6,Vishal.23bhi10067@vitbhopal.ac.in
aurko789chatterjee@gmail.com,Aurko Chatterjee,23BHI10074,N4K1X1U5,aurko.23bhi10074@vitbhopal.ac.in
ayushiparida2004@gmail.com,AYUSI PARIDA,23BHI10004,F1C6R0J9,ayusi.23bhi10004@vitbhopal.ac.in
bhattacharjeeanurag000@gmail.com,Anurag Bhattacharjee,23BHI10036,A5L3T2R5,anurag.23bhi10036@vitbhopal.ac.in
bhavit.arora0987@gmail.com,bhavit arora,23BHI10021,O7O2K5Q9,bhavit.23bhi10021@vitbhopal.ac.in
daisydeka91@gmail.com,Daisy Deka,23BHI10184,X4O8D9X7,daisy.23bhi10184@vitbhopal.ac.in
ghaziah.socials@gmail.com,Ghaziah Shoeb,23BHI10034,B4Z2I8L2,ghaziah.23bhi10034@vitbhopal.ac.in
gigi.gupta2205@gmail.com,Gauri Gupta,23BHI10001,X1Z2N0D6,gauri.23bhi10001@vitbhopal.ac.in
himaniisrivastava@gmail.com,Himani Shrivastava,23BHI10023,X4K2R4Y6,himani.23bhi10023@vitbhopal.ac.in
jaabirislam6@gmail.com,Md Jaabir Islam,23BHI10150,L5W4U9K9,jaabir.23bhi10150@vitbhopal.ac.in
jmanasvi2@gmail.com,manasvi joshi,23BHI10193,M6L9U5W0,manasvi.23bhi10193@vitbhopal.ac.in
krupaj2201@gmail.com,Krupa Joshi,23BHI10128,W2D0Z6F2,krupa.23bhi10128@vitbhopal.ac.in
maanavichawla33@gmail.com,Maanavi Chawla,23BHI10180,I4R4E3Y6,maanavi.23bhi10180@vitbhopal.ac.in
manjirigawali39@gmail.com,Manjiri Gawali,23BHI10020,K1P6P7O1,manjiri.23bhi10020@vitbhopal.ac.in
mansikaushik0705@gmail.com,Mansi Kaushik,23BHI10002,F3G3C4K0,mansi.23bhi10002@vitbhopal.ac.in
mknandhini2003@gmail.com,Nandhini M K,23BHI10176,T5Y2E8P4,nandhini.23bhi10176@vitbhopal.ac.in
mohanishpattanaik123@gmail.com,Mohanish Pattanaik,23BHI10049,F4A7B7B4,mohanish.23bhi10049@vitbhopal.ac.in
piyushb191@gmail.com,Piyush Bhatia,23BHI10111,X3E7C3Z4,piyush.23bhi10111@vitbhopal.ac.in
pranavvroyy@gmail.com,Pranav Roy,23BHI10046,H5Q9Z2Q5,pranav.23bhi10046@vitbhopal.ac.in
prashastiaries@gmail.com,Prashasti Satpathi,23BHI10059,Y3U3K7F5,prashasti.23bhi10059@vitbhopal.ac.in
prernasingh521@gmail.com,Prerna,23BHI10139,K5W2H2G3,prerna.23bhi10139@vitbhopal.ac.in
puranjaykapoor.work@gmail.com,Puranjay Kapoor,23BHI10003,N3A8Y9A5,puranjay.23bhi10003@vitbhopal.ac.in
rakendumanoj@gmail.com,Rakendu K M,23BHI10019,B1K5Q5I2,rakendu.23bhi10019@vitbhopal.ac.in
ranjanshreshtha27@gmail.com,Shreshtha Ranjan,23BHI10044,P1Z5A6D2,shreshtha.23bhi10044@vitbhopal.ac.in
reachnancysharma@gmail.com,Nancy Sharma,23BHI10194,U3W1L3D7,nancy.23bhi10194@vitbhopal.ac.in
richhariyayash45@gmail.com,Yash Richhariya,23BHI10126,O2C5B4J2,yash.23bhi10126@vitbhopal.ac.in
rishabhnayak0804@gmail.com,Rishabh Nayak,23BHI10166,I5K3O1I3,rishabh.23bhi10166@vitbhopal.ac.in
roy.shreya0298@gmail.com,Shreya Roy,23BHI10129,G5I2U1X9,shreya.23bhi10129@vitbhopal.ac.in
samyaksam331@gmail.com,samyak sahay,23BHI10115,O1X9B3P4,samyak.23bhi10115@vitbhopal.ac.in
saralsinghal2810@gmail.com,Saral Singhal,23BHI10123,V1T1M6L2,saral.23bhi10123@vitbhopal.ac.in
sawsaniya@gmail.com,Saniya Saw,23BHI10022,O3U0E4N5,saniya.23bhi10022@vitbhopal.ac.in
sg6401252@gmail.com,SUJAL GUPTA,23BHI10071,B3K9Q5I4,sujal.23bhi10071@vitbhopal.ac.in
shaswatamandal15@gmail.com,Shaswata Mandal,23BHI10018,B5V1M3A6,shaswata.23bhi10018@vitbhopal.ac.in
shreyasp0204@gmail.com,-,-,C3F0G0A2,-
shristijha538@gmail.com,Shristi Jha,23BHI10125,D1P4V9U7,shristi.23bhi10125@vitbhopal.ac.in
sonalikr1554@gmail.com,Sonali Kumari,23BHI10144,L4F5W8K8,sonali.23bhi10144@vitbhopal.ac.in
suhaniishita@gmail.com,Ishita .,23BHI10183,B9S3K2G8,ishita.23bhi10183@vitbhopal.ac.in
taralkarayushi06@gmail.com,Ayushi Taralkar,23BHI10057,J1E6L7J0,ayushi.23bhi10057@vitbhopal.ac.in
tveronica2006@gmail.com,-,-,U4O8Y7S0,-
vidhumenon007@gmail.com,Vidhu Vinod,23BHI10040,M4M5E1A0,vidhu.23bhi10040@vitbhopal.ac.in
844shwetaverma@gmail.com,Shweta Verma,23BHI10068,F2X8V1K0,shweta.23bhi10068@vitbhopal.ac.in
aadirarajeev@gmail.com,Aadira Rajeev,23BHI10136,P3X0U6M5,aadira.23bhi10136@vitbhopal.ac.in
aaryabajaj2004@gmail.com,Aarya Bajaj,23BHI10151,D9Q8S4E3,aarya.23bhi10151@vitbhopal.ac.in
abhidha2105@gmail.com,Abhidha Gupta,23BHI10060,Y2F4K1X1,abhidha.23bhi10060@vitbhopal.ac.in
aditi.shindadkar@gmail.com,Aditi Satish Shindadkar,23BHI10119,I3Q4S5V4,shindadkar.23bhi10119@vitbhopal.ac.in
aditijha.india@gmail.com,Aditi .,23BHI10121,I5S5L8N5,aditi.23bhi10121@vitbhopal.ac.in
aditisrivastava816@gmail.com,ADITI SRIVASTAVA,23BHI10054,D6D0S8X9,ADITISRIVASTAVA816@GMAIL.COM
akshayamurugan1012@gmail.com,Akshaya Murugan,23BHI10047,F2O9A7O4,akshaya.23bhi10047@vitbhopal.ac.in
albybenny310@gmail.com,Alby Benny,23BHI10149,V3X9K9L2,alby.23bhi10149@vitbhopal.ac.in
amritrajj461@gmail.com,Amrit raj,23BHI10192,R6S6K6D9,amrit.23bhi10192@vitbhopal.ac.in
ananya160303@gmail.com,Ananya Sinha,23BHI10109,V1P0V9T2,ananya.23bhi10109@vitbhopal.ac.in
anet2004davis@gmail.com,Anet Davis,23BHI10146,A5L6T3G5,anet.23bhi10146@vitbhopal.ac.in
ankitpattanaik7@gmail.com,Ankit Pattanaik,23BHI10069,K4H7U5Z7,ankit.23bhi10069@vitbhopal.ac.in
anoushkasharma091@gmail.com,ANOUSHKA SHARMA,23BHI10029,Y3L2C8G4,anoushka.23bhi10029@vitbhopal.ac.in
anubhabbhattacharjee07@gmail.com,Anubhab Bhattacharjee,23BHI10051,Z2V3Z3G7,anubhab.23bhi10051@vitbhopal.ac.in
anujarawat13@gmail.com,Anuja Rawat,23BHI10158,R4N2A3Q1,anuja.23bhi10158@vitbhopal.ac.in
apratimrashmi.work@gmail.com,APRATIM RASHMI,23BHI10167,A4Y1O0E6,apratim.23bhi10167@vitbhopal.ac.in
arnavn40@gmail.com,Arnav Nehra,23BHI10014,T3L1P8N6,arnav.23bhi10014@vitbhopal.ac.in
arpitpattanaik82@gmail.com,Arpit Pattanaik,23BHI10081,H6T0U2R2,arpit.23bhi10081@vitbhopal.ac.in
athrvtripathi01@gmail.com,Atharv Tripathi,23BHI10188,Q4T6K2L4,atharv.23bhi10188@vitbhopal.ac.in
abhilashasahu0412@gmail.com,Abhilasha Sahu,25MCA10081,X2L8D9F1,abhilasha.25mca10081@vitbhopal.ac.in
akhiltrivedi70@gmail.com,Akhil Trivedi,25MCA10045,Z2G3Y1L2,akhil.25mca10045@vitbhopal.ac.in
barsapatro0412@gmail.com,S Barsa Patro,25MCA10099,I2J6S2Z6,barsa.25mca10099@vitbhopal.ac.in
beniwalnatalina@gmail.com,Natalina .,25mca10067,O6N8N0P0,natalina.25mca10067@vitbhopal.ac.in
deyabhijeet2003@gmail.com,Abhijeet Dey,25MCA10005,R4G1B8H4,abhijeet.25mca10005@vitbhopal.ac.in
gurinddersingh77@gmail.com,Gurinder Singh,25MCA10097,V2T4V7L8,gurinddersingh77@gmail.com
paliwalshivangi250@gmail.com,Shivangi Paliwal,25MCA10108,U4M7H1N9,shivangi.25mca10108@vitbhopal.ac.in
rishikumar78173@gmail.com,RISHI KUMAR,25MCA10100,J2V5P0R6,rishi.25mca10100@vitbhopal.ac.in
surajy9170@gmail.com,Suraj Yadav,25MCA10030,E6R4S1E6,Suraj.25mca10030@vitbhopal.ac.in
vinit17779666@gmail.com,Vinit Gupta,25MCA10051,E3O3I8S7,vinit.25mca10051@vitbhopal.ac.in
vishal0mishra112@gmail.com,Vishal Mishra,25MCA10102,J1R8P7S2,vishal.25mca10102@vitbhopal.ac.in
saiardhendu10@gmail.com,Sai Ardhendu Kalivarapu,23BCY10070,A3R5I8B3,sai.23bcy10070@vitbhopal.ac.in
sakshichandravanshi15@gmail.com,Sakshi Chandravanshi,23BCY10210,D2P8W9H3,sakshi.23bcy10210@vitbhopal.ac.in
saumbhavii@gmail.com,Saumbhavi Saumbhavi,23BCY10179,T2B2R2W3,saumbhavi.23bcy10179@vitbhopal.ac.in
saurav04042004@gmail.com,Saurav Chourasia,23BCY10108,P4N8G7L0,saurav.23bcy10108@vitbhopal.ac.in
sghakshat13@gmail.com,Akshat Singh,23BCY10019,X4P4I8K0,akshat.23bcy10019@vitbhopal.ac.in
shaivyaasharma04@gmail.com,-,-,F5F5S6G0,-
shawsnehasish35@gmail.com,Snehasish Shaw,23BCY10142,Y3O1L7G3,snehasish.23bcy10142@vitbhopal.ac.in
shreyaa.3567@gmail.com,Shreya Jain,23BCY10318,O4K2L7Q0,shreya.23bcy10318@vitbhopal.ac.in
shreyasdesai12042005@gmail.com,Shreyas Desai,23BCY10351,V1J1V6B3,shreyas.23bcy10351@vitbhopal.ac.in
shrsbrkr@gmail.com,Shreyas Borkar,23BCY10181,L1E2X6Q7,borkar.23bcy10181@vitbhopal.ac.in
shukla.suhani@gmail.com,Suhani Shukla,23BCY10088,C2F9M6E7,suhani.23bcy10088@vitbhopal.ac.in
sidhigautam6@gmail.com,Sidhi Gautam,23BCY10240,D1L7J1F6,sidhi.23bcy10240@vitbhopal.ac.in
singhkaran5961@gmail.com,Karan Singh,23BCY10232,F4C9G4I5,karan.23bcy10232@vitbhopal.ac.in
singhshaurya520@gmail.com,Shaurya Singh,23BCY10109,B3X9I9H7,shaurya.23bcy10109@vitbhopal.ac.in
snehashajiuae55@gmail.com,Sneha Shaji,23BCY10024,S2W5G8A1,sneha.23bcy10024@vitbhopal.ac.in
somanihitesh10@gmail.com,Hitesh Somani,23BCY10345,U5L7P7E9,hitesh.23bcy10345@vitbhopal.ac.in
somarajupallinihal@gmail.com,Nihal Somarajupalli,23BCY10023,B9K3K1K7,Somarajupalli.23bcy10023@vitbhopal.ac.in
somyashekhartiwari@gmail.com,Somya Shekhar Tiwari,23BCY10082,E4R6X7N3,somya.23bcy10082@vitbhopal.ac.in
srivastavasamarth69@gmail.com,Samarth Srivastava,23BCY10192,A1I2H3O2,samarth.23bcy10192@vitbhopal.ac.in
srujanrvarma@gmail.com,Srujan Varma,23BCY10009,L3G3U2Q2,srujan.23bcy10009@vitbhopal.ac.in
supreetyjha@gmail.com,Supreety Jha,23BCY10150,C2Z9L7S2,supreety.23bcy10150@vitbhopal.ac.in
swastiksharma9000@gmail.com,Swastik Sharma,23BCY10012,Z1V0Y5K0,swastik.23bcy10012@vitbhopal.ac.in
tamannagarg165@gmail.com,Tamanna Garg,23BCY10089,E5P4T9P0,tamanna.23bcy10089@vitbhopal.ac.in
usrivastava2011@gmail.com,Utkarsh Srivastava,23BCY10073,M4W5Y2C1,utkarsh.23bcy10073@vitbhopal.ac.in
varshaa.6933@gmail.com,Varsha Vaishnav,23BCY10182,J4I2U0L4,varsha.23bcy10182@vitbhopal.ac.in
vedantkadam350@gmail.com,Vedant Kadam,23BCY10209,C6U4V5K1,vedant.23bcy10209@vitbhopal.ac.in
vermaraghav879@gmail.com,Raghav Verma,23BCY10353,K3Z0B5W4,raghav.23bcy10353@vitbhopal.ac.in
vinayaktripathi1279@gmail.com,Vinayak Tripathi,23BCY10061,U3M7U3H1,vinayak.23bcy10061@vitbhopal.ac.in
vyshnavm2311@gmail.com,Vyshnav M,23BCY10147,S5E6A1T0,vyshnav.23bcy10147@vitbhopal.ac.in
yadavretishkumar05@gmail.com,Ritish yadav,23BCY10090,H2R5T6Z9,ritish.23bcy10090@vitbhopal.ac.in
gyanvisingh591@gmail.com,GYANVI SINGH,23BCY10193,E2A4R0U1,gyanvi.23bcy10193@vitbhopal.ac.in
hamzaaliashrafi1@gmail.com,Hamza Ali Ashrafi,23BCY10069,U8J7J5B1,hamza.23bcy10069@vitbhopal.ac.in
harshiis.official.08@gmail.com,Harshita Swarnkar,23BCY10060,Z3A0G1Q8,harshita.23bcy10060@vitbhopal.ac.in
hemantganiwal234@gmail.com,Hemant Kumar,23BCY10178,B2G4C1L9,hemant.23bcy10178@vitbhopal.ac.in
himanshuydv0007@gmail.com,Himanshu Yadav,23BCY10133,F8G6O1B7,himanshu.23bcy10133@vitbhopal.ac.in
imluckyayan@gmail.com,Ayan Gupta,23BCY10295,E3I7T5N5,ayan.23bcy10295@vitbhopal.ac.in
ivargxp@gmail.com,RAVI KANT MISHRA,23BCY10032,N3I7V9U2,ravi.23bcy10032@vitbhopal.ac.in
jainananya2800@gmail.com,Ananya Jain,23BcY10059,O4J3H2L8,ananya.23bcy10059@vitbhopal.ac.in
kanaksoni40@gmail.com,Kanak Soni,23BCY10276,I2R4A5U9,kanak.23bcy10276@vitbhopal.ac.in
kartikeysharma1181@gmail.com,Kartikey Sharma,23BCY10330,L2K0M1U1,kartikey.23bcy10330@vitbhopal.ac.in
kavya.co.in8@gmail.com,Kavya Gyanchandani,23BCY10158,Q6R5T4B3,kavya.23bcy10158@vitbhopal.ac.in
kushwahanitya141@gmail.com,Nitya Kushwaha,23BCY10234,J3V6G8X6,nitya.23bcy10234@vitbhopal.ac.in
manish.payaprapp02@gmail.com,Manish Satish Payaprapp,23BCY10046,Z4X5Z2D0,manish.23bcy10046@vitbhopal.ac.in
manoj35ramesh@gmail.com,R Manoj Kumar,23BCY10293,H1D2I7M9,manojkumar.23bcy10293@vitbhopal.ac.in
mayankrawat460@gmail.com,Mayank Rawat,23BCY10106,T3F4L6W8,mayank.23bcy10106@vitbhopal.ac.in
mayankverma18.work@gmail.com,Mayank Verma,23BCY10224,K4S2Q5F6,mayank.23bcy10224@vitbhopal.ac.in
mitheshrmohan05@gmail.com,Mithesh R Mohan,23BCY10269,O3P5P4I2,mithesh.23bcy10269@vitbhopal.ac.in
mpranjal1805@gmail.com,PRANJAL MEHRA,23BCY10200,V4A9X5T4,pranjal.23bcy10200@vitbhopal.ac.in
muskaankhatoon2003@gmail.com,Muskaan Khatoon,23BCY10277,E4S3T1N8,muskaan.23bcy10277@vitbhopal.ac.in
nandanitripathi1406@gmail.com,Nandani Tripathi,23BCY10180,L2V3F8P7,nandani.23bcy10180@vitbhopal.ac.in
nanditachaubey18@gmail.com,Nandita Chaubey,23BCY10139,Z4S5D4D2,nandita.23bcy10139@vitbhopal.ac.in
navya.s1109@gmail.com,Navya Srivastava,23BCY10079,U4O5O2Q0,navya.23bcy10079@vitbhopal.ac.in
neetasharma7999@gmail.com,Tanmay Sharma,23BCY10346,X5R1V4Y3,tanmay.23bcy10346@vitbhopal.ac.in
nimishj747@gmail.com,Nimish Jain,23BCY10017,L3B2L7P2,nimish.23bcy10017@vitbhopal.ac.in
omkashyap209@gmail.com,Om Kashyap,23BCY10124,G6F3L1M7,kashyap.23bcy10124@vitbhopal.ac.in
oveiya.k2005@gmail.com,Oveiya K,23BCY10309,F2W1L7R7,oveiya.23bcy10309@vitbhopal.ac.in
paarthuvakharia@gmail.com,Paarth Vakharia,23BCY10075,H2J2S4Y9,paarth.23bcy10075@vitbhopal.ac.in
pankajchhonker86@gmail.com,Pankaj Chhonker,23BCY10137,G5H2B5G5,pankaj.23bcy10137@vitbhopal.ac.in
pareekhatri75@gmail.com,Paree Khatri,23BCY10194,Y3T2G9Q1,paree.23bcy10194@vitbhopal.ac.in
patkaratharva23@gmail.com,Atharv Patkar,23BCY10221,K1U0E1M6,patkar.23bcy10221@vitbhopal.ac.in
poojasrisri.2005@gmail.com,Poojasri R,23BCY10220,Y3S7V3G0,poojasri.23bcy10220@vitbhopal.ac.in
pracheeta.shah@gmail.com,Pracheeta Shah,23BCY10155,V3A5G6Y8,pracheeta.23bcy10155@vitbhopal.ac.in
pranjulparashar5@gmail.com,Pranjul Parashar,23BCY10227,G2W9I5Q6,pranjul.23bcy10227@vitbhopal.ac.in
prashantkumarnwd369@gmail.com,Prashant Kumar,23BCY10236,X7A6I6G9,prashant.23bcy10236@vitbhopal.ac.in
praveendudhnathsingh@gmail.com,PRAVEEN SINGH,23BCY10191,R5U3D2Q5,praveen.23bcy10191@vitbhopal.ac.in
priyanshusingh22340@gmail.com,PRIYANSHU SINGH,23BCY10114,I1B0V7L4,priyanshu.23bcy10114@vitbhopal.ac.in
pvrithvik456@gmail.com,Peddinti Vishnu Rithvik,23BCY10136,X2N0G6Y3,peddinti.23bcy10136@vitbhopal.ac.in
rajatsinghal1510@gmail.com,Rajat Singhal,23BCY10172,Z4Y4F4H1,rajat.23bcy10172@vitbhopal.ac.in
riku192004@gmail.com,Rishika Patel,23BCY10241,F4S8J3E6,rishika.23bcy10241@vitbhopal.ac.in
rishabhcms05@gmail.com,Rishabh Arora,23BCY10271,T4J5M6F1,rishabh.23bcy10271@vitbhopal.ac.in
rishima.s.sharma@gmail.com,Rishima Sharma,23BCY10231,F5V9M9H0,rishima.23bcy10231@vitbhopal.ac.in
rouhanrdi@gmail.com,Rouhan Iqbal,23BCY10347,F3E7P0H7,rouhan.23bcy10347@vitbhopal.ac.in
rt3390814@gmail.com,Raj Tiwari,23BCY10156,I4F0Z4J1,raj.23bcy10156@vitbhopal.ac.in
safalchaturvedi822@gmail.com,Safal Chaturvedi,23BCY10248,Y3S2T8X5,safal.23bcy10248@vitbhopal.ac.in
sahilkulhar01@gmail.com,Sahil Sahil,23BCY10104,Z4V7J8N3,sahil.23bcy10104@vitbhopal.ac.in
sahilyadav130305@gmail.com,Sahil Yadav,23BCY10093,K4L9K2V1,sahil.23bcy10093@vitbhopal.ac.in
abhilashakamal2004@gmail.com,Abhilasha Kamal,23BCY10140,V3R6C8N4,abhilasha.23bcy10140@vitbhopal.ac.in
abhisinghind90@gmail.com,Abhi Singh,23BCY10311,Y1P8Q9G9,abhi.23bcy10311@vitbhopal.ac.in
adi.jha1424@gmail.com,Adarsh Kumar Jha,23BCY10159,A1V3H9E7,adarsh.23bcy10159@vitbhopal.ac.in
adikul1023@gmail.com,Adi Kulkarni,23BCY10045,E5O3N7S2,adi.23bcy10045@vitbhopal.ac.in
adiroyboy2@gmail.com,Aditya Roy,23BCY10034,S4W2X4I9,aditya.23bcy10034@vitbhopal.ac.in
agrawalmayank2004@gmail.com,Mayank Agarwal,23BCY10074,Q4Z2Z0H6,mayank.23bcy10074@vitbhopal.ac.in
akarshm184@gmail.com,Akarsh Mishra,23BCY10199,N1J9S3P9,akarsh.23bcy10199@vitbhopal.ac.in
ananya.sanodiya03@gmail.com,Ananya Sanodiya,23BCY10131,A8D0S6X1,ananya.23bcy10131@vitbhopal.ac.in
anjalilodhi134@gmail.com,Anjali Kumari,23BCY10101,T2M0R0N5,anjali.23bcy10101@vitbhopal.ac.in
anshullakra8@gmail.com,Anshul Kumar,23BCY10237,K6X1V1S0,anshul.23bcy10237@vitbhopal.ac.in
anujkekre04@gmail.com,Anuj kekre,23BCY10312,T2P6Z4X0,anuj.23bcy10312@vitbhopal.ac.in
aroraanjali2005@gmail.com,Anjali Arora,23BCY10063,R7P0D7B5,anjali.23bcy10063@vitbhopal.ac.in
aryaman9205@gmail.com,Aryaman Jha,23BCY10189,X5J3O7C1,aryaman.23bcy10189@vitbhopal.ac.in
aryanbeniwal793@gmail.com,Aryan Beniwal,23BCY10098,O1Y8X6U0,aryan.23bcy10098@vitbhopal.ac.in
aryanmukhopadhyay05@gmail.com,Aryan Mukhopadhyay,23BCY10091,G6R1O9M5,aryan.23bcy10091@vitbhopal.ac.in
aryanpuri.engineer@gmail.com,Aryan Puri,23BCY10333,G1F5B5B8,aryan.23bcy10333@vitbhopal.ac.in
aryanyadav051206@gmail.com,Aryan Kumar Yadav,23BCY10208,Y3I7M6G5,aryan.23bcy10208@vitbhopal.ac.in
avinash.mar05@gmail.com,AVINASH KUMAR SINGH,23BCY10006,Y1X8K0F5,avinash.23bcy10006@vitbhopal.ac.in
bhaktichopra2@gmail.com,Bhakti Chopra,23BCY10097,M1U9A2O9,bhakti.23bcy10097@vitbhopal.ac.in
bhargav.s1109@gmail.com,Bhargav Naidu.S,23BCY10103,O2W3E6T4,bhargav.23bcy10103@vitbhopal.ac.in
bhumikasharmaxa@gmail.com,Bhumika Sharma,23BCY10041,A3H8W2B6,bhumika.23bcy10041@vitbhopal.ac.in
borwankaroaj@gmail.com,Oaj Borwankar,23BCY10275,P3Y3I2H1,oaj.23bcy10275@vitbhopal.ac.in
bsaegananthensai@gmail.com,AEGANANTHEN SAI,23BCY10301,M5L7X4W7,aegananthen.23bcy10301@vitbhopal.ac.in
cheruvuanushka123@gmail.com,Cheruvu Surya Sai Anushka,23BCY10213,K4B0E7R8,cheruvu.23bcy10213@vitbhopal.ac.in
deepikaper09@gmail.com,Deepika Deepika,23BCY10185,X2Z0Y4P5,deepika.23bcy10185@vitbhopal.ac.in
devkrishnaus@gmail.com,Devkrishna U S,23BCY10123,B2J7X8X4,devkrishna.23bcy10123@vitbhopal.ac.in
devolinasingha1@gmail.com,Devolina Singha,23BCY10050,T4L0H2I2,devolina.23bcy10050@vitbhopal.ac.in
devrajsinghal61@gmail.com,Devraj Singhal,23BCY10273,K2I9L7P0,devraj.23bcy10273@vitbhopal.ac.in
dhawalkachhwaha1@gmail.com,Dhawal Kachhwaha,23BCY10294,A4H1G1X7,dhawal.23bcy10294@vitbhopal.ac.in
diivyaaanshii@gmail.com,Divyanshi Diwan,23BCY10163,B4K3Z6J1,divyanshi.23bcy10163@vitbhopal.ac.in
ekagragupta814@gmail.com,Ekagra Gupta,23BCY10102,E6B6O9N4,ekagra.23bcy10102@vitbhopal.ac.in
gouravagarwal011@gmail.com,Gourav Agarwal,23BCY10094,D2I4O7I7,gourav.23bcy10094@vitbhopal.ac.in
gunalb81@gmail.com,B GUNAL,23BCY10129,V5U8C2S1,gunal.23bcy10129@vitbhopal.ac.in
gupta.aman7079@gmail.com,Aman Kumar Gupta,23BCY10119,M2P4I9S7,aman.23bcy10119@vitbhopal.ac.in
gupta.khushi08091@gmail.com,Khushi Gupta,23BCY10036,M1T9X9B5,khushi.23bcy10036@vitbhopal.ac.in
aadityarawat1902@gmail.com,Aaditya Singh Rawat,23BCY10055,M5B5C8Q8,aaditya.23bcy10055@vitbhopal.ac.in
vjsamiksha@gmail.com,Samiksha Vijayvargiya,23BCE10725,U2L3K0P1,samiksha.23bce10725@vitbhopal.ac.in
vraj1012006shah@gmail.com,Vraj shah,23BCE11796,S2B6T0O4,Vraj.23bce11796@vitbhopal.ac.in
vsrivastava873@gmail.com,VIKAS SRIVASTAV,23BCE10525,C6B5J9K8,vikas.23bce10525@vitbhopal.ac.in
vyasbhoovesh@gmail.com,Bhoovesh Vyas,23BCE10242,Z2Q2Q7Z2,bhoovesh.23bce10242@vitbhopal.ac.in
wobblytypist@gmail.com,Aadi Bhardwaj,23BCE10058,S6A6T9F2,aadi.23bce10058@vitbhopal.ac.in
xtremewarrior05@gmail.com,Hiraksubhra Acharya,23BCE10646,C1D8Y9U2,hiraksubhra.23bce10646@vitbhopal.ac.in
yadavamanmau@gmail.com,Aman Kumar Yadav,23BCE10441,G1H4N9U8,aman.23bce10441@vitbhopal.ac.in
yash.gupta01110@gmail.com,Yash Gupta,23BCE11477,D2Q9A2P9,yash.23bce11477@vitbhopal.ac.in
yash.saxena4203@gmail.com,Yash Saxena,23BCE10699,C3H3T4E2,yash.23bce10699@vitbhopal.ac.in
yash.sushil16@gmail.com,Yash Sushil,23BCE10538,V2S8B1O4,yash.23bce10538@vitbhopal.ac.in
yash030m@gmail.com,Yash Rathore,23BCE10672,U3B2N8I9,yash.23bce10672@vitbhopal.ac.in
yashbeniwal2222@gmail.com,Yash Beniwal,23BCE10603,M2W0V9W6,yash.23bce10603@vitbhopal.ac.in
yashdpatel411@gmail.com,Yash Patel,23BCE10057,M5O0U6D7,patel.23bce10057@vitbhopal.ac.in
yashgupta0769@gmail.com,Yash Gupta,23BCE10402,Q4Z7F8G7,yash.23bce10402@vitbhopal.ac.in
yashkhatwani915@gmail.com,-,-,T7V4R0T3,-
yashsethi200509@gmail.com,Yash Sethi,23BCE10902,U6B7K4B9,yash.23bce10902@vitbhopal.ac.in
yashswanisoni@gmail.com,Yashswani Soni,23BCE10500,M4X6M3F9,yashswani.23bce10500@vitbhopal.ac.in
yatharthcoding@gmail.com,Yatharth Yadav,23BCE10354,S3K8H0O2,yatharth.23bce10354@vitbhopal.ac.in
ydv.nitin2401@gmail.com,Nitin,23BCE10310,H2Z9K4V0,nitin.23bce10310@vitbhopal.ac.in
yoshita.up2005@gmail.com,Yoshita Upadhyay,23BCE11822,J5K5E4Z3,yoshita.23bce11822@vitbhopal.ac.in
tayadeshravani348@gmail.com,Shravani Sanjay Tayade,23BCE10293,S4W5M8X8,shravani.23bce10293@vitbhopal.ac.in
tejasdn2004@gmail.com,Tejas Nehete,23BCE10709,R5F8A4V0,tejas.23bce10709@vitbhopal.ac.in
tejasranjeet03@gmail.com,Tejas Ranjeet,23BCE10419,F3U1W9H6,tejas.23bce10419@vitbhopal.ac.in
tejastekade30@gmail.com,Tejas Tekade,23BCE10580,C2F0M2Y2,tejas.23bce10580@vitbhopal.ac.in
thaparprisha9@gmail.com,Prisha Thapar,23BCE10853,W3N1O4X0,prisha.23bce10853@vitbhopal.ac.in
thesaanvidixit@gmail.com,Saanvi Dixit,23BCE11681,O1E0L9C8,saanvi.23bce11681@vitbhopal.ac.in
theshubhamtripathi06@gmail.com,Shubham Tripathi,23BCE11262,G2V9R4S1,shubham.23bce11262@vitbhopal.ac.in
tiwarikartikey03@gmail.com,Kartikey Tiwari,23BCE11650,A5A6D8E9,kartikey.23bce11650@vitbhopal.ac.in
tiwarisuryansh6222@gmail.com,Suryansh Tiwari,23BCE11113,J9A9L5H0,suryansh.23bce11113@vitbhopal.ac.in
tomarsonika10@gmail.com,Sonika Singh Tomar,23bce10041,E0Z8Y0O4,sonika.23bce10041@vitbhopal.ac.in
tripathiakanksha339@gmail.com,AKANKSHA TRIPATHI,23BCE10062,U5D8W5P5,akanksha.23bce10062@vitbhopal.ac.in
tulsishaileshchaudhari@gmail.com,TULSI CHAUDHARI,23BCE11314,N1O2W1I0,tulsi.23bce11314@vitbhopal.ac.in
tushar366.verma@gmail.com,Tushar Verma,23BCE10097,K1Q4Z2S6,tushar.23bce10097@vitbhopal.ac.in
uditya204@gmail.com,Uditya Kumar Pandey,23BCE10497,X4H7T5H9,uditya.23bce10497@vitbhopal.ac.in
utkarshbarnwal85366@gmail.com,Uttakarsh Barnwal,23BCE10333,D2V0E0W3,uttakarsh.23bce10333@vitbhopal.ac.in
utkarshrj017@gmail.com,Utkarsh Raj,23BCE10230,U5Z4H4D7,utkarsh.23bce10230@vitbhopal.ac.in
utkarshsingha000@gmail.com,Utkarsh Singh,23BCE10501,Q1I6B0J7,utkarsh.23bce10501@vitbhopal.ac.in
vachhaniheet1504@gmail.com,Heet Vachhani,23BCE10001,D4Y8K7F4,vachhani.23bce10001@vitbhopal.ac.in
vaibhav.udr21@gmail.com,Vaibhav Kumar,23BCE10972,T5I9W6L8,vaibhav.23bce10972@vitbhopal.ac.in
vaibhavi.050604@gmail.com,Vaibhavi Singh,23BCE10875,G5O6Z8B7,vaibhavi.23bce10875@vitbhopal.ac.in
vaibhaviagrawal88@gmail.com,Vaibhavi Agrawal,23BCE11031,Y4I0G4U4,vaibhavi.23bce11031@vitbhopal.ac.in
vaibhavic08@gmail.com,Vaibhavi Chauhan,23BCE10848,R1B1I5U6,vaibhavi.23bce10848@vitbhopal.ac.in
vaibhavkumar5158@gmail.com,Vaibhav Kumar,23BCE10143,E3R6C6J3,vaibhav.23bce10143@vitbhopal.ac.in
vaibhavsanghani95@gmail.com,Vaibhav Sanghani,23BCE10126,G4U7G2L8,vaibhav.23bce10126@vitbhopal.ac.in
vaidanthundet007@gmail.com,Vaidant Hundet,23BCE11471,P5X5O7P4,vaidant.23bce11471@vitbhopal.ac.in
vambh2004@gmail.com,vedant ambh,23BCE10025,N5L9E5S8,vedant.23bce10025@vitbhopal.ac.in
vanditpandey2828@gmail.com,Vandit Pandey,23BCE11005,P3C6N9Y0,vandit.23bce11005@vitbhopal.ac.in
vansh.s.works@gmail.com,Vansh Vansh,23BCE10046,D3D4D5S4,vansh.23bce10046@vitbhopal.ac.in
vansheekajain26@gmail.com,Vansheeka Jain,23BCE11023,H5I4N3L7,vansheeka.23bce11023@vitbhopal.ac.in
vanshikadhaka757@gmail.com,Vanshika Dhaka,23BCE11463,K6K1L5E2,vanshika.23bce11463@vitbhopal.ac.in
vanshikamotwani120031@gmail.com,Vanshika Motwani,23BCE10036,J2N1C6N2,vanshika.23bce10036@vitbhopal.ac.in
vanshikasingh11225@gmail.com,Vanshika Singh,23BCE10606,D1N5T2M6,vanshika.23bce10606@vitbhopal.ac.in
vanshsaxena7781@gmail.com,Vansh Saxena,23BCE10177,P2B4D2C3,vansh.23bce10177@vitbhopal.ac.in
vanshupreti0412@gmail.com,Vansh Upreti,23BCE10387,I1Q9H5N1,vansh.23bce10387@vitbhopal.ac.in
vanyaahuja.1234@gmail.com,Vanya Ahuja,23BCE10137,S2J2R7K0,vanya.23bce10137@vitbhopal.ac.in
varda.21j@gmail.com,Varda Joshi,23BCE10345,P4X2T6P4,varda.23bce10345@vitbhopal.ac.in
vartikavashishtha48@gmail.com,Vartika Vashishtha,23BCE11137,M1H1Z9B1,vartika.23bce11137@vitbhopal.ac.in
vasudhasharmag@gmail.com,Vasudha Sharma,23BCE11688,L3W9C3V4,vasudha.23bce11688@vitbhopal.ac.in
vatsarudransh5854@gmail.com,Rudransh Vatsa,23BCE10682,P1P7O6Q2,rudransh.23bce10682@vitbhopal.ac.in
vdevwork1906@gmail.com,Vasu Chourasia,23BCE10270,Q1W5V6K8,vasu.23bce10270@vitbhopal.ac.in
vedantdua2165@gmail.com,Vedant Dua,23BCE11279,R4K6Q7E6,Vedant.23bce11279@vitbhopal.ac.in
vedniyasvyas@gmail.com,-,-,Z5W1W6L4,-
vedsmith18@gmail.com,Vedant Patil,23BCE10313,D2W2Z0I0,vedant.23bce10313@vitbhopal.ac.in
veronikadhingra@gmail.com,Veronika Dhingra,23BCE11218,S1D1D0A2,veronika.23bce11218@vitbhopal.ac.in
vidhisoma20@gmail.com,Vidhi Shukla,23BCE11014,H4L9R2G7,vidhi.23bce11014@vitbhopal.ac.in
vinayak.oscar20052020@gmail.com,Vinayak Sharma,23BCE10766,C1R3G8S5,vinayak.23bce10766@vitbhopal.ac.in
vishnuirappasangammanavar@gmail.com,Vishnu Irappa Sangammanavar,23BCE10569,E1A4N1E2,vishnu.23bce10569@vitbhopal.ac.in
vishnus202004@gmail.com,VISHNU S,23BCE10518,A2T7T1M5,vishnu.23bce10518@vitbhopal.ac.in
vishu9e@gmail.com,Vishu Kumar Singh,23BCE10348,J2T8X9O5,vishu.23bce10348@vitbhopal.ac.in
vivas.nanda.ch@gmail.com,Vivaswan Nanda,23BCE11672,L6J5R8N2,vivaswan.23bce11672@vitbhopal.ac.in
viyasharma14@gmail.com,Viya Sharma,23BCE11351,F3D3D0E4,viya.23bce11351@vitbhopal.ac.in
shyamchore1225@gmail.com,Shyam Chore,23BCE10146,E1G6U8E4,shyam.23bce10146@vitbhopal.ac.in
siddbarguje24441@gmail.com,Siddhant Barguje,23BCE10113,O1Z1M4Y5,barguje.23bce10113@vitbhopal.ac.in
siddhant.dhaka.official@gmail.com,SIDDHANT DHAKA,23BCE10050,I4O6Q3J6,siddhant.23bce10050@vitbhopal.ac.in
siddharth1439969@gmail.com,SIDDHARTH SINGH,23BCE10209,M2H0E9X2,siddharth.23bce10209@vitbhopal.ac.in
sids23104@gmail.com,Siddharth Sharma,23BCE10224,B2A0A3X0,siddharth.23bce10224@vitbhopal.ac.in
singhakshat1225@gmail.com,Akshat Singh,23BCE11120,H6Q5E2Q6,akshat.23bce11120@vitbhopal.ac.in
singhaniastuti43@gmail.com,Stuti Singhania,23BCE11150,F2V7T5F2,stuti.23bce11150@vitbhopal.ac.in
singhharshraj656@gmail.com,Harsh Raj Singh,23BCE11675,O1L1R8Y9,harsh.23bce11675@vitbhopal.ac.in
singhkrishnam2003@gmail.com,Krishnam Singh,23BCE10179,L4H9R6T9,krishnam.23bce10179@vitbhopal.ac.in
singhlav538@gmail.com,Lav Singh,23BCE11036,I3W1I2G0,lav.23bce11036@vitbhopal.ac.in
singhtanay010@gmail.com,Tanay Singh,23BCE11211,M5B4B8X3,tanay.23bce11211@vitbhopal.ac.in
singhyashvardhan341@gmail.com,Yashvardhan Singh Sarangdevot,23BCE10849,R4S7R0Z4,yashvardhan.23bce10849@vitbhopal.ac.in
sinhasourish.3799@gmail.com,Sourish Sinha,23BCE10127,D6N8Q1Z2,sourish.23bce10127@vitbhopal.ac.in
skmk0503@gmail.com,Sanjana Krishnan,23BCE10594,N6F6Z4S0,sanjana.23bce10594@vitbhopal.ac.in
skrs032011@gmail.com,Saksham Kumar Singh,23BCE10374,T4N1J2Z0,saksham.23bce10374@vitbhopal.ac.in
smritibisht02@gmail.com,Smriti Bisht,23BCE10216,P2K5T2R7,smriti.23bce10216@vitbhopal.ac.in
smritiprajapati15@gmail.com,Smriti Prajapati,23BCE11456,W2O0A2N3,smriti.23bce11456@vitbhopal.ac.in
snehilpriyam.in@gmail.com,Snehil Priyam,23BCE11200,R1L8G6T7,snehil.23bce11200@vitbhopal.ac.in
snehpatel2525@gmail.com,Patel Sneh Ketankumar,23BCE11773,B5S7Y6M5,patel.23bce11773@vitbhopal.ac.in
somilasati@gmail.com,Somil Asati,23BCE10364,O3S3R4N6,somil.23bce10364@vitbhopal.ac.in
sonamsharan50@gmail.com,Sonam Sharan,23BCE10654,J3P5U3L8,sonam.23bce10654@vitbhopal.ac.in
sourabhnaidu123@gmail.com,Sourabh Naidu,23BCE11022,A6P5J3P9,sourabh.23bce11022@vitbhopal.ac.in
sparsh.khatwani@gmail.com,Sparsh Khatwani,23BCE10090,T3R9T0E9,sparsh.23bce10090@vitbhopal.ac.in
speaches9876@gmail.com,Sneha Tripathi,23BCE10818,M1J9E1K8,sneha.23bce10818@vitbhopal.ac.in
srishtisharma2504@gmail.com,Srishti Sharma,23BCE11285,L1S3K3D2,srishti.23bce11285@vitbhopal.ac.in
srivastava.samarth17@gmail.com,Samarth Srivastava,23BCE11710,H1Z2N3F2,samarth.23bce11710@vitbhopal.ac.in
srivastavaaditi100@gmail.com,Aditi Srivastava,23BCE10935,G2K7V9A2,aditi.23bce10935@vitbhopal.ac.in
sudeeksha.2802@gmail.com,Sudeeksha Pachori,23BCE11136,F4Y2T2Q6,sudeeksha.23bce11136@vitbhopal.ac.in
summarporwal22@gmail.com,Summar Porwal,23BCE11378,G4C9L6I6,summar.23bce11378@vitbhopal.ac.in
suryansh.pratap.singh0127@gmail.com,Suryansh Pratap Singh,23BCE11233,E2P0J8Z7,suryansh.23bce11233@vitbhopal.ac.in
suryanshyadsv@gmail.com,Suryansh Kumar,23BCE11409,A2X1J5X4,Suryansh.23bce11409@vitbhopal.ac.in
suyogyatiw@gmail.com,Suyogya Tiwari,23BCE11182,J2G2O8L7,suyogya.23bce11182@vitbhopal.ac.in
swagatkumarp15@gmail.com,Swagat Kumar Panda Panda,23BCE10351,U4G1V3E1,swagat.23bce10351@vitbhopal.ac.in
swaniksrivastava@gmail.com,Swanik Srivastava,23BCE10030,R1W1K0A2,swanik.23bce10030@vitbhopal.ac.in
swastijibansal2145@gmail.com,Swasti Bansal,23BCE10389,U4I2Z8I6,swasti.23bce10389@vitbhopal.ac.in
swastikadey445@gmail.com,Swastika Dey,23BCE10396,U2J6S0U7,swastika.23bce10396@vitbhopal.ac.in
swastikmishra7979@gmail.com,Swastik Mishra,23BCE11357,B9A3J9A7,swastik.23bce11357@vitbhopal.ac.in
sweeta456kuumari@gmail.com,Sweta Kumari,23BCE11754,K1I0Q1J8,Sweta.23bce11754@vitbhopal.ac.in
taha.rizvi2004@gmail.com,Syed Taha Rizvi,23BCE10981,F3A0C7C5,syed.23bce10981@vitbhopal.ac.in
tanayshahiofficial@gmail.com,Tanay Kumar Shahi,23BCE10253,U2T5O7N9,tanay.23bce10253@vitbhopal.ac.in
tanisha.likhitkar.6925@gmail.com,Tanisha Likhitkar,23BCE11785,Q5C4O6H9,tanisha.23bce11785@vitbhopal.ac.in
tanishkak908@gmail.com,Tanishka Kumari,23BCE11219,X5O0X4B2,tanishka.23bce11219@vitbhopal.ac.in
tanishqvernela2005@gmail.com,Tanishq Vernela,23BCE10793,G4L1J7T0,tanishq.23bce10793@vitbhopal.ac.in
tanpreetsingh7007@gmail.com,Tanpreet Singh,23BCE10159,Y5L2U1W1,tanpreet.23bce10159@vitbhopal.ac.in
tanushrisukhwal@gmail.com,Tanushri Sukhwal,23BCE10680,A3Y6L5P0,sukhwal.23bce10680@vitbhopal.ac.in
tanyabhagunde@gmail.com,Tanya Bhagunde,23BCE11140,B4E6K3X0,tanya.23bce11140@vitbhopal.ac.in
taran27ali@gmail.com,Taran Ali Ahmed,23BCE10952,D1G9O3E2,taran.23bce10952@vitbhopal.ac.in
tarungupta10695@gmail.com,Tarun Gupta,23BCE10695,E4H5W2R9,tarun.23bce10695@vitbhopal.ac.in
sehgalayushi488@gmail.com,Ayushi Sehgal,23BCE10790,T3V8T0I7,ayushi.23bce10790@vitbhopal.ac.in
sehrawatpriya430@gmail.com,Priya,23BCE10599,E4Y0M5I0,priya.23bce10599@vitbhopal.ac.in
shaanmathur6@gmail.com,Shaan Mathur,23BCE10377,E0F1Q5B6,shaan.23bce10377@vitbhopal.ac.in
shah.alokkumar23@gmail.com,Alok Kumar Shah,23BCE11541,M9X3E9A8,alok.23bce11541@vitbhopal.ac.in
shailchauhan2226@gmail.com,Shailendra Singh,23BCE11494,J5M0G2S1,shailendra.23bce11494@vitbhopal.ac.in
shaivisri04@gmail.com,Shaivi Srivastava,23BCE10165,F2J5S6D2,shaivi.23bce10165@vitbhopal.ac.in
sharmautkarsh2204@gmail.com,Utkarsh Sharma,23BCE11078,D3R5T8A7,utkarsh.23bce11078@vitbhopal.ac.in
sharthaksingh06@gmail.com,Sharthak Singh,23BCE10712,Y2F1O4S8,sharthak.23bce10712@vitbhopal.ac.in
shhrenegi@gmail.com,Shreya Negi,23BCE11128,K6A0Q2X7,shreya.23bce11128@vitbhopal.ac.in
shikha338.ss@gmail.com,Shikha Singh,23BCE10460,L3H0P8O9,shikha.23bce10460@vitbhopal.ac.in
shindeshivam601@gmail.com,Shivam Uttamrao Shinde,23BCE11549,I4G7L3M6,shinde.23bce11549@vitbhopal.ac.in
shishodiayashraj@gmail.com,Yashraj Shishodia,23BCE10491,H4J3K9X1,yashraj.23bce10491@vitbhopal.ac.in
shivam301205@gmail.com,Shivam Patil,23BCE10275,P1X0N6X1,shivam.23bce10275@vitbhopal.ac.in
shivamkrishna24@gmail.com,Shivam Krishna,23BCE10589,R5A0L1A3,shivam.23bce10589@vitbhopal.ac.in
shivanand2403@gmail.com,Shivanand .,23BCE10562,K1O3H8Q2,shivanand.23bce10562@vitbhopal.ac.in
shivangi.tiwari0411@gmail.com,Shivangi Tiwari,23BCE10053,Q4T8X2E0,shivangi.23bce10053@vitbhopal.ac.in
shivanshchowdhary04@gmail.com,Shivansh Shivansh,23bce10812,W1V0D9N8,Shivansh.23bce10812@vitbhopal.ac.in
shivanshshaema0000@gmail.com,Shivansh Sharma,23BCE11158,Y1Q5G2S7,shivansh.23bce11158@vitbhopal.ac.in
shivnaniyash2@gmail.com,Yash Shivnani,23BCE11008,U2T5F1F7,yash.23bce11008@vitbhopal.ac.in
shoryamollydixit28@gmail.com,Shorya Dixit,23BCE10614,Z2J3R1R5,shorya.23bce10614@vitbhopal.ac.in
shoryapathak787@gmail.com,Shorya Pathak,23BCE10194,I8H0J1F2,shorya.23bce10194@vitbhopal.ac.in
shoyujsharma@gmail.com,Shoyuj Sharma,23BCE10955,O5U5B4L6,shoyuj.23bce10955@vitbhopal.ac.in
shravan.jain1210@gmail.com,Shravan Jain,23BCE10004,A6C2Z9O4,jain.23bce10004@vitbhopal.ac.in
shreedhardaingade@gmail.com,Shreedhar Daingade,23BCE10321,R2U8A8P0,shreedhar.23bce10321@vitbhopal.ac.in
shreeved18042005@gmail.com,Shreeved Dhanait,23BCE10838,K3L3F3C2,shreeved.23bce10838@vitbhopal.ac.in
shresthg6081@gmail.com,Shresth Goel,23BCE10552,U1P4E7D2,shresth.23bce10552@vitbhopal.ac.in
shrey04gupta@gmail.com,Shrey Gupta,23BCE10388,Z2E6I4B4,shrey.23bce10388@vitbhopal.ac.in
shreya4783@gmail.com,Shreya Gupta,23BCE11050,L2S5W0B8,shreya.23bce11050@vitbhopal.ac.in
shreyansh.pande24@gmail.com,Shreyansh Pande,23BCE10701,E1M5B3C0,shreyansh.23bce10701@vitbhopal.ac.in
shreyanshjn007@gmail.com,shreyansh jain,23BCE11625,H7W8A0Z3,shreyansh.23bce11625@vitbhopal.ac.in
shreyashdubey325@gmail.com,SHREYASH DUBEY,23BCE10334,Y3F9S4W0,shreyash.23bce10334@vitbhopal.ac.in
shreyashraghuwanshi6115@gmail.com,Shreyash Singh Raghuwanshi,23BCE11081,T1E1H1T6,shreyash.23bce11081@vitbhopal.ac.in
shreyashuklak91@gmail.com,Shreya Shukla,23BCE11701,G2U4L6M3,shreya.23bce11701@vitbhopal.ac.in
shreyatiwari30oct@gmail.com,Shreya Tiwari,23BCE10413,O3U9J7C4,shreya.23bce10413@vitbhopal.ac.in
shreymittal08092004@gmail.com,Shrey Mittal,23BCE11659,Q3Q2H3J8,shrey.23bce11659@vitbhopal.ac.in
shreyraj790@gmail.com,SHREY RAJ,23bce10643,Z3U0J7A4,shrey.23bce10643@vitbhopal.ac.in
shriabiju@gmail.com,Shria Biju,23BCE10885,T1N8I8U3,shria.23bce10885@vitbhopal.ac.in
shriyapunnal@gmail.com,Shriya Punnal,23BCE10751,Q5M2B4L2,shriya.23bce10751@vitbhopal.ac.in
shrutidewaskar2701@gmail.com,Shruti Dewaskar,23BCE10134,R3Y2Q0Z5,shruti.23bce10134@vitbhopal.ac.in
shrutiydv31@gmail.com,Shruti Yadav,23BCE10414,E5T2X9K2,shruti.23bce10414@vitbhopal.ac.in
shubhasin05@gmail.com,Shubha Singh,23BCE10015,Y5K8K0Q4,shubha.23bce10015@vitbhopal.ac.in
shubhgupta874@gmail.com,Shubh Gupta,23BCE11032,H2L0J7T7,shubh.23bce11032@vitbhopal.ac.in
shubhpsingh2616@gmail.com,Shubh Pratap Singh,23BCE10910,S1G1C0W3,shubh.23bce10910@vitbhopal.ac.in
shukla.nishesh19@gmail.com,Nishesh Shukla,23BCE11824,Z1D6E8Y5,nishesh.23bce11824@vitbhopal.ac.in
shuklashikhar231@gmail.com,Shikhar Shukla,23BCE11064,E3T0U4A5,shikhar.23bce11064@vitbhopal.ac.in
rohitks1905@gmail.com,Rohit Suryavanshi,23BCE10908,F4T6V9U0,suryavanshi.23bce10908@vitbhopal.ac.in
ronakkamboj26@gmail.com,Ronak Kamboj,23BCE10263,X5A3S4D0,ronak.23bce10263@vitbhopal.ac.in
rudrat379@gmail.com,Rudra Trivedi,23BCE10181,W4U9H2K3,rudra.23bce10181@vitbhopal.ac.in
rvr.vaibhavmishra.work@gmail.com,Vaibhav Mishra,23BCE10616,Z3O0W8J7,vaibhav.23bce10616@vitbhopal.ac.in
rythemsoodlm10@gmail.com,Rythem Sood,23BCE10091,Z4N8V7B8,rythem.23bce10091@vitbhopal.ac.in
s.haque0406@gmail.com,Samiul Haque Azmi,23BCE10842,G3S6M0W3,samiul.23bce10842@vitbhopal.ac.in
saadshaikh.215239@gmail.com,Mohammad Saad Shaikh,23BCE11843,Z2X9O6P3,mohammad.23bce11843@vitbhopal.ac.in
saanvi.kumar585@gmail.com,Saanvi .,23BCE10585,A6K3Z9D0,saanvi.23bce10585@vitbhopal.ac.in
saanyagarg400@gmail.com,Saanya Garg,23BCE11295,L3C3V2A0,saanya.23bce11295@vitbhopal.ac.in
saarthakrastogi8@gmail.com,Sarthak Rastogi,23BCE10649,Y2Y9L4O9,sarthak.23bce10649@vitbhopal.ac.in
sagar27sahu@gmail.com,sagar kumar sahu,23BCE11298,Q5O0D4K6,sagar.23bce11298@vitbhopal.ac.in
sahajkothari20@gmail.com,Sahaj Kothari,23BCE11787,M2Q0C1I7,sahaj.23bce11787@vitbhopal.ac.in
sahanisahil605@gmail.com,Sahil Sahani,23BCE10123,V3M1V6O1,sahani.23bce10123@vitbhopal.ac.in
sahil.shukre@gmail.com,Sahil Shukre,23BCE10212,S5V0J6R2,sahil.23bce10212@vitbhopal.ac.in
sahoosagnik1@gmail.com,Sagnik Sahoo,23BCE11649,T3R9R6E1,sagnik.23bce11649@vitbhopal.ac.in
sainyam.bansal.2004@gmail.com,Sainyam Bansal,23BCE10928,R3S2L6U0,sainyam.23bce10928@vitbhopal.ac.in
sakmmm07@gmail.com,Saksham Agarwal,23BCE11216,Q5I1E2U0,saksham.23bce11216@vitbhopal.ac.in
sakshii.s027@gmail.com,Sakshi Sharma,23BCE11121,T8I5V4J4,sakshi.23bce11121@vitbhopal.ac.in
sakshimittal753@gmail.com,Sakshi Mittal,23BCE11231,Y3L4P3L8,sakshi.23bce11231@vitbhopal.ac.in
sakshiverma.h@gmail.com,Sakshi Verma,23BCE11689,K9P6Y0U4,sakshi.23bce11689@vitbhopal.ac.in
samarpratap100904@gmail.com,Samar Pratap,23BCE10583,G7I1Z8H1,samar.23bce10583@vitbhopal.ac.in
samarthk292@gmail.com,Samarth Kadam,23BCE11323,E4K6G5V7,samarth.23bce11323@vitbhopal.ac.in
samarthkhandelwal880@gmail.com,Samarth Khandelwal,23BCE10647,J4T2U9F4,samarth.23bce10647@vitbhopal.ac.in
samarthtiwari1512@gmail.com,Samarth Tiwari,23BCE11556,L2I3F6S2,tiwari.23bce11556@vitbhopal.ac.in
sambhav1034@gmail.com,Sambhav Shrivastava,23BCE10229,T3M2I9F0,sambhav.23bce10229@vitbhopal.ac.in
sameendhanimisetti@gmail.com,Sameen Dhanimisetti,23BCE10753,P3S6Q0D0,sameen.23bce10753@vitbhopal.ac.in
sameer00324@gmail.com,Sameer Chaudhary,23BCE11241,B2U2Y2R2,sameer.23bce11241@vitbhopal.ac.in
sameergupta7906@gmail.com,Sameer Gupta,23BCE10211,Q5I0J3F9,sameer.23bce10211@vitbhopal.ac.in
samikshatiwari594@gmail.com,Samiksha Tiwari,23BCE10088,Z6Y4C0L6,samiksha.23bce10088@vitbhopal.ac.in
samnahadiya211@gmail.com,SAMEER NAHADIYA,23BCE10883,R2V6F3U4,sameer.23bce10883@vitbhopal.ac.in
samriddhitripathi26@gmail.com,SAMRIDDHI TRIPATHI,23bce10140,R5E8E6X4,samriddhi.23bce10140@vitbhopal.ac.in
samsrithareddy@gmail.com,P Samsritha,23BCE10782,F6D3G4E8,samsritha.23bce10782@vitbhopal.ac.in
sanchaymyadav@gmail.com,Sanchay Manoj Yadav,23BCE10138,K4H3Y7J5,sanchay.23bce10138@vitbhopal.ac.in
sanidhyadwivedi2004@gmail.com,Sanidhya Dwivedi,23BCE10214,Y5A4U7B8,sanidhya.23bce10214@vitbhopal.ac.in
sanjayvinodk@gmail.com,Sanjay Vinod K,23BCE11016,V4Q6J6L4,sanjay.23bce11016@vitbhopal.ac.in
sanjiban.ghosh9434@gmail.com,SANJIBAN GHOSH,23BCE10267,S8J9T5A7,sanjiban.23bce10267@vitbhopal.ac.in
sanodiamansi.1911@gmail.com,MANSI SANODIA,23BCE11837,Z3X1Z9P0,mansi.23bce11837@vitbhopal.ac.in
sanskriti0409@gmail.com,Sanskriti Gupta,23BCE10336,E2Z3A6G3,sanskriti.23bce10336@vitbhopal.ac.in
sapkotakriti04@gmail.com,Kriti Sapkota,23BCE10142,Y2Y2A7Q3,kriti.23bce10142@vitbhopal.ac.in
saralsaxena17@gmail.com,Saral Saxena,23BCE10040,Y5J0W5D8,saral.23bce10040@vitbhopal.ac.in
saramollick05@gmail.com,Sara Mollick,23BCE11454,Y1A5E3L4,sara.23bce11454@vitbhopal.ac.in
sarangsushantpandit23@gmail.com,Sarang Sushant Pandit,23BCE10251,J2E1Q3D6,sarang.23bce10251@vitbhopal.ac.in
saranshg180@gmail.com,Saransh Gupta,23BCE11652,X1X6G2H2,saransh.23bce11652@vitbhopal.ac.in
sarthaksborekar@gmail.com,Sarthak Borekar,23BCE10568,L1E2N1X7,sarthak.23bce10568@vitbhopal.ac.in
satwikmaiti59@gmail.com,Satwik Maiti,23BCE10611,Z4R2D2K5,satwik.23bce10611@vitbhopal.ac.in
saumyadwivedi1904@gmail.com,Saumya Dwivedi,23BCE10331,O2I0P5X9,saumya.23bce10331@vitbhopal.ac.in
saxenaakshiv@gmail.com,Akshiv Saxena,23BCE10785,W1V7T6Y1,akshiv.23bce10785@vitbhopal.ac.in
sayanlahaclash@gmail.com,Sayan Laha,23BCE11380,M2F2Z1F1,sayan.23bce11380@vitbhopal.ac.in
sbsb96745@gmail.com,Soumyodip Bhattacharya,23BCE10416,T2Y7P8N1,soumyodip.23bce10416@vitbhopal.ac.in
sd270020@gmail.com,S DHANUSH,23BCE11429,W3H2V3D8,dhanush.23bce11429@vitbhopal.ac.in
priyanka17.panda@gmail.com,PRIYANKA PANDA,23BCE10141,Q1X6M1C5,priyanka.23bce10141@vitbhopal.ac.in
priyansh.aggarwal23@gmail.com,Priyansh Aggarwal,23BCE11242,I5D6O5P7,priyansh.23bce11242@vitbhopal.ac.in
priyansh8paliwal@gmail.com,Priyansh Paliwal,23BCE10607,F1B3H9K0,priyansh.23bce10607@vitbhopal.ac.in
priyanshchaudhary4613@gmail.com,Priyansh Chaudhary,23BCE10184,T1Z6Z7E2,priyansh.23bce10184@vitbhopal.ac.in
priyanshimaurya23@gmail.com,Priyanshi Maurya,23BCE10755,Z5S4W5E1,priyanshi.23bce10755@vitbhopal.ac.in
priyanshuchakraborty43@gmail.com,PRIYANSHU CHAKRABORTY,23BCE11642,N3J0J9T4,priyanshu.23bce11642@vitbhopal.ac.in
priyanshugupta2569@gmail.com,Priyanshu Gupta,23BCE10228,I4M3D8F3,priyanshu.23bce10228@vitbhopal.ac.in
priyanshusundrani123@gmail.com,PRIYANSHU SUNDRANI,23BCE10741,D5Q1S1F3,priyanshu.23bce10741@vitbhopal.ac.in
priyasahu8982@gmail.com,priya sahu,23BCE10422,V2W4R0V4,priya.23bce10422@vitbhopal.ac.in
pulkit.ag13@gmail.com,Pulkit Agrawal,23BCE10735,G5V7T1B8,pulkit.23bce10735@vitbhopal.ac.in
purnendutiwari2004@gmail.com,Purnendu Tiwari,23BCE10157,T4G6I0Z3,purnendu.23bce10157@vitbhopal.ac.in
purushrut05@gmail.com,Purushrut Pandey,23BCE11084,A4S5X5X5,purushrut.23bce11084@vitbhopal.ac.in
radhikatyagi1302@gmail.com,Radhika Tyagi,23BCE11340,K3W2W9X1,radhika.23bce11340@vitbhopal.ac.in
raghavmathur3743@gmail.com,Raghav Mathur,23BCE11117,K9X3S4R2,raghav.23bce11117@vitbhopal.ac.in
raghuveersinghpanwar222@gmail.com,Raghuveer Singh Panwar,23BCE10023,T2A9Y6T8,raghuveer.23bce10023@vitbhopal.ac.in
rahuljena26@gmail.com,Rahul Jena,23BCE11623,C5G5O5F4,rahul.23bce11623@vitbhopal.ac.in
raimanas421@gmail.com,Manas Rai,23BCE11202,T2O4F9G0,manas.23bce11202@vitbhopal.ac.in
raja.namdeo44@gmail.com,Raja Namdeo,23BCE10729,E2O2I2H4,raja.23bce10729@vitbhopal.ac.in
rajaditya9205@gmail.com,Aditya Raj,23BCE10528,D3N3X2V9,aditya.23bce10528@vitbhopal.ac.in
rajgaura327@gmail.com,Raj Gaurav,23BCE10201,B3N2H6R7,raj.23bce10201@vitbhopal.ac.in
rajrishabh2110@gmail.com,Rishabh Raj,23BCE10691,V2O9O2L0,rishabh.23bce10691@vitbhopal.ac.in
rajutsav83@gmail.com,Utsav Raj,23BCE10920,L3P3Z4V6,utsav.23bce10920@vitbhopal.ac.in
rakeshkabir@gmail.com,Kabir Roy,23BCE10815,G1I1X5K4,kabir.23bce10815@vitbhopal.ac.in
rashiverma.ra25@gmail.com,Rashi Verma,23BCE10005,D2Z1U3F2,rashi.23bce10005@vitbhopal.ac.in
raushik.gc.06@gmail.com,Raushik Gupta,23BCE10974,L2I6L0D6,raushik.23bce10974@vitbhopal.ac.in
ravivishwakarma16181@gmail.com,Ravi Vishwakarma,23BCE10573,M6F3E8Q4,ravi.23bce10573@vitbhopal.ac.in
realpranaw@gmail.com,Pranaw Kumar,23BCE10042,E6B3C4D3,pranaw.23bce10042@vitbhopal.ac.in
riddhimhadgut17@gmail.com,Riddhi Mhadgut,23BCE10110,I2P3D2E5,riddhi.23bce10110@vitbhopal.ac.in
rimjhimkum523@gmail.com,Rimzim Kumari,23BCE11076,T5L7Y1T2,rimzim.23bce11076@vitbhopal.ac.in
rishabh.cha2005@gmail.com,Rishabh Chaturvedi,23BCE11507,H4M7M2T0,rishabh.23bce11507@vitbhopal.ac.in
rishaubkumar534@gmail.com,Rishaub Kumar,23BCE10060,X2U4B7R2,rishaub.23bce10060@vitbhopal.ac.in
rishikasinha2909@gmail.com,Rishika Sinha,23BCE10762,U3O7L2L5,rishika.23bce10762@vitbhopal.ac.in
rishikathakur047@gmail.com,Rishika Thakur,23BCE10009,K7P2K9P2,rishika.23bce10009@vitbhopal.ac.in
rishinegi718@gmail.com,Rishabh Negi,23BCE10452,R4L6O9R0,rishabh.23bce10452@vitbhopal.ac.in
rishitamehta298@gmail.com,Rishita Mehta,23BCE10235,Q7F5R4P1,rishita.23bce10235@vitbhopal.ac.in
ritika.rsinha@gmail.com,RITIKA SINHA,23BCE10196,T1E0A0E5,ritika.23bce10196@vitbhopal.ac.in
ritikchoudhary0812@gmail.com,Ritik Mangawa,23BCE10385,J3Q2P7Q3,ritik.23bce10385@vitbhopal.ac.in
ritikkr274@gmail.com,Ritik Kumar,23BCE10979,O1K1S1D5,ritik.23bce10979@vitbhopal.ac.in
ritikmis16@gmail.com,Ritik Mishra,23BCE10850,V2D3I0V8,ritik.23bce10850@vitbhopal.ac.in
riyaagarwal0228@gmail.com,Riya Agarwal,23BCE11499,H4T4B9P2,riya.23bce11499@vitbhopal.ac.in
riyaashukla30@gmail.com,Riya Shukla,23BCE11293,B5S6M7U2,riya.23bce11293@vitbhopal.ac.in
rmehta1754@gmail.com,Riya Mehta,23BCE10456,D3P3D0K2,riya.23bce10456@vitbhopal.ac.in
rohan.051031@gmail.com,Pv Rohan,23BCE11428,A1O6R7F3,rohan.23bce11428@vitbhopal.ac.in
rohankharche8@gmail.com,Rohan Kharche,23BCE10923,S4U4T7C4,rohan.23bce10923@vitbhopal.ac.in
rohini.7659@gmail.com,Rohini Khapne,23BCE11086,J5U8O3J9,rohini.23bce11086@vitbhopal.ac.in
paritoshkatiyar30@gmail.com,Paritosh Katiyar,23BCE11349,F5G3L8O0,paritosh.23bce11349@vitbhopal.ac.in
parshv.modi91@gmail.com,Parshv Modi,23BCE10807,G1X9I1L1,parshv.23bce10807@vitbhopal.ac.in
parth12w@gmail.com,Parth Deshpande,23BCE11087,R5F9K0X4,patrh.23bce11087@vitbhopal.ac.in
parthbhanti22@gmail.com,Parth Bhanti,23BCE11758,T3W7X6V8,parth.23bce11758@vitbhopal.ac.in
parthpatil2605@gmail.com,Parth Patil,23BCE10448,H0U6A0P7,parth.23bce10448@vitbhopal.ac.in
parvathim213@gmail.com,Parvathi M,23BCE11828,B3F3L5N9,parvathi.23bce11828@vitbhopal.ac.in
pateldhairya2k5@gmail.com,Dhairya Patel,23BCE11723,L3E0C8A0,dhairya.23bce11723@vitbhopal.ac.in
patilriyak@gmail.com,Riya Patil,23BCE11119,G4W6W8X5,riya.23bce11119@vitbhopal.ac.in
paulsandip804@gmail.com,Sandip Paul,23BCE11782,W1V0P6Q4,sandip.23bce11782@vitbhopal.ac.in
porwalsagar1@gmail.com,Sagar Porwal,23BCE11222,I3A1O0K8,sagar.23bce11222@vitbhopal.ac.in
pphreak313@gmail.com,Shlok Kumar,23BCE11457,T3S9Q4R8,shlok.23bce11457@vitbhopal.ac.in
prachis.2291@gmail.com,Prachi Singh,23BCE11342,U3V7D4U7,prachi.23bce11342@vitbhopal.ac.in
pradhyumn.gurjar1234@gmail.com,Pradhyumn Gurjar,23BCE10473,D1I2S1Q6,pradhyumn.23bce10473@vitbhopal.ac.in
pragalbh.katyayan@gmail.com,Pragalbh Sharma,23BCE11286,W4R1F1M0,pragalbh.23bce11286@vitbhopal.ac.in
pragati1278@gmail.com,Pragati Tripathi,23BCE10271,J4A2S4E0,pragati.23bce10271@vitbhopal.ac.in
prajapatiayush10april2004@gmail.com,Ayush Kumar,23BCE10187,K3J1H4M6,ayush.23bce10187@vitbhopal.ac.in
prajapatisumit1216@gmail.com,Sumit Prajapati,23BCE10122,L1D8J3L9,sumit.23bce10122@vitbhopal.ac.in
prakratirathore646@gmail.com,Prakrati Rathore,23BCE11841,B2R2Y0Q1,prakrati.23bce11841@vitbhopal.ac.in
pranav.kr9835@gmail.com,Pranav Kumar,23BCE10906,Y4U4C0O4,pranav.23bce10906@vitbhopal.ac.in
pranavahuja2304@gmail.com,Pranav Ahuja,23BCE11366,C1A6Y9A2,pranav.23bce11366@vitbhopal.ac.in
pranavchinnawar@gmail.com,Pranav Chinnawar,23BCE11655,G5U7Q1T5,pranav.23bce11655@vitbhopal.ac.in
pranavchturvedi18@gmail.com,Pranav Chaturvedi,23BCE10563,K5G8A0E8,pranav.23bce10563@vitbhopal.ac.in
pranavkarra2006@gmail.com,pranav karra,23BCE10775,W2R2X2K2,karra.23bce10775@vitbhopal.ac.in
pranavrkulkarni31@gmail.com,Pranav Kulkarni,23BCE10660,X2O6W7H4,pranav.23bce10660@vitbhopal.ac.in
pranjaljha655@gmail.com,Pranjal Jha,23BCE10052,Z2T1W3S8,pranjal.23bce10052@vitbhopal.ac.in
pranjalrai6799@gmail.com,Pranjal Rai,23BCE10499,A9T5B1E4,pranjal.23bce10499@vitbhopal.ac.in
praphullky4564@gmail.com,Praphull Kumar Yadav,23BCE10231,G1I6H4V1,praphull.23bce10231@vitbhopal.ac.in
prashant220406@gmail.com,Prashant Prashant,23BCE10590,G3S7W2S2,prashant.23bce10590@vitbhopal.ac.in
prashantkumawat6955@gmail.com,Prashant Kumawat,23BCE10508,Q5Y3Y9E3,prashant.23bce10508@vitbhopal.ac.in
prashasti.joshi1008@gmail.com,Prashasti Joshi,23BCE10893,P3N1G5Q7,prashasti.23bce10893@vitbhopal.ac.in
prashishdharmik@gmail.com,Prashish Dharmik,23BCE11636,P3V8Y7K8,prashish.23bce11636@vitbhopal.ac.in
prasoon004saraswat@gmail.com,Prasoon Saraswat,23BCE10488,L6J6B8L9,prasoon.23bce10488@vitbhopal.ac.in
pratham.mittal1707@gmail.com,Pratham Mittal,23BCE10309,C3V0W2A1,pratham.23bce10309@vitbhopal.ac.in
prathamlinux@gmail.com,Pratham Chitkara,23BCE11473,C3T3A8Q2,pratham.23bce11473@vitbhopal.ac.in
prathisthabeniwal@gmail.com,Prathistha Beniwal,23BCE11107,M4P7S6O0,prathistha.23bce11107@vitbhopal.ac.in
pratikkolhe02.official@gmail.com,Pratik Kolhe,23BCE11399,I1X9M4U8,pratik.23bce11399@vitbhopal.ac.in
pratulssingh@gmail.com,Pratul Singh,23BCE10290,J5C7O5T5,pratul.23bce10290@vitbhopal.ac.in
pratykshsomani4105@gmail.com,Pratyksh Somani,23BCE10482,K4P5K8K4,pratyksh.23bce10482@vitbhopal.ac.in
premjadhav21314@gmail.com,Prem Navnath Jadhav,23BCE10521,F4E7L1A3,prem.23bce10521@vitbhopal.ac.in
premkolte26@gmail.com,Prem Kolte,23BCE10013,Y5A4V3N6,prem.23bce10013@vitbhopal.ac.in
prince.mi2501@gmail.com,Shri Ram Prince Mishra,23BCE11629,V5D2T9I9,shri.23bce11629@vitbhopal.ac.in
priyalsaxena421@gmail.com,Priyal Saxena,23BCE11485,B3A5J7V6,priyal.23bce11485@vitbhopal.ac.in
mrinal0307mohit@gmail.com,Mrinal Mohit,23BCE11545,R0Z3D7W7,mrinal.23bce11545@vitbhopal.ac.in
mrityunjaysingh899@gmail.com,Mrityunjay Singh,23BCE10008,E3M9E3C5,mrityunjay.23bce10008@vitbhopal.ac.in
msanjaykumar995@gmail.com,Shubrat Mishra,23BCE10340,A1M7T2Y2,shubrat.23bce10340@vitbhopal.ac.in
msoni20043@gmail.com,Mayank Soni,23BCE10576,P9E1F3Q1,mayank.23bce10576@vitbhopal.ac.in
muhammadkamiljhs12@gmail.com,MOHAMMAD KAMIL,23BCE10029,V1L7Y6K7,mohammad.23bce10029@vitbhopal.ac.in
munishupadhyay183@gmail.com,Munish Upadhyay,23BCE10925,Q3G4R1R3,munish.23bce10925@vitbhopal.ac.in
muskanbundela06@gmail.com,Muskan Bundela,23BCE10927,U1G1I8V8,muskan.23bce10927@vitbhopal.ac.in
muskansrivastav517@gmail.com,Muskan Srivastav,23BCE10014,C5Z5F5O5,muskan.23bce10014@vitbhopal.ac.in
myishaporwal@gmail.com,Myisha Porwal,23BCE11519,S4Z7E1G6,myisha.23bce11519@vitbhopal.ac.in
naman25mittal@gmail.com,Naman Mittal,23BCE11430,Q4M6V5O5,naman.23bce11430@vitbhopal.ac.in
namanawasthi2763@gmail.com,Naman Awasthi,23BCE10835,J4N5Z6Y8,naman.23bce10835@vitbhopal.ac.in
namang380@gmail.com,Naman Gupta,23BCE10189,S3P0D2U1,naman.23bce10189@vitbhopal.ac.in
namanshrivastavaofficial@gmail.com,Naman Shrivastava,23BCE10338,N6A3P0K4,naman.23bce10338@vitbhopal.ac.in
nanditar1027@gmail.com,Nandita Rishishwar,23BCE11405,K5K0E1T2,nandita.23bce11405@vitbhopal.ac.in
navnit.kumar.2027@gmail.com,Navnit Kumar,23BCE11827,L5T0N9H1,navnit.23bce11827@vitbhopal.ac.in
navyasrivastava1025@gmail.com,Navya Srivastava,23BCE10582,F3M0F9G9,navya.23bce10582@vitbhopal.ac.in
neema.saksham1@gmail.com,Saksham Neema,23BCE10399,F6E1T8X5,saksham.23bce10399@vitbhopal.ac.in
nehalfating03@gmail.com,Nehal Fating,23BCE10180,E8X4T6V3,nehal.23bce10180@vitbhopal.ac.in
nigam.divyanshi.lkw@gmail.com,Divyanshi Nigam,23BCE10898,A0D9B7B5,divyanshi.23bce10898@vitbhopal.ac.in
nigamlenka10@gmail.com,Nigam Prasad Lenka,23BCE11432,Q5H4I6P5,nigam.23bce11432@vitbhopal.ac.in
niharikap749@gmail.com,Niharika Pandey,23BCE11230,F6C4R5Q2,niharika.23bce11230@vitbhopal.ac.in
nileshraji811001@gmail.com,Nilesh Raj,23BCE10915,D1C2P3A8,nilesh.23bce10915@vitbhopal.ac.in
nimeshagarwal2105@gmail.com,Nimesh Agarwal,23BCE11386,Y6U3I2H7,nimesh.23bce11386@vitbhopal.ac.in
niranjanmcvn10b@gmail.com,NIRANJAN M,23BCE11437,S4I4Y3S1,niranjan.23bce11437@vitbhopal.ac.in
nishantgoyal010@gmail.com,Nishant Goyal,23BCE10493,E5X0F4C7,nishant.23bce10493@vitbhopal.ac.in
nishitaa369@gmail.com,Nishita Kawadkar,23BCE11227,Y2R6H2Y0,nishita.23bce11227@vitbhopal.ac.in
nishthaja@gmail.com,Nishtha Jain,23BCE10335,H1T5B8N4,nishtha.23bce10335@vitbhopal.ac.in
nitin.y2309@gmail.com,Nitin Yadav,23BCE10581,T1D4P1U9,nitin.23bce10581@vitbhopal.ac.in
nityaagarwal7104@gmail.com,Nitya Agarwal,23BCE10717,T1O2G6I9,nitya.23bce10717@vitbhopal.ac.in
nomanisadique2005@gmail.com,Sadique Nomani,23BCE11535,L5U6U7Q3,sadique.23bce11535@vitbhopal.ac.in
ns4390037@gmail.com,Nishant Sharma,23BCE10095,O3D3O3N1,nishant.23bce10095@vitbhopal.ac.in
nureetghuman09@gmail.com,Nureet Kaur,23BCE10468,M5F9Y8O5,nureet.23bce10468@vitbhopal.ac.in
officialwork.sahil.gupta@gmail.com,Sahil Gupta,23BCE10074,I3G7A9N7,sahil.23bce10074@vitbhopal.ac.in
ojasmanakapure7@gmail.com,Ojas Manakapure,23BCE11189,Z1I6S7I5,ojas.23bce11189@vitbhopal.ac.in
ojaspa05@gmail.com,Ojas Patil,23BCE10063,D6F2E6D3,ojas.23bce10063@vitbhopal.ac.in
okottawar@gmail.com,Omkar Kottawar,23BCE11402,B1D3F8V0,omkar.23bce11402@vitbhopal.ac.in
omrshastri@gmail.com,Omkar Shastri,23BCE11229,M3Q7O7L0,omkar.23bce11229@vitbhopal.ac.in
oshmisisodia@gmail.com,Oshmi Singh Sisodia,23BCE10384,T5A0P2A4,oshmi.23bce10384@vitbhopal.ac.in
p.priyanshuspn@gmail.com,Priyanshu Yadav,23BCE10342,D3X8M8V9,priyanshu.23bce10342@vitbhopal.ac.in
pakhishukla308@gmail.com,Pakhi Shukla,23BCE10847,B5F7N0H8,pakhi.23bce10847@vitbhopal.ac.in
palak.gupta8223@gmail.com,Palak Gupta,23BCE10743,W1I4I1M6,palak.23bce10743@vitbhopal.ac.in
palak.singhhh23@gmail.com,Palak Singh,23BCE11004,N2C0U7S5,palak.23bce11004@vitbhopal.ac.in
palaknarang05@gmail.com,Palak Narang,23BCE11819,R1D7K4K4,palak.23bce11819@vitbhopal.ac.in
palakpandey3232@gmail.com,Palak Pandey,23BCE11061,N3U0J2X2,palak.23bce11061@vitbhopal.ac.in
paliwalarchee@gmail.com,-,-,C1K2N5E2,-
pande.prakhar007@gmail.com,Prakhar Pande,23BCE10197,L5I2T9B5,prakhar.23bce10197@vitbhopal.ac.in
pandeyansh750@gmail.com,Ansh Pandey,23BCE11825,S6W8U4F7,ansh.23bce11825@vitbhopal.ac.in
pandeyap2605@gmail.com,Aditya Pandey,23BCE10203,S6Z4K4R3,aditya.23bce10203@vitbhopal.ac.in
pandeyvibhav10@gmail.com,Vibhav Pandey,23BCE11095,Z9S8P6A6,vibhav.23bce11095@vitbhopal.ac.in
parisangamnerkar@gmail.com,Pari Sangamnerkar,23BCE11057,Q5X8V9C4,pari.23bce11057@vitbhopal.ac.in
kshitijkadyan3@gmail.com,Kshitij Kadyan,23BCE10148,B7H4W1C1,kshitij.23bce10148@vitbhopal.ac.in
kumar.23bce10355@gmail.com,Kumar Arya,23BCE10355,L4J0H0C5,kumar.23bce10355@vitbhopal.ac.in
kumar.anurag.connect@gmail.com,Anurag Kumar,23BCE11185,B3C9Z0K0,anurag.23bce11185@vitbhopal.ac.in
kumarsumit.23p@gmail.com,Sumit Kumar Panika,23BCE10330,P2P8R8I9,sumit.23bce10330@vitbhopal.ac.in
kumhit871@gmail.com,Hitesh Kumar,23BCE10038,A1A2C8O9,hitesh.23bce10038@vitbhopal.ac.in
kunaalsingh1637@gmail.com,Kunal Singh,23BCE10924,O4Z0B1P5,kunal.23bce10924@vitbhopal.ac.in
kunal.mukherjee2205@gmail.com,Kunal Mukherjee,23BCE11083,O5B3P9U1,kunal.23bce11083@vitbhopal.ac.in
kunalps6266@gmail.com,Kunal Pr. Singh,23BCE10822,D6L7W2J8,kunal.23bce10822@vitbhopal.ac.in
kushkameshwerp14@gmail.com,Kush Pathak,23BCE11046,O4I2Y7O8,kush.23bce11046@vitbhopal.ac.in
lakshyarajsranawat@gmail.com,Lakshyaraj Singh Ranawat,23BCE11288,R5G6O6N2,lakshyaraj.23bce11288@vitbhopal.ac.in
lakshyarathore262@gmail.com,Lakshyawardhan Singh Rathore,23BCE10631,A4X0T4E9,lakshyawardhan.23bce10631@vitbhopal.ac.in
lakshyatatoo31@gmail.com,Lakshya Tatoo,23BCE11403,O4N7E3R1,lakshya.23bce11403@vitbhopal.ac.in
lambatanisha021@gmail.com,Tanisha,23BCE10121,O5M4Q4F6,tanisha.23bce10121@vitbhopal.ac.in
leninnamitha@gmail.com,Namitha L,23BCE11620,N1B9M8Y8,namitha.23bce11620@vitbhopal.ac.in
lodhi03ruchika@gmail.com,Ruchika Lodhi,23BCE10034,C2G4A2C6,ruchika.23bce10034@vitbhopal.ac.in
lokwanidivya768@gmail.com,Divya Lokwani,23BCE10929,C9W0S5H6,divya.23bce10929@vitbhopal.ac.in
lucky.123.avnish@gmail.com,Avnish Singh,23BCE11090,B4S9N8M3,avnish.23bce11090@vitbhopal.ac.in
m4n1kya2005@gmail.com,Manikya Nariyal,23BCE11009,Z7L8E6O2,manikya.23bce11009@vitbhopal.ac.in
madhavdube000@gmail.com,Madhav Dubey,23BCE11661,Q9X7V4R8,madhav.23bce11661@vitbhopal.ac.in
mahi.prajapati021005@gmail.com,Mahi Prajapati,23BCE10098,L2N1L9G1,mahi.23bce10098@vitbhopal.ac.in
mahimapal0092@gmail.com,Mahima Pal,23BCE10867,H5X3D6K6,mahima.23bce10867@vitbhopal.ac.in
mailatyuvrajsingh@gmail.com,Yuvraj Singh,23BCE10169,Z6H2Y4B7,yuvraj.23bce10169@vitbhopal.ac.in
mailtosoumya.7@gmail.com,SOUMYA .,23BCE10806,L5X8N1V1,soumya.23bce10806@vitbhopal.ac.in
malaymaru20@gmail.com,Malay Maru,23BCE11077,O5P1W3R9,malay.23bce11077@vitbhopal.ac.in
malhotrayash230905@gmail.com,Yash Malhotra,23BCE10809,Z3F2U9X0,yash.23bce10809@vitbhopal.ac.in
malluvalasa.23bce11144@gmail.com,Sathwik Malluvalasa,23BCE11144,D5F2M0G0,malluvalasa.23bce11144@vitbhopal.ac.in
manan.street@gmail.com,Manan Maheshwari,23BCE10668,J5V2C5F7,Manan.23bce10668@vitbhopal.ac.in
manan25mittal@gmail.com,Manan Mittal,23BCE1081P,U1P7J9B1,manan.23bce10810@vitbhopal.ac.in
manasvikhare9@gmail.com,Manasvi Khare,23BCE10232,O2A4B7J3,manasvi.23bce10232@vitbhopal.ac.in
mangeshsingh2004@gmail.com,Mangesh Singh,23BCE10204,D5O4K9P5,mangesh.23bce10204@vitbhopal.ac.in
manvi2605nayak@gmail.com,Manvi Nayak,23BCE11635,Z5P8V7B6,manvi.23bce11635@vitbhopal.ac.in
mayanklucky4@gmail.com,Mayank Anand,23BCE10719,F2G1K1I3,mayank.23bce10719@vitbhopal.ac.in
mehrotrayash2005@gmail.com,Yash Mehrotra,23BCE10942,J5O7N8F8,yash.23bce10942@vitbhopal.ac.in
mehtakajal796@gmail.com,Kajal Mehta,23BCE10234,I6T7Y1A8,kajal.23bce10234@vitbhopal.ac.in
meshwa.mv9900@gmail.com,Meshwa Verma,23BCE11207,Q1M3Y1B3,meshwa.23bce11207@vitbhopal.ac.in
milindsharma72@gmail.com,Milind Sharma,23BCE10517,V2E9E6P2,milind.23bce10517@vitbhopal.ac.in
mishtikhanna07@gmail.com,Mishti Khanna,23BCE11626,M5W6G1Y1,mishti.23bce11626@vitbhopal.ac.in
mithijain220405@gmail.com,Mithi jain,23BCE11750,D5O7Q7B9,mithi.23bce11750@vitbhopal.ac.in
mittal.krish2305@gmail.com,Krish Mittal,23BCE10078,P3K4H3H3,krish.23bce10078@vitbhopal.ac.in
mkdir.harsh108@gmail.com,HARSH HARSH,23BCE10390,U3Y5G4B8,harsh.23bce10390@vitbhopal.ac.in
mohakgupta.g@gmail.com,Mohak Gupta,23BCE10653,P2U3M5P2,mohak.23bce10653@vitbhopal.ac.in
mohanprasad.bus@gmail.com,-,-,I1W8G2E9,-
mohantybrajesh4@gmail.com,Brajesh Mohanty,23BCE11830,A4P8R6Z0,brajesh.23bce11830@vitbhopal.ac.in
mohitagrawal2212@gmail.com,Mohit Agrawal,23BCE10276,X1O4B9D9,mohit.23bce10276@vitbhopal.ac.in
moon.edp1029@gmail.com,Nayan Kumar Shukla,23BCE11071,V3T1J1Y1,nayan.23bce11071@vitbhopal.ac.in
mp796526@gmail.com,Meet Patel,23BCE10256,C6V5B3T2,meet.23bce10256@vitbhopal.ac.in
mridulbhatt840@gmail.com,Mridul Bhatt,23BCE11347,Q3H4K8G7,mridul.23bce11347@vitbhopal.ac.in
mridultyagi49@gmail.com,Mridul Tyagi,23BCE11427,B1W4P4B8,mridul.23bce11427@vitbhopal.ac.in
its.rahulkhatwani@gmail.com,Rahul Khatwani,23BCE10658,T0C0V2Z2,rahul.23bce10658@vitbhopal.ac.in
iziaurofficial@gmail.com,Md Ziaur Rahman,23BCE10130,T2K9U2B5,ziaur.23bce10130@vitbhopal.ac.in
jainsparsh235@gmail.com,Sparsh Jain,23BCE10512,R3J3O5Z3,sparsh.23bce10512@vitbhopal.ac.in
jaiswalakshat874@gmail.com,Akshat Jaiswal,23BCE10434,X4C5W6H9,akshat.23bce10434@vitbhopal.ac.in
jayant.chaudhary1980@gmail.com,Jayant Chaudhary,23BCE10085,P1L0N9F2,jayant.23bce10085@vitbhopal.ac.in
jayant.rawat2015@gmail.com,Jayant Rawat,23BCE11823,H2M8P7G7,jayant.23bce11823@vitbhopal.ac.in
jeslyn.mathew20@gmail.com,Jeslyn Mathew,23BCE10888,K2F8F5N5,jeslyn.23bce10888@vitbhopal.ac.in
jhalakmverma.15@gmail.com,Jhalak Verma,23BCE10903,C5A1I7Y3,jhalak.23bce10903@vitbhopal.ac.in
jigyasa8969@gmail.com,Jigyasa Jigyasa,23BCE10382,B3E1Z4W8,jigyasa.23bce10382@vitbhopal.ac.in
jiyasingh150204@gmail.com,Jiya Singh,23BCE10406,K1S6I0D3,jiya.23bce10406@vitbhopal.ac.in
joelvgs22@gmail.com,Joel Varghese,23BCE11726,D2U3H8A6,joel.23bce11726@vitbhopal.ac.in
joshiakshit29@gmail.com,Akshit Joshi,23BCE11142,J3C9P3X3,aksht.23bce11142@vitbhopal.ac.in
joshikrish533@gmail.com,Krish Joshi,23BCE10305,F1K5W2T3,krish.23bce10305@vitbhopal.ac.in
joshishriyash4@gmail.com,Shriyash Joshi,23BCE11284,B1Y4N6S3,shriyash.23bce11284@vitbhopal.ac.in
jyotsnapandey0126@gmail.com,Jyotsna Pandey,23BCE11062,X6K2D7Y9,jyotsna.23bce11062@vitbhopal.ac.in
k29paliwal@gmail.com,Kanak Paliwal,23BCE10084,P3D1E5C1,kanak.23bce10084@vitbhopal.ac.in
kamleshchowdhary191@gmail.com,KAMLESH CHOWDHARY,23BCE10260,Z3B7P5H2,kamlesh.23bce10260@vitbhopal.ac.in
kanakholkar05@gmail.com,Kanak Holkar,23BCE10295,D6A3U5G6,kanak.23bce10295@vitbhopal.ac.in
kanakrishya.sk4656@gmail.com,Karishma,23BCE11415,Y2S0V3D5,karishma.23bce11415@vitbhopal.ac.in
kanikakumar05july@gmail.com,Kanika Kumar,23BCE10252,X4F1Y7F1,kanika.23bce10252@vitbhopal.ac.in
kanishka030805@gmail.com,Kanishka Kanishka,23BCE10437,Z5B6P6I3,kanishka.23bce10437@vitbhopal.ac.in
kanishkatkj05@gmail.com,Kanishka Jain,23BCE10457,K1E8F3M2,kanishka.23bce10457@vitbhopal.ac.in
kanishktomar17@gmail.com,Kanishk Tomar,23BCE10588,L6I7L2L0,kanishk.23bce10588@vitbhopal.ac.in
kapsemansi89@gmail.com,Mansi Kapse,23BCE10627,S5L3I2F7,mansi.23bce10627@vitbhopal.ac.in
karthikrathod509@gmail.com,Karthik Rathlavath,23BCE11601,B3L3D3V7,rathlavath.23bce11601@vitbhopal.ac.in
kartikey.is.verma@gmail.com,Kartikey Verma,23BCE11756,M2N2V9N6,kartikey.23bce11756@vitbhopal.ac.in
kartiksaxena9455098991@gmail.com,Kartik Saxena,23BCE11133,J1O4G2N5,kartik.23bce11133@vitbhopal.ac.in
kasaksingh81@gmail.com,Kasak Singh,23BCE10250,T2B6E7X3,kasak.23bce10250@vitbhopal.ac.in
kashiv.ishaan@gmail.com,Ishaan Kashiv,23BCE10318,K1Z3J7O0,ishaan.23bce10318@vitbhopal.ac.in
kashreen13@gmail.com,Ashreen Kaur,23BCE11238,M3D7P8F3,ashreen.23bce11238@vitbhopal.ac.in
kaushalchandola29@gmail.com,Kaushal Chandola,23BCE10428,C5H9W5X4,kaushal.23bce10428@vitbhopal.ac.in
kavyansh1509@gmail.com,Kavyansh Vats,23BCE10301,M1R5M1F1,kavyansh.23bce10301@vitbhopal.ac.in
kdhruv512@gmail.com,Dhruv Kumar,23BCE10117,Q1Z0J2K2,dhruv.23bce10117@vitbhopal.ac.in
keciat70@gmail.com,Kecia Tamhane,23BCE11658,P2R6K3M0,kecia.23bce11658@vitbhopal.ac.in
keyadave06@gmail.com,Keya Dave,23BCE11410,X1P4G5J5,keya.23bce11410@vitbhopal.ac.in
khanarshan0003@gmail.com,Arshan Khan,23BCE10800,S3U5B8K2,arshan.23bce10800@vitbhopal.ac.in
khareishan12@gmail.com,Ishan Khare,23BCE10317,C2W7E7Y2,ishan.23bce10317@vitbhopal.ac.in
khushangsingh8508@gmail.com,Khushang Singh,23BCE10425,V1G5H9D7,khushang.23bce10425@vitbhopal.ac.in
khushiebrahma@gmail.com,Khushie Brahma,23BCE10548,M3V5H1J1,khushie.23bce10548@vitbhopal.ac.in
khushisingh3387@gmail.com,Khushi Singh,23BCE11838,Q5I4W8V1,khushi.23bce11838@vitbhopal.ac.in
khwahishsinghal13@gmail.com,Khwahish .,23BCE10949,C3R2A3A3,khwahish.23bce10949@vitbhopal.ac.in
kishikaraheja30@gmail.com,Kishika Raheja,23BCE10877,K2K6U7V3,kishika.23bce10877@vitbhopal.ac.in
koleypriyam8@gmail.com,Priyam Koley,23BCE10953,T3D6Y7K1,priyam.23bce10953@vitbhopal.ac.in
konerucharan04@gmail.com,Koneru Charan,23BCE11161,D5Z0E2A4,koneru.23bce11161@vitbhopal.ac.in
kopalverma24@gmail.com,Kopal Verma,23BCE10222,D3T2N5Y9,kopal.23bce10222@vitbhopal.ac.in
koustubhpande021@gmail.com,Koustubh Pande,23BCE10283,W1D6K2P5,koustubh.23bce10283@vitbhopal.ac.in
kovidhvsb7724@gmail.com,Kovidh Vardhan Singh Bhati,23BCE11195,C2C0Z2J2,kovidh.23bce11195@vitbhopal.ac.in
krishnamadhavjha121@gmail.com,Krishna Madhav Jha,23BCE10118,G5M3Q8Q8,krishna.23bce10118@vitbhopal.ac.in
krishringi123@gmail.com,Harsh Shringi,23BCE11192,D3Z8Y8D0,harsh.23bce11192@vitbhopal.ac.in
kriti.gupta20004@gmail.com,Kriti Gupta,23BCE10744,N5U8F4Z3,kriti.23bce10744@vitbhopal.ac.in
kritika021205@gmail.com,Kritika Bhatnagar,23BCE10459,V5Y5P4L0,kritika.23bce10459@vitbhopal.ac.in
ksami6978@gmail.com,Sami Khan,23BCE11116,Z3Y9I0W8,sami.23bce11116@vitbhopal.ac.in
gopalkrishn2003@gmail.com,-,-,V3H2Z0U8,-
gs0711911@gmail.com,Shreyash Singh,23BCE10145,G3W4L0X4,shreyash.23bce10145@vitbhopal.ac.in
guptamohak18@gmail.com,Mohak Gupta,23BCE10507,O6Y6S2O5,mohak.23bce10507@vitbhopal.ac.in
guptapayoshi2016@gmail.com,Payoshi Gupta,23BCE10976,Y1D4S9K5,payoshi.23bce10976@vitbhopal.ac.in
hardik07jain@gmail.com,HARDIK JAIN,23BCE10740,V6L9T3V8,hardik.23bce10740@vitbhopal.ac.in
hare81675@gmail.com,Radha Rani,23BCE10804,H2D7P4M4,radha.23bce10804@vitbhopal.ac.in
harsh074singhal@gmail.com,AKSHAT SINGHAL,23BCE11669,S5P6Z9H4,akshat.23bce11669@vitbhopal.ac.in
harshchelani08@gmail.com,harsh chelani,23BCE10828,O2M0V1G8,harsh.23bce10828@vitbhopal.ac.in
harshikasharma548@gmail.com,Harshika Sharma,23BCE11313,M3L7C5E0,harshika.23bce11313@vitbhopal.ac.in
harshit20051025@gmail.com,Harshit Singh Bisht,23BCE11738,T1R7W8E1,harshit.23bce11738@vitbhopal.ac.in
harshit22oct@gmail.com,Harshit Kumar,23BCE10386,J0V3X9E1,harshit.23bce10386@vitbhopal.ac.in
harshit3976@gmail.com,Harshit Singh Negi,23BCE10483,A2X4S6B8,harshit.23bce10483@vitbhopal.ac.in
harshita6097@gmail.com,Harshita Sharma,23BCE10503,G1T5W3N3,harshita.23bce10503@vitbhopal.ac.in
harshitajaiswalofficial24@gmail.com,Harshita Jaiswal,23BCE11331,O3X7M7Z1,harshita.23bce11331@vitbhopal.ac.in
harshitarathor2005@gmail.com,Harshita Rathor,23BCE10890,T5M6V2W4,harshita.23bce10890@vitbhopal.ac.in
harshitgupta3546@gmail.com,Harshit Gupta,23BCE10186,P3K7U7L5,harshit.23bce10186@vitbhopal.ac.in
harshitkumargupta059@gmail.com,Harshit Kumar,23BCE11461,Y7T3J7Y1,harshit.23bce11461@vitbhopal.ac.in
harshitmodi2802@gmail.com,Harshit Kumar Modi,23BCE10764,H2Q5E4A4,harshit.23bce10764@vitbhopal.ac.in
harshitvats237@gmail.com,HARSHIT VATS,23BCE10361,R2N9J1D7,harshit.23bce10361@vitbhopal.ac.in
harshkusingh9456@gmail.com,Harsh Kumar singh,23BCE10081,Q1G0R6Q7,harsh.23bce10081@vitbhopal.ac.in
harshparyani68@gmail.com,Harsh Paryani,23BCE10215,W3E7K8Y2,harsh.23bce10215@vitbhopal.ac.in
harshpatel132004@gmail.com,Harsh Patel,23BCE10150,L3H9R1E3,harsh.23bce10150@vitbhopal.ac.in
hemanktr12@gmail.com,Hemank Patel,23BCE10245,A6P9X9S0,hemank.23bce10245@vitbhopal.ac.in
hemenbhasin@gmail.com,HEMEN BHASIN,23BCE10258,L3F3W1V8,hemen.23bce10258@vitbhopal.ac.in
hemrishibhansali1@gmail.com,Hemrishi Bhansali,23BCE11836,J5F9D3T7,hemrishi.23bce11836@vitbhopal.ac.in
highflyer2310@gmail.com,Ayush Patel,23BCE10332,C6V1K3N0,ayush.23bce10332@vitbhopal.ac.in
himanshu.23bce11842@gmail.com,Himanshu Trivedi,23BCE11842,G2P0Y8M1,himanshu.23bce11842@vitbhopal.ac.in
himanshurathoremorar@gmail.com,Himanshu Rathore,23BCE10343,I1I4H8N4,himanshu.23bce10343@vitbhopal.ac.in
himanshusinghrajput1107@gmail.com,Himanshu singh,23BCE10450,W2Z2S2D4,himanshu.23bce10450@vitbhopal.ac.in
himanshuyadav5838@gmail.com,Himanshu Yadav,23BCE10031,R3I2Y7M9,himanshu.23bce10031@vitbhopal.ac.in
himriduljha11@gmail.com,Mridul Jha,23BCE10480,V1W6I6K5,mridul.23bce10480@vitbhopal.ac.in
hiteshpatel0674@gmail.com,Hitesh Kumar Patel,23BCE10363,Q5I7C2Q8,hitesh.23bce10363@vitbhopal.ac.in
hiyadullu05@gmail.com,Hiya Dullu,23BCE11063,O6A1X3M9,hiya.23bce11063@vitbhopal.ac.in
hkushwaha21305@gmail.com,Harsh Kushwaha,23BCE10265,H3U5M8Z3,harsh.23bce10265@vitbhopal.ac.in
iammridul222@gmail.com,Mridul Rajgaria,23BCE11832,S5R0R2P8,mridul.23bce11832@vitbhopal.ac.in
iampriyanshprajapati@gmail.com,Priyansh Prajapati,23BCE10947,I5S1X9C9,priyansh.23bce10947@vitbhopal.ac.in
iamshubhdeep@gmail.com,Shubhdeep Singh,23BCE11460,G3F7V6E1,shubhdeep.23bce11460@vitbhopal.ac.in
ianshsingh10@gmail.com,Ansh Singh,23BCE10409,D2V6Q8K6,ansh.23bce10409@vitbhopal.ac.in
ide.deepti04@gmail.com,Deepti Srivastava,23BCE11425,M3Y9B2N0,deepti.23bce11425@vitbhopal.ac.in
indiahammad1947@gmail.com,Mohammad Hammad Khan,23BCE10210,C1V0S7Y6,mohd.23bce10210@vitbhopal.ac.in
io.sakshamgupta@gmail.com,Saksham Gupta,23BCE10006,P2W9D5Q3,saksham.23bce10006@vitbhopal.ac.in
ipprateek2005@gmail.com,PRAVARSH PRATEEK,23BCE11025,I3H1U8F5,pravarsh.23bce11025@vitbhopal.ac.in
ishaan.verma2003@gmail.com,Ishaan Verma,23BCE11052,V3I3N3L6,ishaan.23bce11052@vitbhopal.ac.in
ishamahadev2019@gmail.com,Isha Mahadev,23BCE10163,H1H2M6V8,isha.23bce10163@vitbhopal.ac.in
ishanpardhi5@gmail.com,Ishan Pardhi,23BCE10597,O1U0X6H2,ishan.23bce10597@vitbhopal.ac.in
ishipathak085@gmail.com,Ishi Pathak,23BCE11184,V3E0A7Y4,ishi.23bce11184@vitbhopal.ac.in
ishit.work@gmail.com,Ishit Chhabra,23BCE10958,T2L1N8A1,ishit.23bce10958@vitbhopal.ac.in
ishitaa369@gmail.com,Ishita Kawadkar,23BCE11228,P4P0K2D0,ishita.23bce11228@vitbhopal.ac.in
ishitagautam298@gmail.com,ISHITA GAUTAM,23BCE11316,S3V5Z7V5,ishita.23bce11316@vitbhopal.ac.in
iskc9838@gmail.com,Skand Kumar Choubey,23BCE10639,E1J1I6B4,skand.23bce10639@vitbhopal.ac.in
devavratverma30@gmail.com,DEVAVRAT VERMA,23BCE11193,S5E0L4W3,devavrat.23bce11193@vitbhopal.ac.in
deveshmokhariya@gmail.com,Devesh Mokhariya,23BCE10745,R6M2F5D8,devesh.23bce10745@vitbhopal.ac.in
deviyansh910@gmail.com,Deviyansh Rajpurohit,23BCE11167,B4P9F4D4,deviyansh.23bce11167@vitbhopal.ac.in
devsakre30@gmail.com,Devesh Sakre,23BCE10202,G2O4K0R7,devesh.23bce10202@vitbhopal.ac.in
devyanshunegi@gmail.com,Devyanshu Negi,23BCE10205,X5J5B7M1,devyanshu.23bce10205@vitbhopal.ac.in
devyasaigal05@gmail.com,Devya Saigal,23BCE10961,U6Y6U6O7,devya.23bce10961@vitbhopal.ac.in
dhairyag31@gmail.com,Dhairya Gothi,23BCE10225,E2K1S0M4,dhairya.23bce10225@vitbhopal.ac.in
dhakamrityudaman@gmail.com,Mrityudaman Dhaka,23BCE10164,Z5M4O8L5,mrityudaman.23bce10164@vitbhopal.ac.in
dheerajkseven@gmail.com,K Dheeraj,23BCE10723,S6N8K0V2,dheeraj.23bce10723@vitbhopal.ac.in
dhochakvartika@gmail.com,Vartika Dhochak,23BCE10344,E4Q2B5N9,vartika.23bce10344@vitbhopal.ac.in
dhritimittal.10a@gmail.com,Dhriti Mittal,23BCE10704,U1P2K3B9,dhriti.23bce10704@vitbhopal.ac.in
dhruv.hedaoo@gmail.com,Dhruv Hedaoo,23BCE11510,A6Z5F9Y2,dhruv.23bce11510@vitbhopal.ac.in
dhruv95682@gmail.com,Dhruv Kumar,23BCE10160,F2C0W2K3,dhruv.23bce10160@vitbhopal.ac.in
dhruvchutani0705@gmail.com,Dhruv Chutani,23BCE11041,H5I3H2I1,dhruv.23bce11041@vitbhopal.ac.in
dhruvdalal725@gmail.com,Dhruv .,23BCE10259,D4N7G9D2,dhruv.23bce10259@vitbhopal.ac.in
dhruvpvt56@gmail.com,Dhruv Seth,23BCE10011,Q5M0Y7P4,dhruv.23bce10011@vitbhopal.ac.in
dibyadyutichowdhury@gmail.com,Dibyadyuti Chowdhury,23BCE10564,Q2Z0W3C7,dibyadyuti.23bce10564@vitbhopal.ac.in
dileep.official2026@gmail.com,Dileep kumar,23BCE11651,A4Y6Q0C4,dileep.23bce11651@vitbhopal.ac.in
dishasengar1june@gmail.com,Disha Sengar,23BCE11104,N5X3R2F9,disha.23bce11104@vitbhopal.ac.in
divi.katiyar0435@gmail.com,Divyanshi Katiyar,23BCE11246,Z4O2S8C8,divyanshi.23bce11246@vitbhopal.ac.in
divitrastogi428@gmail.com,Divit Rastogi,23BCE10896,N5E4Z7L2,divit.23bce10896@vitbhopal.ac.in
divyamchoudhary15@gmail.com,Divyam Choudhary,23BCE11129,S5F9E9S3,divyam.23bce11129@vitbhopal.ac.in
divyanshbhatt2018@gmail.com,Divyansh Bhatt,23BCE10093,M2Y1T0I7,divyansh.23bce10093@vitbhopal.ac.in
divyanshgkp36@gmail.com,Divyansh Kumar Srivastava,23BCE10887,O9S2A9F7,divyansh.23bce10887@vitbhopal.ac.in
divyanshubisht1624@gmail.com,divyanshu singh bisht,23BCE10286,E1M1I4Y1,divyanshu.23bce10286@vitbhopal.ac.in
divyanshudwivedi1290@gmail.com,Divyanshu Dwivedi,23BCE11244,F3Y4J4X0,divyanshu.23bce11244@vitbhopal.ac.in
diwanyash12@gmail.com,Yash Diwan,23BCE10154,I1E0F6E5,yash.23bce10154@vitbhopal.ac.in
diya.raghuvanshi2005@gmail.com,Diya Raghuvanshi,23BCE10010,R3V3S8H0,diya.23bce10010@vitbhopal.ac.in
diya.sambharia@gmail.com,DIYA SAMBHARIA,23BCE11317,S1P2M6O9,diya.23bce11317@vitbhopal.ac.in
diyasrivastava2901@gmail.com,Diya Srivastava,23BCE10891,E4P1C8J6,diya.23bce10891@vitbhopal.ac.in
dorothyroy20@gmail.com,Dorothy,23BCE10941,I5U8V7L3,Dorothy.23bce10941@vitbhopal.ac.in
dubeyaniket7839@gmail.com,Aniket Dubey,23BCE10199,N5V0O7X5,aniket.23bce10199@vitbhopal.ac.in
dubeyshreya2507@gmail.com,Shreya Dubey,23BCE10516,W4U6U2Z1,shreya.23bce10516@vitbhopal.ac.in
eashnajain20@gmail.com,Eashna Jain,23BCE10549,B4A4U3B0,eashna.23bce10549@vitbhopal.ac.in
ektaharde15@gmail.com,Ekta Harde,23BCE10817,U4Y0O1M1,ekta.23bce10817@vitbhopal.ac.in
falguniameta95@gmail.com,Falguni Ameta,23BCE11816,M3G6Z5H6,falguni.23bce11816@vitbhopal.ac.in
farooqueazam004@gmail.com,Farooque Azam,23BCE10418,A4A8K4O5,farooque.23bce10418@vitbhopal.ac.in
forrlg006@gmail.com,Lakshya Gupta,23BCE10957,D1W8U7X3,lakshya.23bce10957@vitbhopal.ac.in
gargdevansh728@gmail.com,Devansh Garg,23BCE11696,R1N5K2X5,devansh.23bce11696@vitbhopal.ac.in
gargdiya359@gmail.com,Diya Garg,23BCE10125,J5E8N1S3,diya.23bce10125@vitbhopal.ac.in
gargeesingh72@gmail.com,Gargee Singh,23BCE11449,Z5T7T6G9,gargee.23bce11449@vitbhopal.ac.in
gargg2545@gmail.com,GAURAV GARG,23BCE11765,Q2B8F8I8,gaurav.23bce11765@vitbhopal.ac.in
gargi1845@gmail.com,Gargi Sharma,23BCE10655,M3A7B6V8,gargi.23bce10655@vitbhopal.ac.in
gargifchouhan@gmail.com,Gargi Gargi,23BCE11333,O3R1U0B5,gargi.23bce11333@vitbhopal.ac.in
gaurav8651077952@gmail.com,Gaurav kumar,23BCE10424,P9I6W5U2,gaurav.23bce10424@vitbhopal.ac.in
gaurimakker2006@gmail.com,Gauri Makker,23BCE11131,T1U9H7B2,gauri.23bce11131@vitbhopal.ac.in
gaurnakul733@gmail.com,Nakul Gaur,23BCE11694,I3D1Z5X3,nakul.23bce11694@vitbhopal.ac.in
gautamyadav6232@gmail.com,Gautam Kumar Yadav,23BCE10106,E1C6S2P7,gautam.23bce10106@vitbhopal.ac.in
george.jbv2005@gmail.com,George Jibin Verghese,23BCE10392,Z3I5A5O7,george.23bce10392@vitbhopal.ac.in
ghungrudarjun@gmail.com,ARJUN GHUNGRUD,23BCE10411,N1G1K5M5,arjun.23bce10411@vitbhopal.ac.in
gokulsanthosh244@gmail.com,Gokul Santhosh,23BCE11291,S3P1C0X2,gokul.23bce11291@vitbhopal.ac.in
ayusharvind2k18@gmail.com,Ayush Arvind,23BCE11017,M1K9I1X2,ayush.23bce11017@vitbhopal.ac.in
ayushchandra416@gmail.com,Ayush Chandra,23BCE10461,T4I3C2U0,ayush.23bce10461@vitbhopal.ac.in
ayushdeshmukh8830@gmail.com,Ayush Deshmukh,23BCE11255,H3G8X4E5,deshmukh.23bce11255@vitbhopal.ac.in
ayushghonge1309@gmail.com,Ayush Ghonge,23BCE10325,D4W0D2J4,ayush.23bce10325@vitbhopal.ac.in
ayushikarwa2019@gmail.com,Ayushi Karwa,23BCE11001,V2J0X2M3,ayushi.23bce11001@vitbhopal.ac.in
ayushipandeyjamshedpur@gmail.com,Ayushi .,23BCE10307,C7Q4J4P0,ayushi.23bce10307@vitbhopal.ac.in
ayushithakur2165@gmail.com,Ayushi Thakur,23BCE11248,N2N9A7M7,ayushi.23bce11248@vitbhopal.ac.in
ayushjha.241105@gmail.com,Ayush Jha,23BCE10592,S3J1C8L3,ayush.23bce10592@vitbhopal.ac.in
ayushkt3@gmail.com,Ayush Kumar,23BCE11831,J3V1P4T6,ayush.23bce11831@vitbhopal.ac.in
ayushkushwah131@gmail.com,Ayush Kushwah,23BCE11135,J3D6Z3P8,ayush.23bce11135@vitbhopal.ac.in
ayushrajverma67@gmail.com,Ayush Raj Verma,23BCE10914,O4H7W8H7,ayush.23bce10914@vitbhopal.ac.in
ayushrathi125@gmail.com,Ayush Rathi,23BCE11747,U6G2C2Y1,ayush.23bce11747@vitbhopal.ac.in
ayushsinghkh2005@gmail.com,Ayush Singh,23BCE10240,A4L5C8H1,ayush.23bce10240@vitbhopal.ac.in
ayushverma2804@gmail.com,Ayush Verma,23BCE11145,J2Y1G5F8,ayush.23bce11145@vitbhopal.ac.in
backupkeliye08@gmail.com,-,-,V2W4J7Q8,-
baigmarookh@gmail.com,Mirza Marookh Baig,23BCE11254,E5U5U5X3,mirza.23bce11254@vitbhopal.ac.in
balajipoosarla05@gmail.com,Poosarla Balaji,23BCE11760,O4X4T7C9,poosarla.23bce11760@vitbhopal.ac.in
bansalswayum@gmail.com,Swayum Bansal,23BCE10466,V1Z8K9O7,swayum.23bce10466@vitbhopal.ac.in
barman23vipanchi@gmail.com,Vipanchi Barman,23BCE10886,D3H8Y8T0,vipanchi.23bce10886@vitbhopal.ac.in
behera.soumyak05@gmail.com,Soumyak Pransuman Behera,23BCE10284,F4E5V0P6,soumyak.23bce10284@vitbhopal.ac.in
bhakatparthapratim@gmail.com,Partha Pratim Bhakat,23BCE11271,J3Y7I8C0,partha.23bce11271@vitbhopal.ac.in
bhaleraoananya148@gmail.com,Ananya Bhalerao,23BCE10533,L3B0Q9W8,ananya.23bce10533@vitbhopal.ac.in
bharath200415@gmail.com,N Bharath,23BCE10570,Y2C5C6Q6,bharath.23bce10570@vitbhopal.ac.in
bharatmishra269@gmail.com,Bharat Mishra,23BCE10061,S1Q4K6A2,bharat.23bce10061@vitbhopal.ac.in
bhargavmane18@gmail.com,Bhargav Mane,23BCE10172,C4P4Z6E4,bhargav.23bce10172@vitbhopal.ac.in
bhaveshpillai1104@gmail.com,Bhavesh Pillai,23BCE10320,M1A5M9P1,bhavesh.23bce10320@vitbhopal.ac.in
bhoomiagarwal071204@gmail.com,Bhoomi Agarwal,23BCE10600,L5I9J4B0,bhoomi.23bce10600@vitbhopal.ac.in
bhumikasingh05dec@gmail.com,Bhumika Singh,23BCE11174,P2N0Z5W3,bhumika.23bce11174@vitbhopal.ac.in
bidhuripriyanshu351@gmail.com,Priyanshu,23BCE10542,X1O1V3F6,priyanshu.23bce10542@vitbhopal.ac.in
bipasha.chakraborty.cse@gmail.com,Bipasha Chakraborty,23BCE11369,M2N5L3P6,bipasha.23bce11369@vitbhopal.ac.in
borraviveksri21@gmail.com,Vivek Sri Borra,23BCE11154,V4N6D1H6,borra.23bce11154@vitbhopal.ac.in
bsnehal354@gmail.com,Snehal Baranwal,23BCE10479,G6J0M8Y8,snehal.23bce10479@vitbhopal.ac.in
chahat.23bce10051@gmail.com,-,-,P1O9W8W3,-
charvsn@gmail.com,Charu Jagguka,23BCE11698,I5H3E2V6,charu.23bce11698@vitbhopal.ac.in
chezsan770@gmail.com,Sarthak Kumar,23BCE10324,L2Z7B4K5,sarthak.23bce10324@vitbhopal.ac.in
chiranjeevtripathi2204@gmail.com,Chiranjeev Tripathi,23bce10071,N5G3Q8V2,chiranjeev.23bce10071@vitbhopal.ac.in
choureyakshat916@gmail.com,Akshat Chourey,23BCE11529,T1L9D6I5,akshat.23bce11529@vitbhopal.ac.in
cipher34276@gmail.com,Advay Singh,23BCE10596,D6X9B9W3,advay.23bce10596@vitbhopal.ac.in
d46080481@gmail.com,Dhruv Sharma,23BCE11093,Y1H0D2L8,dhruv.23bce11093@vitbhopal.ac.in
dakshabhardwaj28@gmail.com,Daksha Bhardwaj,23BCE11021,Q3P6V4W9,daksha.23bce11021@vitbhopal.ac.in
dakshdugar890@gmail.com,Daksh Dugar,23BCE10667,M3H0H6M1,daksh.23bce10667@vitbhopal.ac.in
dbijpuria@gmail.com,DEVRAJ BIJPURIA,23BCE11169,B6U3W0S7,devraj.23bce11169@vitbhopal.ac.in
debayan581@gmail.com,Debayan Dey,23BCE10836,G9S5W0K0,debayan.23bce10836@vitbhopal.ac.in
deepanshu6sharawat@gmail.com,Deepanshu Sharawat,23BCE10802,O4G2X5U3,deepanshu.23bce10802@vitbhopal.ac.in
deepmodi670@gmail.com,Aryaman Modi,23BCE11562,X3X7Z0Q1,aaryaman.23bce11562@vitbhopal.ac.in
dev.upadhyay2728@gmail.com,Dev Upadhyay,23BCE11272,G1P8V0M0,dev.23bce11272@vitbhopal.ac.in
devanshdahiya219@gmail.com,Devansh Dahiya,23BCE11680,R3E3I3J5,devansh.23bce11680@vitbhopal.ac.in
devanshpersonalll@gmail.com,Devansh Tyagi,23BCE10247,G1I8S7E3,devansh.23bce10247@vitbhopal.ac.in
devanshrawat1925@gmail.com,Devansh Rawat,23BCE10872,A1U5I6H2,devansh.23bce10872@vitbhopal.ac.in
devasati0605@gmail.com,Dev Asati,23BCE10534,L5P1E2R0,dev.23bce10534@vitbhopal.ac.in
anushri.2335@gmail.com,Anushri Bajpai,23BCE11730,Z3O3Q6N6,anushri.23bce11730@vitbhopal.ac.in
anweshbhattacharya9477@gmail.com,Anwesh Bhattacharya,23BCE11821,X1Q1V2O6,anwesh.23bce11821@vitbhopal.ac.in
apayushpandey04@gmail.com,Ayush Pandey,23BCE10987,Z5G5U2T5,ayush.23bce10987@vitbhopal.ac.in
apc114700@gmail.com,Aashish Pandey,23BCE11066,P1P7D8P7,aashish.23bce11066@vitbhopal.ac.in
apd446264@gmail.com,Akhand Pratap Dwivedi,23BCE10860,G5Q1R6U3,akhand.23bce10860@vitbhopal.ac.in
apoorv.trip18@gmail.com,Apoorv Aditya Tripathi,23BCE10101,X2W1G5H4,apoorv.23bce10101@vitbhopal.ac.in
aritrapradhan.developer@gmail.com,Aritra Pradhan,23BCE11127,I5G9S0W1,aritra.23bce11127@vitbhopal.ac.in
arnavmajithia2005@gmail.com,Arnav Majithia,23BCE11196,C6C1Y9P1,arnav.23bce11196@vitbhopal.ac.in
arnavraj0505@gmail.com,Arnav Raj,23BCE10464,C4D5D2W4,arnav.23bce10464@vitbhopal.ac.in
arnavsaxena2004@gmail.com,Arnav Saxena,23BCE10865,P2N2W0I2,arnav.23bce10865@vitbhopal.ac.in
arnavshukla0925@gmail.com,Arnav Shukla,23BCE10173,H4A3U6V9,arnav.23bce10173@vitbhopal.ac.in
arnavtripathi581@gmail.com,Arnav Tripathi,23BCE10756,Q1Y2X9J8,arnav.23bce10756@vitbhopal.ac.in
aroanvic747@gmail.com,Aroan Victor,23BCE11619,V2H1Y5K0,aroan.23bce11619@vitbhopal.ac.in
arpitananda.11th.a@gmail.com,Arpita Nanda,23BCE11660,H2N2M7K7,arpita.23bce11660@vitbhopal.ac.in
arpitrajput.photos0522@gmail.com,Arpit Sanjay Rajput,23BCE10530,X2P6D3Y1,arpit.23bce10530@vitbhopal.ac.in
arpitvermaa0501@gmail.com,Arpit verma,23BCE10879,B1Z2F1Q7,arpit.23bce10879@vitbhopal.ac.in
arshavsuman@gmail.com,Arshav Devam Suman,23BCE11847,W5X8A4Q9,arshav.23bce11847@vitbhopal.ac.in
arshbaktoo@gmail.com,Arsh Baktoo,23BCE10430,V5X0T5G6,arsh.23bce10430@vitbhopal.ac.in
arshir07@gmail.com,Aarya Shirsath,23BCE10884,S3A7C8J9,shirsat.23bce10884@vitbhopal.ac.in
arti.kumari611506@gmail.com,Arti Kumari,23BCE10706,I5V8Q4Q1,arti.23bce10706@vitbhopal.ac.in
artirai7542@gmail.com,Arti Sharma,23BCE10922,H3P6H7U9,arti.23bce10922@vitbhopal.ac.in
arushbhatnagar05@gmail.com,Arush Bhatnagar,23BCE11739,V3D5Z8F0,arush.23bce11739@vitbhopal.ac.in
arushichaudhary1975@gmail.com,Aarushi Chaudhary,23BCE11152,W6B8Q3X1,aarushi.23bce11152@vitbhopal.ac.in
arya.jain1505@gmail.com,Arya Jain,23BCE10217,R2Z4N9Q1,arya.23bce10217@vitbhopal.ac.in
aryamangarg2005@gmail.com,Aryaman Garg,23BCE10871,Q5C1F9N3,aryaman.23bce10871@vitbhopal.ac.in
aryamankush@gmail.com,Aryaman Kushwaha,23BCE11309,Z2N0E6Z5,aryaman.23bce11309@vitbhopal.ac.in
aryamansharma564@gmail.com,Aryaman Sharma,23BCE10329,D6Q9J4K2,aryanam.23bce10329@vitbhopal.ac.in
aryan.ajwani@gmail.com,Aryan Ajwani,23BCE10557,F2L0P2B7,aryan.23bce10557@vitbhopal.ac.in
aryanamar2005@gmail.com,Aryan Amar,23BCE10620,X1C7F7J2,aryan.23bce10620@vitbhopal.ac.in
aryank20076@gmail.com,Aryan Khandelwal,23BCE10675,Q3B5A2Z8,aryan.23bce10675@vitbhopal.ac.in
aryankaminwar@gmail.com,Aryan Kaminwar,23BCE11203,O1G3E7B5,aryan.23bce11203@vitbhopal.ac.in
aryanmishrajh@gmail.com,Aryan Mishra,23BCE11833,P3V4M6S6,aryan.23bce11833@vitbhopal.ac.in
aryanwalia739@gmail.com,Aryan Walia,23BCE11056,I1T8R6T9,aryan.23bce11056@vitbhopal.ac.in
aryanwifi25@gmail.com,Aryan Singh,23BCE10540,R1G2G7Q6,aryan.23bce10540@vitbhopal.ac.in
as105200k@gmail.com,Avijit Singh Chauhan,23BCE10391,R6G7K8Y0,avijit.23bce10391@vitbhopal.ac.in
asamrth10@gmail.com,Samarth Agarwal,23BCE11671,H5C4A2J6,samarth.23bce11671@vitbhopal.ac.in
asherjoseph880@gmail.com,Asher Sabu Joseph,23BCE11159,C6Z8G3N8,asher.23bce11159@vitbhopal.ac.in
ashikamaheshwari.sde@gmail.com,Ashika Maheshwari,23BCE10102,U5S9Z1Q3,ashika.23bce10102@vitbhopal.ac.in
ashutoshg2905@gmail.com,Ashutosh Gupta,23BCE10622,N2S0M1T8,ashutosh.23bce10622@vitbhopal.ac.in
ashutoshnanda2006@gmail.com,Ashutosh Nanda,23BCE10975,G4J1I9R1,ashutosh.23bce10975@vitbhopal.ac.in
ashwaniarya2009@gmail.com,Ashwani Arya,23BCE10685,I5D5A6W0,ashwani.23bce10685@vitbhopal.ac.in
asimhabib8@gmail.com,Mohd Asim Ansari,23BCE10748,A5C4J2Z7,mohd.23bce10748@vitbhopal.ac.in
atharvatnagane37@gmail.com,Atharva Nagane,23BCE10698,F3N1A5G3,atharva.23bce10698@vitbhopal.ac.in
atulyajuyal2004@gmail.com,Atulya Juyal,23BCE10984,W6B6Q1H1,atulya.23bce10984@vitbhopal.ac.in
avantika9803singh@gmail.com,Avantika Singh,23BCE11400,Q4N8U1I3,avantika.23bce11400@vitbhopal.ac.in
avilambbhushan.krj@gmail.com,Avilamb Bhushan,23BCE10328,K3L5T8Z6,avilamb.23bce10328@vitbhopal.ac.in
avinash.kumar.gautam2005@gmail.com,Avinash Kumar Gautam,23BCE10901,U2Y2C4R9,avinash.23bce10901@vitbhopal.ac.in
avinashrajput2003@gmail.com,Avinash Rajput,23BCE10978,V8N1G3D9,avinash.23bce10978@vitbhopal.ac.in
avishasahu19@gmail.com,Avisha Sahu,23BCE10650,N4B8I8I5,avisha.23bce10650@vitbhopal.ac.in
avishitripathi24@gmail.com,Avishi Tripathi,23BCE11360,N1Y3R8G0,avishi.23bce11360@vitbhopal.ac.in
ayush20039939@gmail.com,Ayush Agarwal,23BCE10678,T5M8O7Q1,ayush.23bce10678@vitbhopal.ac.in
akkatyal05@gmail.com,Akshita Katyal,23BCE10892,L3Z2G6F9,akshita.23BCE10892@vitbhopal.ac.in
akshatbalariya@gmail.com,Akshat Balariya,23BCE11100,J5A2T9K1,akshat.23bce11100@vitbhopal.ac.in
akshatgarg0280@gmail.com,Akshat Garg,23BCE10641,R5W8D4Z6,akshat.23bce10641@vitbhopal.ac.in
akshatshukla777@gmail.com,Akshat Shukla,23BCE10711,Y4B6L4W4,akshat.23bce10711@vitbhopal.ac.in
akshayjha2111@gmail.com,Akshay Mishra,23BCE10997,V4W7P6Y7,akshay.23bce10997@vitbhopal.ac.in
alok08022006@gmail.com,ALOK TIWARI,23BCE10824,M3L0D4N3,alok.23bce10824@vitbhopal.ac.in
aloukikdas6@gmail.com,Aloukik Das,23BCE10551,O5C7Z8E9,aloukik.23bce10551@vitbhopal.ac.in
amanaziz2020@gmail.com,Aman Aziz,23BCE10266,H5C2G0L1,aman.23bce10266@vitbhopal.ac.in
amanpatre25@gmail.com,Aman Patre,23BCE11840,Q5E7Y2G0,aman.23bce11840@vitbhopal.ac.in
amarmaniyadav9935@gmail.com,Amarmani Yadav,23BCE11179,V2T4I4H5,amarmani.23bce11179@vitbhopal.ac.in
amitrahar728@gmail.com,Amit Amit,23BCE10692,J5H7I4R7,amit.23bce10692@vitbhopal.ac.in
amityadav022117@gmail.com,Amit Yadav,23BCE10447,R5L7H3P3,amit.23bce10447@vitbhopal.ac.in
amoghagarwal187@gmail.com,Amogh Agarwal,23BCE10220,X4X8T3I4,amogh.23bce10220@vitbhopal.ac.in
amritesh270411@gmail.com,Amritesh Singh,23BCE11732,Q4T8I4Z2,amritesh.23bce11732@vitbhopal.ac.in
anamikagandhi024@gmail.com,Anamika Gandhi,23BCE11759,S5T2J4G0,anamika.23bce11759@vitbhopal.ac.in
anamikarai835@gmail.com,Anamika Rai,23BCE10277,J0X8J7F3,anamika.23bce10277@vitbhopal.ac.in
anantkaurav53@gmail.com,Anant Kaurav,23BCE11055,P1E6B4M9,anant.23bce11055@vitbhopal.ac.in
ananyachawla08032004@gmail.com,Ananya Chawla,23BCE11126,T3I3Y8L0,ananya.23bce11126@vitbhopal.ac.in
ananyak1012@gmail.com,Ananya Kushwah,23BCE10191,B1Y0M4C3,ananya.23bce10191@vitbhopal.ac.in
ananyap1293@gmail.com,Ananya Kumari,23bce10659,A3A3Y3I6,ananya.23bce10659@vitbhopal.ac.in
anjalikumari50023090@gmail.com,Anjali Kumari,23BCE10356,J6O8F4Q9,anjali.23bce10356@vitbhopal.ac.in
anjalikushwaha8009@gmail.com,Anjali Kushwaha,23BCE10067,U3H5H1S5,anjali.23bce10067@vitbhopal.ac.in
ankitsharma1831ao@gmail.com,Ankit Sharma,23BCE11180,B1T8Q8B7,ankit.23bce11180@vitbhopal.ac.in
anshg6937@gmail.com,Ansh Gaur,23bce11808,S3G4B6Y5,ansh.23bce11808@vitbhopal.ac.in
anshika.2s1104@gmail.com,Anshika Singh,23BCE10768,P1F3A7T2,anshika.23bce10768@vitbhopal.ac.in
anshikasinghh504@gmail.com,Anshika Singh,23BCE11209,L3Q8Y8N3,anshika.23bce11209@vitbhopal.ac.in
anshikavksingh02@gmail.com,Anshika Singh,23BCE11353,D3P7X3V1,anshika.23bce11353@vitbhopal.ac.in
anshtyagi530@gmail.com,Ansh Tyagi,23BCE10777,Q3K7S0A5,ansh.23bce10777@vitbhopal.ac.in
anshumaan12sp@gmail.com,Anshumaan Singh,23BCE10863,X6X3C7M5,anshumaan.23bce10863@vitbhopal.ac.in
anshurathor989@gmail.com,Anshu Rathore,23BCE10168,F4A9T8M4,anshu.23bce10168@vitbhopal.ac.in
anshverma24112005@gmail.com,Milind Verma,23BCE11695,D2T2Z4M0,milind.23bce11695@vitbhopal.ac.in
anubhavi.alld@gmail.com,Anubhavi Jaiswal,23BCE10994,R2X1N0R1,anubhavi.23bce10994@vitbhopal.ac.in
anujanag999@gmail.com,Anuja Nag,23BCE11448,P2A7N8B8,anuja.23bce11448@vitbhopal.ac.in
anujmalviya76434@gmail.com,Anuj Malviya,23BCE10012,C6T7Y3J7,anuj.23bce10012@vitbhopal.ac.in
anujpraveshmishra@gmail.com,Anuj Mishra,23BCE11685,T1N6E5B2,mishra.23bce11685@vitbhopal.ac.in
anurag.133004@gmail.com,Anurag Singh,23BCE11205,H4Z3H9P7,anurag.23bce11205@vitbhopal.ac.in
anuragananda99@gmail.com,Anurag Anand,23BCE10757,D4V5B3X1,anurag.23bce10757@vitbhopal.ac.in
anuragtomar1113@gmail.com,Anurag Singh,23BCE10135,L5O9C3W8,anurag.23bce10135@vitbhopal.ac.in
anuruddhps.27@gmail.com,Anuruddh Pratap Singh,23BCE10609,Q2N5B3P3,anuruddh.23bce10609@vitbhopal.ac.in
anusha.agrawal1907@gmail.com,Anusha Agrawal,23BCE10926,F4I4L8P9,anusha.23bce10926@vitbhopal.ac.in
anushagupta1808@gmail.com,Anusha Gupta,23BCE10866,T4O5R9K3,anusha.23bce10866@vitbhopal.ac.in
anushka.kp.joshi@gmail.com,Anushka Joshi,23BCE10733,A6J3G2U1,anushka.23bce10733@vitbhopal.ac.in
anushka25dubey@gmail.com,Anushka Dubey,23BCE11492,B6M7C8W5,anushka.23bce11492@vitbhopal.ac.in
anushkasadhu123@gmail.com,Anushka Sadhu,23BCE11845,V1H3A8G0,anushka.23bce11845@vitbhopal.ac.in
anushkasarviya@gmail.com,Anushka Sarviya,23BCE10854,F2X9K3T9,anushka.23bce10854@vitbhopal.ac.in
abha.basa@gmail.com,Alisha Basa,23BCE10239,A8D3Q7D2,alisha.23bce10239@vitbhopal.ac.in
abhaysinghchauhan2506@gmail.com,Abhay Singh Chauhan,23BCE10545,Y2S3O5N4,abhay.23bce10545@vitbhopal.ac.in
abhijeet23kumar45@gmail.com,Abhijeet Kumar,23BCE113122,Y5E9W3W5,abhijeet.23bce11312@vitbhopal.ac.in
abhijeetshakya976@gmail.com,Abhijeet Shakya,23BCE10383,L6I5R6Y2,abhijeet.23bce10383@vitbhopal.ac.in
abhilash110505@gmail.com,Abhilash Choudhary,23BCE11155,L1H6G0H8,abhilash.23bce11155@vitbhopal.ac.in
abhinavanand7011@gmail.com,Abhinav Anand,23BCE10651,J1Z4H1I3,abhinav.23bce10651@vitbhopal.ac.in
abhishekchauhan.chauhan073@gmail.com,Abhishek Chauhan,23BCE10577,P5T8F6J0,abhishek.23bce10577@vitbhopal.ac.in
abhyudayjha.knp@gmail.com,Abhyuday Jha,23BCE10943,V7W2Q9K2,abhyuday.23bce10943@vitbhopal.ac.in
abhyudaytomar1@gmail.com,Abhyuday Tomar,23BCE11727,A6J2Q8M8,abhyuday.23bce11727@vitbhopal.ac.in
abhyuditdev9@gmail.com,Abhyudit Deo Singh,23BCE11479,I2C6A5F4,Abhyudit.23bce11479@vitbhopal.ac.in
adarsh.ks.tech@gmail.com,Adarsh Kumar Singh,23BCE10566,G1J2I7M1,adarsh.23bce10566@vitbhopal.ac.in
adarsh.yadav070605@gmail.com,Adarsh Yadav,23BCE10598,H5G8Q6M5,adarsh.23bce10598@vitbhopal.ac.in
adarshaditya.mishra@gmail.com,Adarsh Mishra,23BCE10246,H5A3O6T8,adarsh.23bce10246@vitbhopal.ac.in
adarshlilhare5000@gmail.com,Adarsh Lilhare,23BCE11418,E1X8A3E9,adarsh.23bce11418@vitbhopal.ac.in
adarshpratapsingh421@gmail.com,Adarsh pratap singh,23BCE10811,K6B3C7V0,adarsh.23bce10811@vitbhopal.ac.in
aditeesrivastava1802@gmail.com,Aditee Srivastava,23BCE11417,V2L0T7X4,aditee.23bce11417@vitbhopal.ac.in
adithyabijoymain@gmail.com,Adithya Bijoy,23BCE11624,R1C0N1N3,adithya.23bce11624@vitbhopal.ac.in
aditi.040613@gmail.com,Aditi Mishra,23BCE10435,H3S1F0B5,aditi.23bce10435@vitbhopal.ac.in
aditiparthasarathi1406@gmail.com,Aditi Parthasarathi,23BCE10233,C6P8Q2P0,aditi.23bce10233@vitbhopal.ac.in
aditsinghrathore1@gmail.com,Adit Singh Rathore,23BCE10238,W4A6V4W3,adit.23bce10238@vitbhopal.ac.in
aditya.chaudhary0523@gmail.com,Aditya Chaudhary,23BCE10237,Z1S3O7H9,aditya.23bce10237@vitbhopal.ac.in
aditya.hargunani.10@gmail.com,Aditya Hargunani,23BCE10515,R3S8J1H7,aditya.23bce10515@vitbhopal.ac.in
aditya2005.dwivedi@gmail.com,Aditya Dev Dwivedi,23BCE10663,Q9N4K0V5,aditya.23bce10663@vitbhopal.ac.in
adityameshram922@gmail.com,ADITYA MESHRAM,23BCE11715,N2F5H7V7,aditya.23bce11715@vitbhopal.ac.in
adityapandey779922@gmail.com,Aditya Pandey,23BCE10787,A3O5J8I7,aditya.23bce10787@vitbhopal.ac.in
adityar26raj@gmail.com,Aditya Raj,23BCE10772,P3P1C9I7,aditya.23bce10772@vitbhopal.ac.in
adityasharma121617@gmail.com,Aditya Sharma,23BCE11042,Y4E4P8I8,aditya.23bce11042@vitbhopal.ac.in
adityasin450@gmail.com,Aditya Singh,23BCE10155,M3O3J8M0,aditya.23bce10155@vitbhopal.ac.in
adnanshakil001@gmail.com,Adnan Shakil,23BCE11834,S2Q0T3P8,adnan.23bce11834@vitbhopal.ac.in
aerinpatel9@gmail.com,Aerin Patel,23BCE10016,P1P8G0D5,aerin.23bce10016@vitbhopal.ac.in
agarwalashi231@gmail.com,Ashi Agarwal,23BCE10206,T3C2Z0O2,ashi.23bce10206@vitbhopal.ac.in
agarwalhardik963@gmail.com,Hardik Agarwal,23BCE10376,N1S9L2L8,hardik.23bce10376@vitbhopal.ac.in
agarwalrahul0100@gmail.com,Rahul Agarwal,23BCE11000,F4O0X4G0,rahul.23bce11000@vitbhopal.ac.in
ahmadharis1349@gmail.com,Haris Ahmad,23BCE11109,Z4N6B1A0,haris.23bce11109@vitbhopal.ac.in
akanshaa649@gmail.com,Akansha Gupta,23BCE10298,B3B9J6I3,akansha.23bce10298@vitbhopal.ac.in
akarsh.0212@gmail.com,AKARSH SHUKLA,23BCE10227,D4A3M7Q0,akarsh.23bce10227@vitbhopal.ac.in
akarshagrawal912@gmail.com,Akarshit Agrawal,23BCE10264,K2M8Z3P5,akarshit.23bce10264@vitbhopal.ac.in
akhilastitva365@gmail.com,AKHIL ASTITVA,23BCE11678,B1L4Y9J2,akhil.23bce11678@vitbhopal.ac.in
akhilshriyash@gmail.com,Shriyash Akhil,23BCE10547,W1Q6I9H5,shriyash.23bce10547@vitbhopal.ac.in
06ishansaxena@gmail.com,Ishan Saxena,23BCE10303,I5P5Y3H6,ishan.23bce10303@vitbhopal.ac.in
1406pradhananshika@gmail.com,Anshika Pradhan,23BCE11576,U1E9U1Q7,anshika.23bce11576@vitbhopal.ac.in
1611aryansingh@gmail.com,ARYAN SINGH,23BCE11704,G4C6N0Q2,aryan.23bce11704@vitbhopal.ac.in
2.xig.snigdhagupta@gmail.com,Snigdha Gupta,23BCE10327,J5H7T3W2,snigdha.23bce10327@vitbhopal.ac.in
2004arpitgupta@gmail.com,Arpit Gupta,23BCE10791,L6Q5R9V5,arpit.23bce10791@vitbhopal.ac.in
2004shreypandey@gmail.com,Shrey Pandey,23BCE10944,A4B6P1N4,shrey.23bce10944@vitbhopal.ac.in
21singh.mansi@gmail.com,Mansi Singh,23BCE10047,O1W5N7S3,mansi.23bce10047@vitbhopal.ac.in
22hirdesh@gmail.com,Hirdesh Singh,23BCE10272,N6Y8U5A8,hirdesh.23bce10272@vitbhopal.ac.in
23rudragupta@gmail.com,Rudra Rudra,23BCE10068,Q3S5Z2Z9,rudra.23bce10068@vitbhopal.ac.in
25shivamagrawal@gmail.com,Shivam Agrawal,23BCE10989,P4U0A9O7,shivam.23bce10989@vitbhopal.ac.in
2904palak@gmail.com,PALAK KULSHRESHTHA,23BCE10844,G4Q7K3I5,palak.23bce10844@vitbhopal.ac.in
aadisingh789222@gmail.com,Aditya Singh,23BCE11030,J1O9V6J1,aditya.23bce11030@vitbhopal.ac.in
aadityahpandya@gmail.com,Aaditya Pandya,23BCE11256,H2Z5G4P1,aaditya.23bce11256@vitbhopal.ac.in
aadiykhan@gmail.com,Aadiy Khan,23BCE10969,G6U5N5H1,aadiy.23bce10969@vitbhopal.ac.in
aalya160205@gmail.com,Aalya Bagga,23BCE11647,R2K4K4T4,aalya.23bce11647@vitbhopal.ac.in
aanya098765@gmail.com,Aanya Singh,23BCE10956,T2A3U4N3,aanya.23bce10956@vitbhopal.ac.in
aarav.knp.08@gmail.com,Aarav Agarwal,23BCE10311,Y4K0V8V5,aarav.23bce10311@vitbhopal.ac.in
aaravgogia10d@gmail.com,Aarav Gogia,23BCE11282,H1A2X5U0,aarav.23bce11282@vitbhopal.ac.in
aarulk0110@gmail.com,Aarul Kumar,23BCE10857,V4W1G0E7,aarul.23bce10857@vitbhopal.ac.in
aarushichaddha0209@gmail.com,Aarushi Chaddha,23BCE10462,Z2T0J3Z5,aarushi.23bce10462@vitbhopal.ac.in
aarushisinghnaruka@gmail.com,Aarushi Naruka,23BCE11097,F3S8R2B7,aarushi.23bce11097@vitbhopal.ac.in
aashishmodhawala2005@gmail.com,Ashish Modhawala,23BCE10183,F4C1F0X7,ashish.23bce10183@vitbhopal.ac.in
aastha.patel2109@gmail.com,Aastha Patel,23BCE10398,B2C5L8G0,aastha.23bce10398@vitbhopal.ac.in
aayushi.vinod2507@gmail.com,Aayushi Vinod,23BCE10895,B4L7X5Z3,aayushi.23bce10895@vitbhopal.ac.in
aayushsharma543543@gmail.com,Aayush Sharma,23BCE10993,O5B4I2Y7,aayush.23bce10993@vitbhopal.ac.in
aayushtiwari1001@gmail.com,Aayush Tiwari,23BCE11572,P2W8T9F8,aayush.23bce11572@vitbhopal.ac.in
qureshimateen6265@gmail.com,Mateen Qureshi,23BEC10048,A1S5J6G1,mateen.23bec10048@vitbhopal.ac.in
rupalipatel21003@gmail.com,Rupali Patel,23BEC10081,O4M7D3P6,rupali.23bec10081@vitbhopal.ac.in
shaynasingh503@gmail.com,Shayna Singh,23BEC10066,C6A8A7H1,shayna.23bec10066@vitbhopal.ac.in
srinidhi140905@gmail.com,Srinidhi Thirukandalam Kidambi,23BEC10057,Q2A2Z6E9,srinidhi.23bec10057@vitbhopal.ac.in
vaibhavdxt14@gmail.com,Vaibhav Dikshit,23BEC10009,G9Q7A8X7,vaibhav.23bec10009@vitbhopal.ac.in
vivek31318032@gmail.com,Vivekanand Vivekanand,23BEC10020,V3D5G6G8,vivekanand.23bec10020@vitbhopal.ac.in
aditya1101203@gmail.com,Aditya Srivastava,23BEC10029,K5H7A0C7,aditya.23bec10029@vitbhopal.ac.in
akshatsharmain11@gmail.com,Akshat Sharma,23BEC10053,M1E4Q5M9,Akshat.23bec10053@vitbhopal.ac.in
anugrahpeters29jul@gmail.com,ANUGRAH PETERS,23BEC10039,G4T4K2Q5,anugrah.23bec10039@vitbhopal.ac.in
avinashbvm@gmail.com,Avinash Raj,23BEC10028,G6K7S1P3,avinash.23bec10028@vitbhopal.ac.in
charvinirajraut@gmail.com,Charvi Raut,23BEC10076,A1M9Y4X2,charvi.23bec10076@vitbhopal.ac.in
humairaali0301@gmail.com,Humaira Ali,23BEC10077,F2V2J2M6,humaira.23bec10077@vitbhopal.ac.in
krisdig30@gmail.com,Krishangee Handique,23BEC10030,J5I9A2U4,krishangee.23bec10030@vitbhopal.ac.in
vidhisonibpl@gmail.com,Vidhi Soni,23BAI10552,N2H4D6P0,vidhi.23bai10552@vitbhopal.ac.in
vidhiudasi2@gmail.com,Vidhi Udasi,23BAI10202,C2S2D7T7,vidhi.23bai10202@vitbhopal.ac.in
vijayrajeshr@gmail.com,Vijay Rajesh R,23BAI10917,I3O7Z0G2,vijay.23bai10917@vitbhopal.ac.in
vikaskkumar01122@gmail.com,Vikas kumar,23BAI10650,J3H2N5D3,vikas.23bai10650@vitbhopal.ac.in
vinitkumar2105@gmail.com,Vinit Kumar Arora,23BAI10615,X1D9O1U6,vinit.23bai10615@vitbhopal.ac.in
vishal.kr.geez@gmail.com,Vishal Kumar,23BAI11035,E4Y8U4C1,vishal.23bai11035@vitbhopal.ac.in
vishalkumar02291@gmail.com,Vishal Kumar,23BAI11402,N7M4N9Q2,vishal.23bai11402@vitbhopal.ac.in
visheshtripathi281@gmail.com,Vishesh Mani Tripathi,23BAI11374,L5K1S9T0,vishesh.23bai11374@vitbhopal.ac.in
vivshwantomar17@gmail.com,Vivshwan Krishna Tomar,23BAI10792,H5G7Q5K9,vivshwan.23bai10792@vitbhopal.ac.in
vkpal8300@gmail.com,Vaibhav Kumar Pal,23BAI10619,X1I0P7P6,vaibhav.23bai10619@vitbhopal.ac.in
w.harsh2005@gmail.com,Harsh Chauhan,23BAI11397,X2V4D1Y8,harsh.23bai11397@vitbhopal.ac.in
work.utkarsh210@gmail.com,Utkarsh Sharma,23BAI11049,S4K0R2T1,utkarsh.23bai11049@vitbhopal.ac.in
workwakshaansh@gmail.com,Akshaansh Veer,23BAI10730,U3O8O3U9,akshaansh.23bai10730@vitbhopal.ac.in
yash.shreshth@gmail.com,shreshth tiwari,23BAI10149,F1M2Y6S5,shreshth.23bai10149@vitbhopal.ac.in
yashanshgupta@gmail.com,Yashansh Gupta,23BAI10025,T5H7O7R0,yashansh.23bai10025@vitbhopal.ac.in
yashpratap1837@gmail.com,Yash Pratap Singh,23BAI10012,X6F0U9A5,yash.23bai10012@vitbhopal.ac.in
yashshri682@gmail.com,Yash Srivastava,23bai10937,A2F9I1L0,yash.23bai10937@vitbhopal.ac.in
yashverma08vk18@gmail.com,YASH VERMA,23BAI11393,V3Y4Z0O9,yash.23bai11393@vitbhopal.ac.in
ydvdinesh39@gmail.com,Dinesh Yadav,23BAI10010,Z3R4K2T4,dinesh.23bai10010@vitbhopal.ac.in
yeshs503@gmail.com,Yesh Sharma,23BAI10524,V1E5G2V8,yesh.23bai10524@vitbhopal.ac.in
yogeshkawar746@gmail.com,yogesh kawar,23BAI10816,C5Z7X4M2,yogesh.23bai10816@vitbhopal.ac.in
zejaz6806@gmail.com,Zoya Ejaz,23BAI11394,R4H8S7D4,zoya.23bai11394@vitbhopal.ac.in
tejasvi.0501@gmail.com,Tejasvi Gupta,23BAI10681,G4V6Y7Z2,Tejasvi.23bai10681@vitbhopal.ac.in
tejaswisinghparmar2026@gmail.com,Tejaswi Singh Parmar,23BAI10188,H9N7L8Z3,tejaswi.23bai10188@vitbhopal.ac.in
thelakshyasahu@gmail.com,Lakshya Sahu,23BAI10250,S5J7K5S4,lakshya.23bai10250@vitbhopal.ac.in
thisisabhay.c@gmail.com,Abhay Choudhary,23BAI10760,V6G9O3U3,abhay.23bai10760@vitbhopal.ac.in
tidha427@gmail.com,SOUMILI PAL,23BAI11195,U1S6D3V5,soumili.23bai11195@vitbhopal.ac.in
tiwariharshit990@gmail.com,Harshit Tiwari,23BAI10435,Z6T1W0Z0,harshit.23bai10435@vitbhopal.ac.in
tnusng7905@gmail.com,Tanu Singh,23BAI10750,Q5W4M0L6,tanu.23bai10750@vitbhopal.ac.in
toayushikashyap@gmail.com,Ayushi .,23BAI10811,B3O1I5W9,ayushi.23bai10811@vitbhopal.ac.in
trishakukreja9@gmail.com,Trisha Kukreja,23BAI10117,L2L7J1V3,trisha.23bai10117@vitbhopal.ac.in
tulevedant@gmail.com,Vedant Tule,23BAI11252,M5J7M6U3,vedant.23bai11252@vitbhopal.ac.in
tusharsaxena280703@gmail.com,Tushar Saxena,23BAI10831,K3H8K4E9,tushar.23bai10831@vitbhopal.ac.in
udaypratap1402@gmail.com,Uday Pratap Singh,23BAI10540,O3U2V8J7,uday.23bai10540@vitbhopal.ac.in
udita.chakraborty05@gmail.com,Udita Chakraborty,23BAI10653,J1L4N4A9,udita.23bai10653@vitbhopal.ac.in
uditmerit@gmail.com,Uditya Narayan Tiwari,23BAI10543,F1D9P4B6,uditya.23bai10543@vitbhopal.ac.in
ujjawal77.0077@gmail.com,Ujjawal Kumar Sharma,23BAI10599,Q3M4M9M4,sharma.23bai10599@vitbhopal.ac.in
ujjwalpathak554@gmail.com,Ujjwal Pathak,23BAI10443,S1B0Q0W1,ujjwal.23bai10443@vitbhopal.ac.in
upadhyayunnat387@gmail.com,Unnat Upadhyay,23BAI10322,D4N0A3R6,unnat.23bai10322@vitbhopal.ac.in
urmibarman272@gmail.com,Urmi Barman,23BAI10102,V1I6Y9C7,urmi.23bai10102@vitbhopal.ac.in
utkarshyadav090303@gmail.com,Utkarsh Singh Yadav,23BAI10609,T2J3X0F1,utkarsh.23bai10609@vitbhopal.ac.in
vaibhavarora2512@gmail.com,Vaibhav Arora,23BAI10406,R1H2P1Q2,vaibhav.23bai10406@vitbhopal.ac.in
vaibhavjisugandhiji6999@gmail.com,Vaibhav Sugandhi,23BAI10790,N5R1E8Q3,vaibhav.23bai10790@vitbhopal.ac.in
vaidikathakur116@gmail.com,Vaidika Thakur,23BAI10948,Y3C1Z3P0,vaidika.23bai10948@vitbhopal.ac.in
vaishnavitiwari026@gmail.com,Vaishnavi Tiwari,23BAI11354,C2A9U2K2,vaishnavi.23bai11354@vitbhopal.ac.in
vansh.kash05@gmail.com,Vansh Kashyap,23BAI10586,G2E5Z3Q7,vansh.23bai10586@vitbhopal.ac.in
vansharorajuly24@gmail.com,Vansh Arora,23BAI10638,P2F0A0S1,Vansh.23bai10638@vitbhopal.ac.in
varni1505@gmail.com,Varnikumar Rajendrakumar Patel,23BAI10974,J5G4B4M3,varnikumar.23bai10974@vitbhopal.ac.in
vashikaagupta@gmail.com,Vashika Gupta,23BAI10822,P3R8E0V7,vashika.23bai10822@vitbhopal.ac.in
vashisthyogesh570@gmail.com,Yogesh,23BAI10056,Y4J6O1K2,yogesh.23bai10056@vitbhopal.ac.in
vedantd400@gmail.com,Vedant Deshmukh,23BAI10096,Z4Z6F1W7,vedant.23bai10096@vitbhopal.ac.in
veedushijain2005@gmail.com,Veedushi Jain,23BAI10068,A7Y5H4I0,veedushi.23bai10068@vitbhopal.ac.in
veetidew@gmail.com,Veeti Dewangan,23BAI10100,M2U1V9H0,veeti.23bai10100@vitbhopal.ac.in
vhardik536@gmail.com,Hardik Verma,23BAI10915,W1F0W4C9,hardik.23bai10915@vitbhopal.ac.in
vidhan01286@gmail.com,Vidhan Ayachit,23BAI10233,A1T9D9Z4,vidhan.23bai10233@vitbhopal.ac.in
sinhasujal2005@gmail.com,Sujal Sinha,23BAI10535,T6M7X9O9,sujal.23bai10535@vitbhopal.ac.in
skandsingh2005@gmail.com,Skand Ashwani Singh,23BAI11386,E3C1H2C1,skand.23bai11386@vitbhopal.ac.in
smriti.shaurya22@gmail.com,Smriti Singh,23BAI11385,W0R6H4N9,smriti.23bai11385@vitbhopal.ac.in
snehalrishika1324@gmail.com,Rishika Snehal,23BAI11325,P3M9V6Z7,rishika.23bai11325@vitbhopal.ac.in
snehamandal414@gmail.com,Sneha Mandal,23BAI10659,L1F2W7D6,sneha.23bai10659@vitbhopal.ac.in
sneharai.4.2004@gmail.com,Sneha Rai,23BAI10775,O5C6U1J6,sneha.23bai10775@vitbhopal.ac.in
sparshsrivastava951@gmail.com,Sparsh Srivastava,23BAI10631,C4E2A8F5,sparsh.23bai10631@vitbhopal.ac.in
sparvathy817@gmail.com,Sree Parvathy P Nair,23BAI10844,V2W4I2R8,sree.23bai10844@vitbhopal.ac.in
sreelakshmia2005@gmail.com,Sreelakshmi A,23BAI11083,P2T9D4V7,sreelakshmi.23bai11083@vitbhopal.ac.in
sreenand48@gmail.com,Sreenand Rajeev,23BAI10132,N3F9K4X6,sreenand.23bai10132@vitbhopal.ac.in
sriharshamittapally6@gmail.com,Mittapally Sri Harsha,23BAI10802,A5G2B8J5,mittapally.23bai10802@vitbhopal.ac.in
sriivastavaakshat@gmail.com,Akshat Srivastava,23BAI10865,P1M8J1T7,akshat.23bai10865@vitbhopal.ac.in
srivastava.vitthal01@gmail.com,Vitthal Das Srivastava,23BAI10349,Z5O5U2U1,vitthal.23bai10349@vitbhopal.ac.in
srivastavavivek2005@gmail.com,Vivek Srivastava,23BAI10127,P2V6L3B1,vivek.23bai10127@vitbhopal.ac.in
ssohamdube@gmail.com,Soham Amol Dube,23BAI11287,Z5Y6A2U1,soham.23bai11287@vitbhopal.ac.in
subhadeepsarkar2004@gmail.com,Subhadeep Sarkar,23BAI10977,R4V0Y3Q6,subhadeep.23bai10977@vitbhopal.ac.in
subhranshusharma7@gmail.com,Subhranshu Sharma,23BAI10252,K2M4Z5I9,subhranshu.23bai10252@vitbhopal.ac.in
subodhmishra1711@gmail.com,Subodh Mishra,23BAI10576,W4Z3N1C0,subodh.23bai10576@vitbhopal.ac.in
sunainamohapatra738@gmail.com,Sunaina Mohapatra,23BAI11159,P2G6X9C3,sunaina.23bai11159@vitbhopal.ac.in
sunmeshesreyas@gmail.com,Sreyas Sunmesh,23BAI10062,B6W7H9U1,sreyas.23bai10062@vitbhopal.ac.in
suryanshsapehia@gmail.com,Suryansh Sapehia,23bai11228,E2V6U6Y5,suryansh.23bai11228@vitbhopal.ac.in
suyashmishra.rm@gmail.com,Suyash Mishra,23BAI10725,O2L2Y5N2,suyash.23bai10725@vitbhopal.ac.in
suyashsoni3200510@gmail.com,Suyash Soni,23BAI10165,B5Q3Z7L9,suyash.23bai10165@vitbhopal.ac.in
swaroopbhowmik7@gmail.com,Swaroop Bhowmik,23BAI10722,M1N2K0N0,swaroop.23bai10722@vitbhopal.ac.in
swayamburde2004@gmail.com,Swayam Burde,23BAI10606,F4R5V3G1,swayam.23bai10606@vitbhopal.ac.in
syde967aafn@gmail.com,Syed Aafreen,23BAI11280,L4C7L0U7,syed.23bai11280@vitbhopal.ac.in
taherbatterywala1105@gmail.com,Taher Batterywala,23BAI10502,C1R6O0Z4,taher.23bai10502@vitbhopal.ac.in
taneeshpatel8@gmail.com,Taneesh Patel,23BAI10059,B6S0Y8J8,taneesh.23bai10059@vitbhopal.ac.in
tanish.gupta6888@gmail.com,Tanish Gupta,23BAI10217,V4W9W4X5,tanish.23bai10217@vitbhopal.ac.in
tanishkjain3011@gmail.com,Tanishk Jain,23BAI10415,W3C9J7I6,tanishk.23bai10415@vitbhopal.ac.in
tanishqdas2005@gmail.com,Tanishq das,23BAI10587,C3R4S2X2,tanishq.23bai10587@vitbhopal.ac.in
tanmayfit19@gmail.com,Tanmay Agnihotri,23BAI10341,H4S0N5C4,tanmay.23bai10341@vitbhopal.ac.in
tanmaysingh416@gmail.com,Tanmay Singh,23BAI10328,B1K6M9N6,tanmay.23bai10328@vitbhopal.ac.in
tanushchawla16@gmail.com,Tanush Chawla,23BAI10073,H6C4L1I2,tanush.23bai10073@vitbhopal.ac.in
tanyachandrakar2710@gmail.com,Tanya Chandrakar,23BAI10698,A5N0C3F0,tanya.23bai10698@vitbhopal.ac.in
tejashrichoudhary2@gmail.com,Tejashri Choudhary,23BAI11279,V1G5U1P1,tejashri.23bai11279@vitbhopal.ac.in
sanjivnik2004@gmail.com,Sanjivni Katiyar,23BAI10287,G4E1R5S7,sanjivni.23bai10287@vitbhopal.ac.in
sanjoli12gupta@gmail.com,Sanjoli Gupta,23BAI11387,G5N4B2Z8,sanjoli.23bai11387@vitbhopal.ac.in
sankarshsreekulam@gmail.com,Sankarsha S,23BAI10440,B3I0H7K1,sankarsha.23bai10440@vitbhopal.ac.in
sanskritimittal5002@gmail.com,SANSKRITI MITTAL,23BAI10988,I5D1T5R9,sanskriti.23bai10988@vitbhopal.ac.in
sanskritisingh141@gmail.com,Sanskriti Singh,23BAI10269,Q6D0C0Y3,sanskriti.23bai10269@vitbhopal.ac.in
satviksharma511@gmail.com,Satvik Sharma,23BAI10651,I3O6T9R4,satvik.23bai10651@vitbhopal.ac.in
satwikagrawal68@gmail.com,Satwik Agrawal,23BAI10737,Z5J8L0S8,satwik.23bai10737@vitbhopal.ac.in
satyam.s8092@gmail.com,Satyam Shah,23BAI11021,H3L7L3L2,satyam.23bai11021@vitbhopal.ac.in
satyam12303@gmail.com,Satyam .,23BAI10557,S1Y8P8X4,satyam.23bai10557@vitbhopal.ac.in
saumilsinghal6395@gmail.com,Saumil Singhal,23BAI10872,C1C3H1M9,saumil.23bai10872@vitbhopal.ac.in
saxenasamridhi1921@gmail.com,Samridhi Saxena,23BAI10271,L2D5C8H8,samridhi.23bai10271@vitbhopal.ac.in
saxenasonakshi14@gmail.com,Sonakshi Saxena,23BAI10191,Y5C3F8R0,sonakshi.23bai10191@vitbhopal.ac.in
sdonityamishra@gmail.com,Nitya Mishra,23BAI11290,D3F5Y1F9,nitya.23bai11290@vitbhopal.ac.in
sejalsriv2005@gmail.com,Sejal Srivastava,23BAI10851,V6Y9W9G5,sejal.23bai10851@vitbhopal.ac.in
shadaanashraf5@gmail.com,Md Shadaan Ashraf,23BAI10399,G4N5U2X9,shadaan.23bai10399@vitbhopal.ac.in
shailendrasinghshaktawat7773@gmail.com,Shailendra Singh Shaktawat,23BAI10842,B6R5F7M6,shailendra.23bai10842@vitbhopal.ac.in
shansit29@gmail.com,Shansit Suman,23BAI10424,K5J2C1I9,shansit.23bai10424@vitbhopal.ac.in
sharikavipanchika@gmail.com,Sharika P K,23BAI10423,K9C2G8G2,sharika.23bai10423@vitbhopal.ac.in
sharmaashi933@gmail.com,Ayushi sharma,23BAI10569,C1M3K2R8,ayushi.23bai10569@vitbhopal.ac.in
sharmagaurav1911@gmail.com,Gaurav Sharma,23BAI10554,S3V9W5X4,gaurav.23bai10554@vitbhopal.ac.in
sharmakan11052005@gmail.com,-,-,C4V9W5N0,-
shashank200422@gmail.com,Shashank Dubey,23BAI10436,V6J9T7L4,shashank.23bai10436@vitbhopal.ac.in
shatakshiravaneshwarprasad@gmail.com,Shatakshi Prasad,23BAI10394,V3M9P6E8,shatakshi.23bai10394@vitbhopal.ac.in
shaunjoseph004@gmail.com,Shaun Joseph,23BAI10555,Z3Q7P2P9,shaun.23bai10555@vitbhopal.ac.in
shlokdhanokar663@gmail.com,SHLOK DHANOKAR,23BAI10289,L6Z9L7L4,shlok.23bai10289@vitbhopal.ac.in
shouryamanpurohit27@gmail.com,Shouryaman Purohit,23BAI10241,B5G6H9X6,shouryaman.23bai10241@vitbhopal.ac.in
shreeradhekrishn05@gmail.com,-,-,I2I0T7X4,-
shresthk548@gmail.com,Shresth Kumar Jha,23BAI11216,T3F9C5X3,shresth.23bai11216@vitbhopal.ac.in
shreyagoyal9988@gmail.com,Shreya Goyal,23BAI10620,M3B8Y5L3,shreya.23bai10620@vitbhopal.ac.in
shreyanshuttam1225@gmail.com,Shreyansh Uttam,23BAI10027,F3H7H4R0,shreyansh.23bai10027@vitbhopal.ac.in
shreyasharma0975@gmail.com,Shreya Sharma,23BAI10260,G5R8B6A9,shreya.23bai10260@vitbhopal.ac.in
shreyashsinghai2005@gmail.com,Shreyash Singhai,23BAI10003,I1X7Y1P6,shreyash.23bai10003@vitbhopal.ac.in
shriakanksha02@gmail.com,Akanksha Shrivastava,23BAI10304,W4L4T5Q4,akanksha.23bai10304@vitbhopal.ac.in
shrishdas444@gmail.com,Shrish Shrish,23BAI11284,P6Y0O0G0,shrish.23bai11284@vitbhopal.ac.in
shrishtisingh0511@gmail.com,Shrishti Singh,23BAI10114,I4B8V0C5,shrishti.23bai10114@vitbhopal.ac.in
shrivastava.aayushi011@gmail.com,Aayushi Shrivastava,23BAI10234,Y1L0O7C6,aayushi.23bai10234@vitbhopal.ac.in
shubhamjain6859@gmail.com,Shubham Jain,23BAI10843,Y5Z1V1A4,shubham.23bai10843@vitbhopal.ac.in
shubhamkumar44838@gmail.com,Shubham Kumar,23BAI10755,P3A4A7J7,shubham.23bai10755@vitbhopal.ac.in
shubhankarpandey322@gmail.com,Shubhankar Pandey,23BAI11053,Y7U1A2T7,shubhankar.23bai11053@vitbhopal.ac.in
shubhyadavxi@gmail.com,Shubh Yadav,23BAI10701,N6J2G3O8,shubh.23bai10701@vitbhopal.ac.in
shukla.adityayt@gmail.com,Aditya Shukla,23BAI10155,Z5S6D1S4,aditya.23bai10155@vitbhopal.ac.in
shwetagupta2072@gmail.com,Shweta Gupta,23BAI10946,Z3A6D6Y9,shweta.23bai10946@vitbhopal.ac.in
sia.upadhyaya@gmail.com,Sia Upadhyay,23BAI10301,C2K7X3A1,sia.23bai10301@vitbhopal.ac.in
siddhant3641@gmail.com,Siddhant Bhargava,23BAI10035,K2P9R9F4,siddhant.23bai10035@vitbhopal.ac.in
sidhantmkumar@gmail.com,Sidhant Kumar,23BAI10858,P5B6S5W5,sidhant.23bai10858@vitbhopal.ac.in
sidhwanisneha@gmail.com,Sneha Sidhwani,23BAI10340,W4M3V1O9,sneha.23bai10340@vitbhopal.ac.in
simranarya167@gmail.com,Simran Arya,23BAI10973,U2F6A2B1,simran.23bai10973@vitbhopal.ac.in
singhashvin34@gmail.com,Ashvin Singh,23BAI10442,I1S2H1D0,ashvin.23bai10442@vitbhopal.ac.in
singhdeepak8439@gmail.com,Deepak Solanki,23BAI10949,G4B2D8H2,deepak.23bai10949@vitbhopal.ac.in
singhrishi042@gmail.com,RISHI SINGH,23BAI10490,N4A1F2J2,rishi.23bai10490@vitbhopal.ac.in
singlanshul24@gmail.com,Anshul Singla,23BAI10028,F1B2W9S0,anshul.23bai10028@vitbhopal.ac.in
sinhashivam2025@gmail.com,Shivam Sinha,23BAI10975,S1P6U4W9,shivam.23bai10975@vitbhopal.ac.in
priyanshinigam122@gmail.com,Priyanshi Nigam,23BAI10908,C7X5L6T9,priyanshi.23bai10908@vitbhopal.ac.in
priyanshudps25@gmail.com,Priyanshu Srivastava,23BAI11278,N1A8W4P0,priyanshu.23bai11278@vitbhopal.ac.in
priyanshusinghrnq@gmail.com,Adarsh Kumar Singh,23BAI10126,E1L5I6P4,adarsh.23bai10126@vitbhopal.ac.in
priyanshv.29@gmail.com,Priyansh vaish,23BAI10795,A8M7O6A1,priyansh.23bai10795@vitbhopal.ac.in
professional.rachit@gmail.com,Rachit Patel,23BAI10969,J6S9F0P8,rachit.23bai10969@vitbhopal.ac.in
puneetpanwar4004@gmail.com,Puneet Puneet,23BAI10122,Z1S1N8C5,puneet.23bai10122@vitbhopal.ac.in
purun2004@gmail.com,Purunjay Pratap Singh,23BAI11067,V5P8Q4A7,purunjay.23bai11067@vitbhopal.ac.in
pushkarlakshakar2006@gmail.com,Pushkar Lakshakar,23BAI10421,N4C4Y3Q4,pushkar.23bai10421@vitbhopal.ac.in
pvadhwaidh11@gmail.com,P V Adhwaidh,23BAI10860,H3B7C2C9,adhwaidh.23bai10860@vitbhopal.ac.in
raffrajput123@gmail.com,Nikhil Rajput,23BAI10123,H5R0E5X6,nikhil.23bai10123@vitbhopal.ac.in
rajatjosephmathew054@gmail.com,Rajat Joseph Mathew,23BAI11054,U3Y9X1S2,rajat.23bai11054@vitbhopal.ac.in
rajatsharma.022805@gmail.com,Rajat Sharma,23BAI10159,J1F3I7M4,rajat.23bai10159@vitbhopal.ac.in
rajputjatin614@gmail.com,Jatin Kumar Verma,23BAI10278,W1T6S6T9,jatin.23bai10278@vitbhopal.ac.in
rajtanman680@gmail.com,Tanman Raj,23BAI11341,N4L8T4S2,tanman.23bai11341@vitbhopal.ac.in
ranjanpriyanshu441@gmail.com,Priyanshu Ranjan,23BAI10691,K7H7R3C2,priyanshu.23bai10691@vitbhopal.ac.in
rashisahu0052@gmail.com,Rashi Sahu,23BAI10779,Z4T5N6G8,rashi.23bai10779@vitbhopal.ac.in
rathiaanchal05@gmail.com,Aanchal Rathi,23BAI10110,I2F8U2Q2,aanchal.23bai10110@vitbhopal.ac.in
rathoreabhaypratap2612@gmail.com,Abhay Pratap Rathore,23BAI10366,E6C6X1T9,abhay.23bai10366@vitbhopal.ac.in
raunakdachdeva2004@gmail.com,Raunak Sachdeva,23BAI11296,R2X8B7J6,raunak.23bai11296@vitbhopal.ac.in
rausahnritesh@gmail.com,Kumar Ritesh Raushan,23BAI11405,J9L5W8R5,kumar.23bai11405@vitbhopal.ac.in
renisharyan2000@gmail.com,Renish Aryan,23BAI10923,H5L7C5Y6,renish.23bai10923@vitbhopal.ac.in
rheabiswas2004@gmail.com,Rhea Biswas,23BAI10998,Z5B5X6N8,rhea.23bai10998@vitbhopal.ac.in
rhythmgandhi2005@gmail.com,RHYTHM GANDHI,23BAI10344,Z1T1N8R1,rhythm.23bai10344@vitbhopal.ac.in
rishabh.tanwar0715@gmail.com,Rishabh Tanwar,23BAI10039,M4F5O1A5,rishabh.23bai10039@vitbhopal.ac.in
ritica112@gmail.com,Ritica Awasthi,23BAI10602,R6U5A5J7,ritica.23bai10602@vitbhopal.ac.in
ritikgupta8170@gmail.com,Ritik Kumar Gupta,23BAI10738,L6M0I3W2,ritik.23bai10738@vitbhopal.ac.in
rituraj69546@gmail.com,Rituraj Singh,23BAI10023,Z8C3N8I5,rituraj.23bai10023@vitbhopal.ac.in
riyarathod415@gmail.com,Riya Rathod,23BAI10074,C3K3C3D6,rathod.23bai10074@vitbhopal.ac.in
rmaddheshiya356@gmail.com,Raj Maddheshiya,23BAI10026,A2B2I0X0,raj.23bai10026@vitbhopal.ac.in
rohanmishra2005@gmail.com,Rohan Mishra,23BAI11223,J4G7T5H4,rohan.23bai11223@vitbhopal.ac.in
romsha2303@gmail.com,Romsha Wadhwa,23BAI10239,E1O9Z3W1,romsha.23bai10239@vitbhopal.ac.in
roshmikagrawal@gmail.com,Roshmik Agrawal,23BAI10014,U1P4N9N3,roshmik.23bai10014@vitbhopal.ac.in
roshnichoudhary93@gmail.com,Roshni Choudhary,23BAI11281,A1S5W2Q1,roshni.23bai11281@vitbhopal.ac.in
royronit2127@gmail.com,Ronit Roy,23BAI10629,U2F0T7E3,ronit.23bai10629@vitbhopal.ac.in
rudrakshofficial2610@gmail.com,Rudraksh Rudraksh,23BAI10883,O7O9A4B9,rudraksh.23bai10883@vitbhopal.ac.in
rudranisarkar04@gmail.com,Rudrani Sarkar,23BAI11072,I5Y1P9E8,rudrani.23bai11072@vitbhopal.ac.in
ruiayashvardhan@gmail.com,Yash Vardhan Ruia,23BAI10166,X4N8G8E6,yash.23bai10166@vitbhopal.ac.in
rujjul.29@gmail.com,Rujjul Saha,23BAI10197,Q4F4W4R4,rujjul.23bai10197@vitbhopal.ac.in
rutujakumbhar.prof@gmail.com,Rutuja Kumbhar,23BAI10134,C9A8L1F2,rutuja.23bai10134@vitbhopal.ac.in
s.jayapradeep7@gmail.com,JayaPradeep S,23BAI10214,D5T4O9W5,jayapradeep.23bai10214@vitbhopal.ac.in
sagarchandra1824@gmail.com,Sagar Chandra,23BAI10004,D2G5E9E9,sagar.23bai10004@vitbhopal.ac.in
sagarsinghrajput0226@gmail.com,Sagar Singh,23BAI10299,Q2T7P8H5,sagar.23bai10299@vitbhopal.ac.in
sahupooja43890@gmail.com,Pooja Sahu,23BAI10182,S2G4V0G4,pooja.23bai10182@vitbhopal.ac.in
saisiddharth22@gmail.com,SAI SIDDARDHA,23BAI11068,T3J6W3X4,sai.23bai11068@vitbhopal.ac.in
saiyam.sandhir.jain@gmail.com,Saiyam Jain,23BAI11130,A4B9W0X0,saiyam.23bai11130@vitbhopal.ac.in
sakshamsingh.22dps@gmail.com,Saksham Singh,23BAI11324,R9H2Y8Z0,saksham.23bai11324@vitbhopal.ac.in
sakshamtrivedi1006@gmail.com,Saksham Trivedi,23BAI10129,U2R0Y9G8,saksham.23bai10129@vitbhopal.ac.in
salunkepradumya@gmail.com,Pradumya Salunke,23BAI11095,Q4B2E9S4,pradumya.23bai11095@vitbhopal.ac.in
samaranand9798@gmail.com,Samar Anand,23BAI10573,O4S3U7K3,samar.23bai10573@vitbhopal.ac.in
samarthsin2006@gmail.com,Samarth Pratap Singh,23BAI10192,F4P6I8V5,samarth.23bai10192@vitbhopal.ac.in
samarthsingh9929@gmail.com,Samarth Singh,23BAI10460,K3T8E9O3,samarth.23bai10460@vitbhopal.ac.in
sanjanamandal2018@gmail.com,Sanjana Mandal,23BAI10712,J2P4K6Z9,sanjana.23bai10712@vitbhopal.ac.in
nikhilkumar72503@gmail.com,Nikhil Kumar,23BAI10597,K5X5N8V3,nikhil.23bai10597@vitbhopal.ac.in
nilabhsharmavipin@gmail.com,Nilabh Sharma,23BAI10673,R1U3M4Y0,nilabh.23bai10673@vitbhopal.ac.in
nipatil2004@gmail.com,Niharika Patil,23BAI11048,I3P2S3R6,niharika.23bai11048@vitbhopal.ac.in
niti.kanoongo3@gmail.com,Niti Ashish Kanoongo,23BAI10955,F4H9S9Q5,niti.23bai10955@vitbhopal.ac.in
nitinkumarsingh296@gmail.com,Nitin Kumar Singh,23BAI10744,Z3Z9T9P0,nitin.23bai10744@vitbhopal.ac.in
officialarshraj@gmail.com,Arsh Raj,23BAI10379,V3F0W5I9,arsh.23bai10379@vitbhopal.ac.in
officialspandan0908@gmail.com,Spandan Agrawal,23BAI10015,W4Q5R1X5,spandan.23bai10015@vitbhopal.ac.in
ojasvi0714raj@gmail.com,Ojasvi Raj,23BAI10164,D3E1Z6O5,ojasvi.23bai10164@vitbhopal.ac.in
ojharaksha99@gmail.com,Raksha Ojha,23BAI11089,V1Q8A8X3,raksha.23bai11089@vitbhopal.ac.in
ojusgupta004@gmail.com,Ojus Gupta,23BAI11323,U6X1B4K0,ojus.23bai11323@vitbhopal.ac.in
omrajputkumar@gmail.com,vinay kumar,23BAI10125,A2A9U2N7,vinay.23bai10125@vitbhopal.ac.in
p2002iyush@gmail.com,Piyush Upadhyay,23BAI10103,X5J6D6T1,piyush.23bai10103@vitbhopal.ac.in
paladugumohith266@gmail.com,MOHITH P,23BAI11382,U4I3P4W4,mohith.23bai11382@vitbhopal.ac.in
palakkhurana1004@gmail.com,Palak,23BAI10189,G6S8M7H8,palak.23bai10189@vitbhopal.ac.in
pandeydivyansh934@gmail.com,Divyansh Pandey,23BAI11020,A5H9Z6E7,divyansh.23bai11020@vitbhopal.ac.in
pankhurijain1130@gmail.com,Pankhuri Jain,23BAI10956,Z3I5V4U8,pankhuri.23bai10956@vitbhopal.ac.in
paramjyotkaur57@gmail.com,Paramjyot Kaur,23BAI11270,L3D3B5Y4,paramjyot.23bai11270@vitbhopal.ac.in
paras005004@gmail.com,Paras Singh,23BAI11408,Q1K3S1P0,paras.23bai11408@vitbhopal.ac.in
paretagaurav2005@gmail.com,Gaurav Pareta,23BAI10427,I6K1X0A7,gaurav.23bai10427@vitbhopal.ac.in
parth.oberai39@gmail.com,Parth Oberai,23BAI11398,G1I8J3G2,parth.23bai11398@vitbhopal.ac.in
parthmishra9942@gmail.com,Parth Mishra,23BAI10539,V4V7F4Z1,parth.23bai10539@vitbhopal.ac.in
pashtitva@gmail.com,Ashtitva Pandey,23BAI10568,T1N7T5T9,ashtitva.23bai10568@vitbhopal.ac.in
patidarankit3739@gmail.com,Ankit Patidar,23BAI10175,X8L9O7G5,ankit.23bai10175@vitbhopal.ac.in
patidaranshul06@gmail.com,Anshul Patidar,23BAI10709,O3K4D4G8,anshul.23bai10709@vitbhopal.ac.in
pattnaikrushali@gmail.com,Rushali Pattnaik,23BAI10871,W5Q2M6N7,rushali.23bai10871@vitbhopal.ac.in
paulpriyanshu704@gmail.com,Priyanshu Paul,23BAI11389,A3E2T2K0,priyanshu.23bai11389@vitbhopal.ac.in
payalmohanty488@gmail.com,Payal Mohanty,23BAI10173,W5R5V3B6,payal.23bai10173@vitbhopal.ac.in
payalsingh29883@gmail.com,Payal Singh,23BAI10483,O1L7L1G9,payal.23bai10483@vitbhopal.ac.in
piyush702kumar@gmail.com,Piyush Kumar,23BAI10959,O2M2N4F4,piyush.23bai10959@vitbhopal.ac.in
piyushsingh50105@gmail.com,Piyush Singh,23BAI10346,Q3E2F8P8,piyush.23bai10346@vitbhopal.ac.in
pkmail2005@gmail.com,Pratham Kashyap,23BAI10455,J1P6O5Z7,pratham.23bai10455@vitbhopal.ac.in
ppandey.rssp246@gmail.com,Pranjal Pandey,23BAI11001,J5D6M5A1,pranjal.23bai11001@vitbhopal.ac.in
prabhmehardhalio@gmail.com,Prabhmehar Dhalio,23BAI10655,I3K9Y9C2,prabhmehar.23bai10655@vitbhopal.ac.in
prachi.techwork@gmail.com,Prachi Patel,23BAI10905,L4D1E0N5,prachikumari.23bai10905@vitbhopal.ac.in
prachibirle99@gmail.com,Prachi Birle,23BAI10944,U5F7M3N0,prachi.23bai10944@vitbhopal.ac.in
prachiprerna1@gmail.com,Prerna Prachi,23BAI10367,M3R5O7N1,prerna.23bai10367@vitbhopal.ac.in
pragyathakur95pt@gmail.com,Pragya Thakur,23BAI10198,R2P7X6Q6,pragya.23bai10198@vitbhopal.ac.in
prakash.sarvyagya@gmail.com,Sarvyagya Prakash,23BAI10759,B6O6I0O0,sarvyagya.23bai10759@vitbhopal.ac.in
prakharanand0967@gmail.com,Prakhar Anand Singh,23BAI10774,H2L6S5D6,prakhar.23bai10774@vitbhopal.ac.in
prakharshrivastava290@gmail.com,Prakhar Shrivastava,23BAI11055,J3Q0H4Y5,prakhar.23bai11055@vitbhopal.ac.in
prakritisrivastava2004@gmail.com,Prakriti Srivastava,23BAI10529,E2R9C1I0,prakriti.23bai10529@vitbhopal.ac.in
pranaygupta2005@gmail.com,Pranay Gupta,23BAI11236,X5F3Z8U8,pranay.23bai11236@vitbhopal.ac.in
pranibhuyan@gmail.com,Puja Rani Bhuyan,23BAI10500,I3G0M6W3,puja.23bai10500@vitbhopal.ac.in
pranjalibisht5@gmail.com,Pranjali Bisht,23BAI10050,M4Z2C9J0,pranjali.23bai10050@vitbhopal.ac.in
pranjalmay2005@gmail.com,Pranjal,23BAI11217,J2I4W8T5,pranjal.23bai11217@vitbhopal.ac.in
prashantrai1164@gmail.com,Prashant Rai,23BAI11124,L4W7A9G7,prashant.23bai11124@vitbhopal.ac.in
prathmay2@gmail.com,Prathmay Awasthi,23BAI10308,T5K7S2A1,prathmay.23bai10308@vitbhopal.ac.in
pratiharkirti@gmail.com,Kirti Pratihar,23BAI10710,J9K8B4G5,kirti.23bai10710@vitbhopal.ac.in
pratik13804pp@gmail.com,Pratik Pandey,23BAI10729,H5Z2P6F0,pratik.23bai10729@vitbhopal.ac.in
pratyush12999@gmail.com,Pratyush Shukla,23BAI10226,Y2F6G4O1,pratyush.23bai10226@vitbhopal.ac.in
prekshaprachee3@gmail.com,Preksha Prachee Bharadwaj,23BAI10463,Y2T4N1R2,preksha.23bai10463@vitbhopal.ac.in
prishabhatia4444@gmail.com,Prisha Bhatia,23BAI10881,C5H8R7T9,prisha.23bai10881@vitbhopal.ac.in
priyamrai282@gmail.com,Priyam Rai,23BAI11196,I5G2Y3X4,priyam.23bai11196@vitbhopal.ac.in
mananmittal2302@gmail.com,Manan Mittal,23BAI10011,L3N8G1G0,manan.23bai10011@vitbhopal.ac.in
manasvi.maheshwari.pro@gmail.com,Manasvi Maheshwari,23BAI10157,X4Z8F6C8,manasvi.23bai10157@vitbhopal.ac.in
manasviverma68@gmail.com,Manasvi Verma,23BAI11185,K2Z9F7A2,manasvi.23bai11185@vitbhopal.ac.in
manhassoumil@gmail.com,Soumil Manhas,23BAI10898,V0E7U6J4,soumil.23bai10898@vitbhopal.ac.in
manik.pandey.007@gmail.com,Manik Pandey,23BAI10426,S3K0V2G3,manik.23bai10426@vitbhopal.ac.in
mansaakohli1502@gmail.com,Mansaa Kohli,23BAI10276,J6D4V2Q0,mansaa.23bai10276@vitbhopal.ac.in
manvendrap2005@gmail.com,Kunwar Manvendra Pratap Singh,23BAI10979,Q6N5Q9E2,kunwar.23bai10979@vitbhopal.ac.in
manvisharma5189@gmail.com,Manvi Sharma,23BAI10777,D2S3J5D2,manvi.23bai10777@vitbhopal.ac.in
manyachapra369@gmail.com,Manya Chapra,23BAI11379,J2P8C5K0,manya.23bai11379@vitbhopal.ac.in
mathur.aryan036@gmail.com,Aryan Mathur,23BAI10982,E5Q4W7O5,aryan.23bai10982@vitbhopal.ac.in
mayanchaubey@gmail.com,Mayan Chaubey,23BAI10880,T4D1E4V8,mayan.23bai10880@vitbhopal.ac.in
mayank.a125052@gmail.com,Mayank Arora,23BAI10505,X8T6P0H4,mayank.23bai10505@vitbhopal.ac.in
mayankgomase@gmail.com,Mayank Gomase,23BAI10477,D5F3N0N7,mayank.23bai10477@vitbhopal.ac.in
mayankpandey1331@gmail.com,Mayank Pandey,23BAI10479,E2K3J6F1,mayank.23bai10479@vitbhopal.ac.in
mayankrathore1608@gmail.com,Mayank Rathore,23BAI10291,T5I0O0P4,mayank.23bai10291@vitbhopal.ac.in
mazumdaraishwarya3722@gmail.com,Aishwarya Mazumdar,23BAI11041,L3H1W3V0,aishwarya.23bai11041@vitbhopal.ac.in
meerasingh00266@gmail.com,Meera Singh,23BAI11317,Z2K5L1M0,meera.23bai11317@vitbhopal.ac.in
mehkarkars1211@gmail.com,Shruti Mehkarkar,23BAI10242,F4D4C4U1,shruti.23bai10242@vitbhopal.ac.in
mernpriyanshu086@gmail.com,Priyanshu Singh,23BAI10686,T1T1P3P6,priyanshu.23bai10686@vitbhopal.ac.in
milinp551@gmail.com,Milin Patel,23BAI10386,W9U7S6P6,milin.23bai10386@vitbhopal.ac.in
mishra123best@gmail.com,Mukul Mishra,23BAI10016,H4W4L8Q4,mukul.23bai10016@vitbhopal.ac.in
mishrasankalp2005@gmail.com,Sankalp Mishra,23BAI11319,P2P8H9G8,sankalp.23BAI11319@vitbhopal.ac.in
mishrashreya0607@gmail.com,Shreya Mishra,23BAI10652,W2J0T0G2,shreya.23bai10652@vitbhopal.ac.in
mishrat859@gmail.com,Tushar Mishra,23BAI10272,N5R3T4I8,tushar.23bai10272@vitbhopal.ac.in
mkp151203@gmail.com,Mehul Patel,23BAI10105,M4L6Z6A3,mehul.23bai10105@vitbhopal.ac.in
mkymayank@gmail.com,Mayank Yadav,23BAI10841,P6W6I5J7,mayank.23bai10841@vitbhopal.ac.in
mohardatta@gmail.com,Mohur Datta,23BAI11091,B6C0H4J7,mohur.23bai11091@vitbhopal.ac.in
mohdbelal010@gmail.com,Mohd. Belal .,23BAI10866,F2E3C3O9,mohd.23bai10866@vitbhopal.ac.in
mohit29025@gmail.com,Mohit Upadhyay,23BAI10262,L3T6J9A2,mohit.23bai10262@vitbhopal.ac.in
mohitnimje1027@gmail.com,Mohit Nimje,23BAI11175,D8O5V7H0,mohit.23bai11175@vitbhopal.ac.in
mohitparmar1098@gmail.com,Mohit Parmar,23BAI10778,G5H5X8L5,mohit.23bai10778@vitbhopal.ac.in
mshashwat310@gmail.com,Shashwat Mishra,23BAI10448,D5D2F2I4,shashwat.23bai10448@vitbhopal.ac.in
muditsharma613@gmail.com,Mudit Sharma,23BAI10429,L4O5H4C0,mudit.23bai10429@vitbhopal.ac.in
muhammedsajjad25252@gmail.com,Muhammad Sajjad,23BAI10788,X1M9A3A4,muhammed.23bai10788@vitbhopal.ac.in
muskangiri2211@gmail.com,Muskan Kumari,23BAI10038,Y4U7X0V7,muskan.23bai10038@vitbhopal.ac.in
muskansharma4997@gmail.com,Muskan Sharma,23BAI11155,B6X4G1L2,muskan.23bai11155@vitbhopal.ac.in
mv699205@gmail.com,Mansi Verma,23BAI10960,R4T0F2O2,mansiverma.23bai10960@vitbhopal.ac.in
nainsysharma24@gmail.com,Nainsy Sharma,23BAI10596,Y6D2L9Q9,nainsy.23bai10596@vitbhopal.ac.in
namangupta.2202@gmail.com,Naman Gupta,23BAI10625,N5F1U3X6,naman.23bai10625@vitbhopal.ac.in
namansingh2224@gmail.com,Naman Singh,23BAI10024,F4O3R2D6,naman.23bai10024@vitbhopal.ac.in
namdeosomiya@gmail.com,Somiya Namdeo,23BAI10689,A5U9V4W8,somiya.23bai10689@vitbhopal.ac.in
nandanabain@gmail.com,Nandana P Bain,23BAI10751,U3C4Y9K5,nandana.23bai10751@vitbhopal.ac.in
narmadanatarajan3629@gmail.com,Narmada Natarajan,23BAI11088,N7W7B3F5,narmada.23bai11088@vitbhopal.ac.in
navneetkr.0129@gmail.com,Navneet Kumar,23BAI10799,N4S4E1O4,navneet.23bai10799@vitbhopal.ac.in
nayansrivastava0305@gmail.com,Nayan Srivastava,23BAI10172,E3E1H6S9,nayan.23bai10172@vitbhopal.ac.in
negikaranhld@gmail.com,Karan Singh Negi,23BAI10904,A2I0S6Q3,karan.23bai10904@vitbhopal.ac.in
nikhildilshad@gmail.com,Nikhil Mohammed,23BAI10718,B5W2A4U5,nikhil.23bai10718@vitbhopal.ac.in
jaiswalakshat2701@gmail.com,Akshat Jaiswal,23BAI10373,E5U6Y0U4,akshat.23bai10373@vitbhopal.ac.in
jaiswalswarnima1@gmail.com,Swarnima Jaiswal,23BAI11285,J2P6O9M2,swarnima.23bai11285@vitbhopal.ac.in
jajooharshvardhan@gmail.com,Harshvardhan Jajoo,23BAI10330,U4H5G7T0,harshvardhan.23bai10330@vitbhopal.ac.in
jbbprachi@gmail.com,Prachi Sharma,23BAI10616,F3X0Z2N6,prachi.23bai10616@vitbhopal.ac.in
jhalak000sahgal@gmail.com,Jhalak Sahgal,23BAI10833,N2M1B7Y4,jhalak.23bai10833@vitbhopal.ac.in
kafirana1507@gmail.com,Rana Talukdar,23BAI10186,D3C0Z1R5,rana.23bai10186@vitbhopal.ac.in
kalikamehtani@gmail.com,Kalika Mehtani,23BAI10083,U2U1F5Z7,kalika.23bai10083@vitbhopal.ac.in
kapilkumararya30@gmail.com,kapil arya,23BAI10089,M1Q0X4K6,kapil.23bai10089@vitbhopal.ac.in
kapishh17@gmail.com,Kapish Kela,23BAI10420,T8D8K8Z6,kela.23bai10420@vitbhopal.ac.in
kartikeym952@gmail.com,Kartikey Mishra,23BAI10594,Z1C6F4B7,kartikey.23bai10594@vitbhopal.ac.in
kartikrajput0550@gmail.com,Kartik Chhonkar,23BAI10099,E3E1M4U9,kartik.23bai10099@vitbhopal.ac.in
kartiktyagi2906@gmail.com,Kartik Tyagi,23BAI10360,N2G6S3O9,kartik.23bai10360@vitbhopal.ac.in
kashishbhalla2628@gmail.com,Kashish Bhalla,23BAI10848,X2B2I1P0,kashish.23bai10848@vitbhopal.ac.in
katarialavanya15@gmail.com,Lavanya Kataria,23BAI11040,Y7Z6W6P4,lavanya.23bai11040@vitbhopal.ac.in
kaurrehmat2020@gmail.com,Rehmat Kaur,23BAI10970,D1K1I9E4,rehmat.23bai10970@vitbhopal.ac.in
kavishbishnoi19@gmail.com,Kavish Bishnoi,23BAI10789,C3U3V0W9,kavish.23bai10789@vitbhopal.ac.in
kavya1b1@gmail.com,Kavya Gupta,23BAI10538,E5U9Q4E7,kavya.23bai10538@vitbhopal.ac.in
kg.7827172@gmail.com,Khushi Gupta,23BAI10579,E3C7C5W2,khushi.23bai10579@vitbhopal.ac.in
khushi2406pal@gmail.com,Khushi Pal,23BAI10298,O4V0I2O3,khushi.23bai10298@vitbhopal.ac.in
khushiy9811@gmail.com,Khushi Yadav,23BAI10456,I9R9B3T5,khushi.23bai10456@vitbhopal.ac.in
kirtichoudhary2108@gmail.com,Kirti Choudhary,23BAI10657,A2S8Z4Q1,kirti.23bai10657@vitbhopal.ac.in
kishoreabhi08@gmail.com,Abhishek .,23BAI10067,Y2B6B2B7,abhishek.23bai10067@vitbhopal.ac.in
komal135.singh@gmail.com,Komal Singh,23BAI10561,L4W2P4L8,komal.23bai10561@vitbhopal.ac.in
kopalkhare2@gmail.com,Kopal Khare,23BAI10907,R5Y8H1B0,kopal.23bai10907@vitbhopal.ac.in
kpoonam8621@gmail.com,Poonam Kumari,23BAI10747,M3Y1A5C3,poonam.23bai10747@vitbhopal.ac.in
krishank.dubey2424@gmail.com,Krishank Dubey,23BAI10417,Q6J8G3C9,krishank.23bai10417@vitbhopal.ac.in
krishnaakhajuria@gmail.com,krishna khajuria,23BAI10748,E2E1R4Y8,krishna.23bai10748@vitbhopal.ac.in
krishraghuvanshi01@gmail.com,Arnav Raghuvanshi,23BAI11110,H4Q2J3D3,raghuvanshi.23bai11110@vitbhopal.ac.in
kritirajsinghrajpurohit24@gmail.com,Rajpurohit Kritiraj Hukumsingh,23BAI10859,P5C1O7O2,rajpurohit.23bai10859@vitbhopal.ac.in
kritiss2004@gmail.com,kriti singh,23BAI10326,S4R8Z6T0,kriti.23bai10326@vitbhopal.ac.in
kshitiz.goyal1003@gmail.com,Kshitiz Goyal,23BAI10318,M7B2R0U3,kshitiz.23bai10318@vitbhopal.ac.in
kumarvidit69@gmail.com,VIDIT SINGH,23BAI10196,W1L8E3X3,vidit.23bai10196@vitbhopal.ac.in
kumarvikash.prog@gmail.com,vikash kumar,23BAI11396,S4M5N2T2,vikash.23bai11396@vitbhopal.ac.in
kunalkaushik860@gmail.com,Kunal Kaushik,23BAI10581,Y2J1C9H5,kunal.23bai10581@vitbhopal.ac.in
kunsh.viraj@gmail.com,Kunsh Viraj Singh Guleria,23BAI10558,X1W6B4I4,kunsh.23bai10558@vitbhopal.ac.in
kushagra2112004@gmail.com,Kushagra Bhargava,23BAI10987,G2L0B0I7,kushagra.23bai10987@vitbhopal.ac.in
kushagrasrivastava025@gmail.com,Kushagra Srivastava,23BAI10765,D1V8M6Z7,kushagra.23bai10765@vitbhopal.ac.in
kushalupadhyay06@gmail.com,Kushal Upadhyay,23BAI10259,M3N6L6D1,kushal.23bai10259@vitbhopal.ac.in
kushwaha.aru12@gmail.com,Arunima Kushwaha,23BAI10223,Z5X1T4A2,arunima.23bai10223@vitbhopal.ac.in
kushwahaanjali944@gmail.com,Anjali Kushwaha,23BAI10634,O5N3L7K7,anjali.23bai10634@vitbhopal.ac.in
lakshaysaini210905@gmail.com,Lakshay Saini,23BAI10890,E5D8P8I3,lakshay.23bai10890@vitbhopal.ac.in
lakshyamangla26@gmail.com,Lakshya Mangla,23BAI10814,X1L3L8P5,lakshya.23bai10814@vitbhopal.ac.in
lalsaretanvi@gmail.com,Tanvi Lalsare,23BAI11031,B5D2M7F9,tanvi.23bai11031@vitbhopal.ac.in
lavanyakarn@gmail.com,Lavanya Karna,23BAI10088,P6X8V4G8,lavanya.23bai10088@vitbhopal.ac.in
learnwithabhijeet0311@gmail.com,ABHIJEET DUBEY,23BAI11308,M9O9Q0J8,abhijeet.23bai11308@vitbhopal.ac.in
lenwinthomas@gmail.com,Lenwin Thomas Babu,23BAI10497,F2V4Z4G2,lenwin.23bai10497@vitbhopal.ac.in
maddiralabalasivamanikanta@gmail.com,Maddirala Bala Siva Manikanta,23BAI11066,I2O1A5Q8,maddirala.23bai11066@vitbhopal.ac.in
mahantybedanta@gmail.com,Bedanta Mahanty,23BAI11022,R1F1X9D5,bedanta.23bai11022@vitbhopal.ac.in
mahijyoti883@gmail.com,MAHIMA JYOTI,23BAI10470,Q2P6X4V9,mahima.23bai10470@vitbhopal.ac.in
mahisinghh9597@gmail.com,Mahi Singh,23BAI10306,B1V2Z1A7,mahi.23bai10306@vitbhopal.ac.in
maijorwarsaloni@gmail.com,Saloni Maijorwar,23BAI10928,A2S0L6R5,saloni.23bai10928@vitbhopal.ac.in
mak20official@gmail.com,Malav Mevada,23BAI10160,C5Z6P2D0,malav.23bai10160@vitbhopal.ac.in
malavikavinod2204@gmail.com,Malavika Vinod,23BAI10805,K3Z2F9Y4,malavika.23bai10805@vitbhopal.ac.in
gg.nandhan@gmail.com,Gowri Nandhan,23BAI10054,D6O6S0H3,gurujukota.23bai10054@vitbhopal.ac.in
gharshita743@gmail.com,Harshita Gautam,23BAI10952,X3W7S0D2,harshita.23bai10952@vitbhopal.ac.in
giridhar.bargaley69@gmail.com,Giridhar Bargaley,23BAI10735,O9N8A6U3,giridhar.23bai10735@vitbhopal.ac.in
gokul.sn2005@gmail.com,Gokul Satheesh,23BAI11403,T5J0O7W7,gokul.23bai11403@vitbhopal.ac.in
gourikripa4@gmail.com,Gourikripa M V,23BAI11327,F1X1F7W3,gourikripa.23bai11327@vitbhopal.ac.in
gouthamgourabathuni@gmail.com,Goutham Gourabathuni,23BAI10632,J6O5X4G1,gourabathuni.23bai10632@vitbhopal.ac.in
grnth05@gmail.com,Granth Satsangi,23BAI10063,E2O1D1D5,granth.23bai10063@vitbhopal.ac.in
guneetkaurj@gmail.com,Guneet Kaur Juneja,23BAI10720,V5L1I6P3,guneet.23bai10720@vitbhopal.ac.in
hardikpandey0903@gmail.com,Hardik Pandey,23BAI11153,M2H8V8Z9,hardik.23bai11153@vitbhopal.ac.in
harsh.23bai11071@gmail.com,Harsh Prasad,23BAI11071,J3Z9K5T3,harsh.23bai11071@vitbhopal.ac.in
harsh.work211@gmail.com,Harsh Patial,23BAI11406,G2M9J0B2,harsh.23bai11406@vitbhopal.ac.in
harshaljain0508@gmail.com,Harshal Jain,23BAI10895,P4I0K0K9,harshal.23bai10895@vitbhopal.ac.in
harshdhoriyani03@gmail.com,Harsh Dhoriyani,23BAI10382,G3B5R6L7,harsh.23bai10382@vitbhopal.ac.in
harshg7675879590@gmail.com,Harshit Gupta,23BAI10803,R4I9N7D5,harshit.23bai10803@vitbhopal.ac.in
harshimabarnwal3825@gmail.com,Harshima Barnwal,23BAI11080,A5Z9F0T0,harshima.23bai11080@vitbhopal.ac.in
harshit.chugh18@gmail.com,Harshit Chugh,23BAI10101,H5G6G6K9,harshit.23bai10101@vitbhopal.ac.in
harshit071109@gmail.com,Harshit Yadav,23BAI10556,C2N5T1I7,harshit.23bai10556@vitbhopal.ac.in
harshksingh2004@gmail.com,Harshit Kumar Singh,23BAI10754,O2W3I6F8,harshit.23bai10754@vitbhopal.ac.in
harshkyadav5@gmail.com,HARSH YADAV,23BAI10058,W4X7J6Y8,harsh.23bai10058@vitbhopal.ac.in
harshpandit2005@gmail.com,Harsh Pandit,23BAI10772,C6K4E9X9,harsh.23bai10772@vitbhopal.ac.in
harshpvt09@gmail.com,Harsh Kumar,23BAI10509,R5U5O7K7,harsh.23bai10509@vitbhopal.ac.in
harshsahu049@gmail.com,Harsh Sahu,23BAI10199,K6C9L6A3,harsh.23bai10199@vitbhopal.ac.in
heyadarsh15@gmail.com,Adarsh Singh,23BAI11390,I1L6A4C0,adarsh.23bai11390@vitbhopal.ac.in
heyaditihere@gmail.com,Aditi Srivastava,23BAI10354,K3J4K8F3,aditi.23bai10354@vitbhopal.ac.in
himansh0317@gmail.com,HIMANSHU MISHRA,23BAI10855,E3W4V3B7,himanshu.23bai10855@vitbhopal.ac.in
himanshu.kalwarr@gmail.com,Himanshu Kalwar,23BAI10418,C3K4O2G4,himanshu.23bai10418@vitbhopal.ac.in
himanshupathak26204@gmail.com,Himanshu Kumar Pathak,23BAI10468,P1P9T2O8,himanshu.23bai10468@vitbhopal.ac.in
hirdeshraghuwanshi98@gmail.com,Hirdesh Raghuwanshi,23BAI11345,M2G9L9Z5,hirdesh.23bai11345@vitbhopal.ac.in
hiteshgupta5151@gmail.com,Hitesh Gupta,23BAI10277,S2H3U9A3,hitesh.23bai10277@vitbhopal.ac.in
hiteshsai123789@gmail.com,HITESH SAI B,23BAI11135,H2N4C6T0,hitesh.23bai11135@vitbhopal.ac.in
hkgupta160420@gmail.com,Harsh Gupta,23BAI11306,D2A8N9P3,harsh.23bai11306@vitbhopal.ac.in
hlamba24191@gmail.com,Himanshu,23BAI10041,S3U6P9S4,himanshu.23bai10041@vitbhopal.ac.in
hmharsh123@gmail.com,Harshit Mishra,23BAI10473,Z5U3U5W7,harshit.23bai10473@vitbhopal.ac.in
hpkpanchal2809@gmail.com,Harshali Panchal,23BAI10731,A5H3E5K5,harshali.23bai10731@vitbhopal.ac.in
hrydyanshukla2305@gmail.com,Hrydyansh Shukla,23BAI10675,Q3A5J5F3,hrydyansh.23bai10675@vitbhopal.ac.in
hydravit123@gmail.com,Yash Kamal,23BAI11050,A4A9T6Q1,yash.23bai11050@vitbhopal.ac.in
i.rajverma8423@gmail.com,Raj Verma,23BAI10806,T5S1F0E5,raj.23bai10806@vitbhopal.ac.in
iaditya.19067@gmail.com,ADITYA SINGH,23BAI10733,Q9W9Y7H0,aditya.23bai10733@vitbhopal.ac.in
iamayushyadav1107@gmail.com,Ayush Yadav,23BAI10006,H8O9O2P4,ayush.23bai10006@vitbhopal.ac.in
iamkrpraveen@gmail.com,Praveen K R,23BAI10410,H6X0L0L5,praveen.23bai10410@vitbhopal.ac.in
imaryasharma203040@gmail.com,Arya Sharma,23BAI10869,B6M0M1R1,arya.23bai10869@vitbhopal.ac.in
ipratyaksha.works@gmail.com,PRATYAKSHA SINGH,23BAI10345,K8O2T5M1,pratyaksha.23bai10345@vitbhopal.ac.in
ishaanmehrotra2@gmail.com,Ishaan Mehrotra,23BAI10598,G3Z1E5U1,ishaan.23bai10598@vitbhopal.ac.in
ishaanmittal999@gmail.com,Ishaan Mittal,23BAI10462,R5A6F7N1,ishaan.23bai10462@vitbhopal.ac.in
itsayush24may@gmail.com,Ayush Thakur,23BAI10783,S1W5J7Q8,ayush.23bai10783@vitbhopal.ac.in
itzmohit96@gmail.com,Mohit K,23BAI10708,G3P6K4U5,mohit.23bai10708@vitbhopal.ac.in
jai.24arora@gmail.com,Jai Arora,23BAI10546,K1L1H6G9,jai.23bai10546@vitbhopal.ac.in
jain.gaurav0405@gmail.com,Gaurav Jain,23BAI10053,L4S2U1A1,gaurav.23bai10053@vitbhopal.ac.in
jainanshul876@gmail.com,Anshul Jain,23BAI10507,A4O1U0Y1,anshul.23bai10507@vitbhopal.ac.in
jainkrish0308@gmail.com,Krish Jain,23BAI10784,G3I3Y7T5,jain.23bai10784@vitbhopal.ac.in
beliefinaprajita@gmail.com,Aprajita Ranjan,23BAI11399,T1K4V8T4,aprajita.23bai11399@vitbhopal.ac.in
bhagatmayank2005@gmail.com,Mayank Bhagat,23BAI10413,I3P0D4D3,mayank.23bai10413@vitbhopal.ac.in
bhawnat1534@gmail.com,Bhawna Tiwari,23BAI10263,Q3W0T6Y9,bhawna.23bai10263@vitbhopal.ac.in
bhumiupa1624@gmail.com,Bhumi Upadhyay,23BAI10617,X5U4V8Z0,bhumi.23bai10617@vitbhopal.ac.in
bhuvanjangid94@gmail.com,Bhuvan Jangid,23BAI10372,D3H0O1X2,bhuvan.23bai10372@vitbhopal.ac.in
bjyotibrat@gmail.com,-,-,T2G4V1U2,-
castilloshaji2005@gmail.com,Castillo Shaji,23BAI10528,P1B6T2O7,castillo.23bai10528@vitbhopal.ac.in
chandleayush@gmail.com,Ayush Chandle,23BAI10347,N5O8O5E0,ayush.23bai10347@vitbhopal.ac.in
chattshirsendu05@gmail.com,Shirsendu Chatterjee,23BAI10221,G2J5Q1Z3,shirsendu.23bai10221@vitbhopal.ac.in
chaudharyakul03@gmail.com,Akul chaudhary,23BAI10193,L6V2B1B7,akul.23bai10193@vitbhopal.ac.in
chauhanpeeyush2473@gmail.com,Peeyush Chauhan,23BAI10875,H5F4I3H6,peeyush.23bai10875@vitbhopal.ac.in
chaurasiabhawna94@gmail.com,Bhawna Chaurasia,23BAI10924,F5G3J3M2,bhawna.23bai10924@vitbhopal.ac.in
chhayasingh3008@gmail.com,Chhaya Singh,23BAI10007,G3J7F0Q9,chhaya.23bai10007@vitbhopal.ac.in
chirayu01012006@gmail.com,Chirayu Sharma,23BAI10637,O3B3D1W5,chirayu.23bai10637@vitbhopal.ac.in
choubeypriyanshu2110@gmail.com,PRIYANSHU CHOUBEY,23BAI10270,M2F0N8W0,priyanshu.23bai10270@vitbhopal.ac.in
coderkumarshukla@gmail.com,PRANJAL KUMAR SHUKLA,23BAI10411,T1R0O9C4,pranjal.23bai10411@vitbhopal.ac.in
dalalprishvi@gmail.com,Prishvi Dalal,23bai11295,X5J7O3M1,prishvi.23bai11295@vitbhopal.ac.in
datharw@gmail.com,Atharw Dwivedi,23BAI11373,C4Q3W3I5,atharw.23bai11373@vitbhopal.ac.in
davenandishnileshkumar@gmail.com,NANDISH DAVE,23BAI10390,I4R3U7I9,dave.23bai10390@vitbhopal.ac.in
deshpandeparth793@gmail.com,Parth Deshpande,23BAI10120,U2M8U7U4,parth.23bai10120@vitbhopal.ac.in
deshpandeyogita76@gmail.com,Bhamini Deshpande,23BAI10771,U3M8K3E1,bhamini.23bai10771@vitbhopal.ac.in
devvratalewa@gmail.com,Dev Vrat,23BAI10095,I4W2V0R3,dev.23bai10095@vitbhopal.ac.in
deyshresthaofficial01@gmail.com,Shrestha Dey,23BAI10465,V3X4R6J5,shrestha.23bai10465@vitbhopal.ac.in
dhwanigupta18@gmail.com,Dhwani Gupta,23BAI10388,I1U2M1R4,dhwani.23bai10388@vitbhopal.ac.in
dikshaomd@gmail.com,Diksha Singh,23BAI10951,A7P5K4M5,diksha.23bai10951@vitbhopal.ac.in
dikshikaa10@gmail.com,Dikshika .,23BAI10331,N2O4C9H2,dikshika.23bai10331@vitbhopal.ac.in
diliprishabhpandey@gmail.com,Rishabh Pandey,23BAI10184,Y1T6J5Z7,rishabh.23bai10184@vitbhopal.ac.in
dishitachaturvedi2005@gmail.com,Dishita Chaturvedi,23BAI10104,M6L7E0P8,dishita.23bai10104@vitbhopal.ac.in
divitsinghania05@gmail.com,Divit Singhania,23BAI10721,Q5M3F4L8,divit.23bai10721@vitbhopal.ac.in
divya004tiwari@gmail.com,Divya Tiwari,23BAI10517,V1S1S8I9,divya.23bai10517@vitbhopal.ac.in
divyansh484@gmail.com,Divyansh Malav,23BAI10818,V4H5B9D5,divyansh.23bai10818@vitbhopal.ac.in
divyanshdk12@gmail.com,Divyansh Kumar,23BAI10514,E2P8Y0H6,divyansh.23bai10514@vitbhopal.ac.in
divyanshuyadav715@gmail.com,Divyanshu Yadav,23BAI10116,J3I0Y6P6,divyanshu.23bai10116@vitbhopal.ac.in
divyash2101@gmail.com,Divya Shukla,23BAI11320,R5E0R8F8,divya.23bai11320@vitbhopal.ac.in
diwakarmishra2905@gmail.com,Diwakar Mishra,23BAI10253,T5D1U9Z0,diwakar.23bai10253@vitbhopal.ac.in
dixitlavish2005@gmail.com,Lavish Dixit,23BAI11192,S2Z1P5K5,lavish.23bai11192@vitbhopal.ac.in
dksaniel2@gmail.com,Dhruv Kumar Singh,23BAI10773,S4Y3O3J3,dhruv.23bai10773@vitbhopal.ac.in
dmarwah137@gmail.com,Dev Marwah,23BAI10310,F5R1U3W6,dev.23bai10310@vitbhopal.ac.in
drishtinegi05@gmail.com,Drishti Negi,23BAI10512,X1O9I6F1,drishti.23bai10512@vitbhopal.ac.in
dshambhavi980@gmail.com,Shambhavi Dubey,23BAI10405,G1N1Z0T2,shambhavi.23bai10405@vitbhopal.ac.in
dsjamwal29@gmail.com,Devansh Jamwal,23BAI10264,H1G0M1U6,devansh.23bai10264@vitbhopal.ac.in
falaksharma23.06@gmail.com,Falak Sharma,23BAI10254,K5H2C4J8,falak.23bai10254@vitbhopal.ac.in
farzankhan1800@gmail.com,Mohd Farzan Khan,23BAI10231,C2C5S5T7,mohd.23bai10231@vitbhopal.ac.in
findridhima.sharma@gmail.com,Ridhima Sharma,23BAI11404,D1L8D6Q9,ridhima.23bai11404@vitbhopal.ac.in
gangavamsikrishna@gmail.com,Vamsi Krishna,23BAI11154,F2M0W8I9,ganga.23bai11154@vitbhopal.ac.in
gargshaurya256@gmail.com,SHAURYA GARG,23BAI11170,S3A2A6D1,shaurya.23bai11170@vitbhopal.ac.in
garvanand03@gmail.com,Garv Anand,23BAI10605,M6E1X5I0,garv.23bai10605@vitbhopal.ac.in
garvgupta3008@gmail.com,Garv Gupta,23BAI11209,J1O1C7Q1,garv.23bai11209@vitbhopal.ac.in
gauravgupta662454@gmail.com,Gaurav Gupta,23BAI10357,J3J3E6Z7,gaurav.23bai10357@vitbhopal.ac.in
gauravlodhi1604@gmail.com,Gaurav Lodhi,23BAI11272,S2S9R7M2,gaurav.23bai11272@vitbhopal.ac.in
gaurshreya864@gmail.com,shreya gaur,23BAI11038,D3J5I5S3,shreya.23bai11038@vitbhopal.ac.in
anshikagarg5002@gmail.com,Anshika Garg,23BAI10144,Z4Q4K0B5,anshika.23bai10144@vitbhopal.ac.in
anshikashrivastava2012@gmail.com,ANSHIKA SHRIVASTAVA,23BAI10033,M3E3W5B0,anshika.23bai10033@vitbhopal.ac.in
anshikasrivastava1613@gmail.com,Anshika Srivastava,23BAI10205,V9X8E0Q9,anshika.23bai10205@vitbhopal.ac.in
anshu.s1310@gmail.com,Anshu Singh,23BAI11210,O1Z8Q4I5,anshu.23bai11210@vitbhopal.ac.in
anshulamba0000@gmail.com,Anshu Anshu,23BAI10604,P7F0B6Y2,anshu.23bai10604@vitbhopal.ac.in
anshularohi31072004@gmail.com,Anshul Arohi,23BAI10147,I1N5I5N4,anshul.23bai10147@vitbhopal.ac.in
anubhuti2004dutta@gmail.com,-,-,B6U2F5Q1,-
anugyachaubey95@gmail.com,Anugya Chaubey,23BAI10550,G3F0P0B8,anugya.23bai10550@vitbhopal.ac.in
anupama.br2004@gmail.com,Anupama Kumari,23BAI10279,P1I3L9G7,anupama.23bai10279@vitbhopal.ac.in
anuraagsingh10a@gmail.com,Anuraag Singh,23BAI10589,L7B4R4Q7,anuraag.23bai10589@vitbhopal.ac.in
anuragdubey13704@gmail.com,-,-,P3Q3G4O1,-
anushkadhiman101@gmail.com,Anushka Dhiman,23BAI10563,W5J1I5G1,anushka.23bai10563@vitbhopal.ac.in
anushkamodi296@gmail.com,Anushka Modi,23BAI10995,O6F6H5W6,anushka.23bai10995@vitbhopal.ac.in
anvesharastogi1717@gmail.com,Anvesha Rastogi,23BAI10355,M2O8Y6K3,anvesha.23bai10355@vitbhopal.ac.in
anvithachaganti1609@gmail.com,Anvitha Chaganti,23BAI10942,V2F1N3A2,anvitha.23bai10942@vitbhopal.ac.in
architabajpai07@gmail.com,Archita Bajpai,23BAI10066,X2T3Z9T1,archita.23bai10066@vitbhopal.ac.in
aritra.mahanty12@gmail.com,Aritra Mahanty,23BAI10324,Y3T8R0I3,aritra.23bai10324@vitbhopal.ac.in
armaan.n.alam@gmail.com,Armaan Alam,23BAI10496,E1F6F8I9,armaan.23bai10496@vitbhopal.ac.in
arnavtripathi1306@gmail.com,Arnav Tripathi,23BAI10763,F3T6U0L1,arnav.23bai10763@vitbhopal.ac.in
arpitlibono57@gmail.com,Arpit Singh,23BAI11069,M2T9W0P9,arpit.23bai11069@vitbhopal.ac.in
aryachauhan515@gmail.com,Arya Bardhan Singh Chauhan,23BAI11249,I2T6M2K5,arya.23bai11249@vitbhopal.ac.in
aryanmay1305@gmail.com,Aryan Prajapati,23BAI10384,C2M9Y9K5,aryan.23bai10384@vitbhopal.ac.in
aryanpalotra@gmail.com,-,-,J3K5E6H3,-
aryanshandilyajvm@gmail.com,Aryan Shandilya,23BAI10383,F8T9N3Q9,aryan.23bai10383@vitbhopal.ac.in
aryapoovaiah@gmail.com,Arya Poovaiah Machamada,23BAI10077,G1S7Q5D4,arya.23bai10077@vitbhopal.ac.in
as120171.omkumar@gmail.com,Om Kumar Singh,23BAI10076,H2B4V6S7,kumar.23bai10076@vitbhopal.ac.in
ashishvishwakarma0606@gmail.com,Ashish Vishwakarma,23BAI10847,Z7N7Q5E7,ashish.23bai10847@vitbhopal.ac.in
atharvamw@gmail.com,Atharva Wagh,23BAI11275,B6Q3D2M0,atharva.23bai11275@vitbhopal.ac.in
atharvdevtripathi1008@gmail.com,Atharv Dev Tripathi,23BAI10256,E1P8C0Y9,athatharv.23bai10256@vitbhopal.ac.in
atishhay.jain@gmail.com,Atishay Jain,23BAI10785,H1C4X6B2,atishay.23bai10785@vitbhopal.ac.in
audichyagarvit010@gmail.com,Garvit Audichya,23BAI10142,C1R8J3O6,garvit.23bai10142@vitbhopal.ac.in
avijain1412@gmail.com,Avi Jain,23BAI11357,L1G9B5Y2,avi.23bai11357@vitbhopal.ac.in
avishsinha10@gmail.com,Avish Sinha,23BAI10091,T2V7O8C7,avish.23bai10091@vitbhopal.ac.in
avneesh.y.mahajan@gmail.com,Avneesh Mahajan,23BAI10222,B4L3M0B1,mahajan.23bai10222@vitbhopal.ac.in
avnishagrawal1447@gmail.com,Avnish Agrawal,23BAI10628,V1L1Y9D8,avnish.23bai10628@vitbhopal.ac.in
ay252003@gmail.com,Alok Kumar Yadav,23BAI10611,X2P3S4X2,alok.23bai10611@vitbhopal.ac.in
ay9899407@gmail.com,ANKIT,23BAI10503,I1W2M8S3,ankit.23bai10503@vitbhopal.ac.in
ayanalihaider9@gmail.com,Faraz Mohammad,23BAI10314,A1P9H4X4,faraz.23bai10314@vitbhopal.ac.in
ayush.mishra.hello@gmail.com,Ayush Mishra,23BAI10900,X1D0P9B9,ayush.23bai10900@vitbhopal.ac.in
ayush.shikhar.148@gmail.com,Shikhar Srivastava,23BAI10613,H5C3U3P2,shikhar.23bai10613@vitbhopal.ac.in
ayushichauhan2564@gmail.com,Ayushi Chauhan,23BAI10370,Y1G4A0A1,ayushi.23bai10370@vitbhopal.ac.in
ayushkumar00601i@gmail.com,Ayush Kumar,23BAI10183,D1H9D3N4,ayush.23bai10183@vitbhopal.ac.in
ayushmaan.singhal786@gmail.com,Ayushmaan Singhal,23BAI10244,L6T7N4G0,ayushmaan.23bai10244@vitbhopal.ac.in
ayushmaangupta225@gmail.com,Ayushmaan Gupta,23BAI10891,V1A4B9T8,ayushmaan.23bai10891@vitbhopal.ac.in
ayushmanng04@gmail.com,Ayushman Gupta,23BAI11059,M3M1N9N9,ayushman.23bai11059@vitbhopal.ac.in
ayushsingh200411@gmail.com,Ayush Singh,23BAI10065,T2R2J3N0,ayush.23bai10065@vitbhopal.ac.in
azhanj21004@gmail.com,Azhan Javed,23BAI11274,X4B4E8M3,azhan.23bai11274@vitbhopal.ac.in
azizurrahmaniit0786@gmail.com,Azizur Rahman,23BAI10674,C1Z0L3S2,azizur.23bai10674@vitbhopal.ac.in
banerjeeadvik@gmail.com,ADVIK BANERJEE,23BAI10553,Q3B1Q7I6,advik.23bai10553@vitbhopal.ac.in
adadarshpatel147@gmail.com,Adarsh Patel,23BAI10486,W1B1J4W2,adarsh.23bai10486@vitbhopal.ac.in
adarshjaiswal273001@gmail.com,Adarsh Jaiswal,23BAI10281,O8A0U2E7,adarsh.23bai10281@vitbhopal.ac.in
adarshsharma2501@gmail.com,Adarsh Sharma,23BAI11231,T1X6E6H0,adarsh.23bai11231@vitbhopal.ac.in
adithya.23bai10150@gmail.com,-,-,I2J4Z0N1,-
aditigupta160604@gmail.com,Aditi Gupta,23BAI11226,D5H2U6F4,aditi.23bai11226@vitbhopal.ac.in
aditiraj0129@gmail.com,Aditi Raj,23BAI10178,R2E7L7S0,aditi.23bai10178@vitbhopal.ac.in
adityahatwar22@gmail.com,Aditya Hatwar,23BAI10902,Q3U4N6Z0,aditya.23bai10902@vitbhopal.ac.in
adityajhinjha81@gmail.com,Aditya .,23BAI10061,A3Z7W4X9,aditya.23bai10061@vitbhopal.ac.in
adityaoctober08@gmail.com,-,-,A4S4B7Y6,-
adityapradhan5060@gmail.com,Aditya Pradhan,23BAI10338,S3Q8X9B5,aditya.23bai10338@vitbhopal.ac.in
adiyogi.10ben@gmail.com,Aditya Gupta,23BAI11218,I1R5I9I2,aditya.23bai11218@vitbhopal.ac.in
ag82620790@gmail.com,Aditya Gupta,23BAI10032,T3Q9U7W2,aditya.23bai10032@vitbhopal.ac.in
agamkatiyar11@gmail.com,Agam Katiyar,23BAI10297,K1T9K6L5,agam.23bai10297@vitbhopal.ac.in
agarwalkeshav577@gmail.com,Keshav Agarwal,23BAI10327,I2L3R1L1,keshav.23bai10327@vitbhopal.ac.in
agnikhil9897@gmail.com,Nikhil Agrawal,23BAI11388,V2G3B8A0,nikhil.23bai11388@vitbhopal.ac.in
agomjee.17@gmail.com,Abhinav Ashish,23BAI10835,H3Q3H2S6,abhinav.23bai10835@vitbhopal.ac.in
aimmannn02@gmail.com,Aiman Ansari,23BAI10986,O8V6P8Z5,aiman.23bai10986@vitbhopal.ac.in
aishwaryaverma706@gmail.com,Aishwarya verma,23BAI10284,A2F9D1H3,aishwarya.23bai10284@vitbhopal.ac.in
ajanuranjan@gmail.com,Anuranjan Jain,23BAI10334,F9G6G2U0,anuranjan.23bai10334@vitbhopal.ac.in
ajiteshshukla1234@gmail.com,Ajitesh Shukla,23BAI10075,H1W6P5P2,ajitesh.23bai10075@vitbhopal.ac.in
akhterayaan18@gmail.com,Ayaan Akhter,23BAI10476,A1C0O2F9,ayaan.23bai10476@vitbhopal.ac.in
akshanshgzb@gmail.com,Akshansh Bansal,23BAI10348,U1H4J2G1,akshansh.23bai10348@vitbhopal.ac.in
akshara12082005@gmail.com,Akshara Srivastava,23BAI10585,W5N1D5D0,akshara.23bai10585@vitbhopal.ac.in
aksharasingh2208@gmail.com,Akshara Singh,23BAI10392,G2R3Y0F7,akshara.23bai10392@vitbhopal.ac.in
akshatn1008@gmail.com,Akshat Jha,23BAI10181,M1L5X0Q5,akshat.23bai10181@vitbhopal.ac.in
akshatraj0721@gmail.com,Akshat Raj,23BAI10005,O1N4W5Z1,akshat.23bai10005@vitbhopal.ac.in
akshatroli176@gmail.com,Roli Dwivedi,23BAI10603,K5N7C3Z3,roli.23bai10603@vitbhopal.ac.in
akshaymp560@gmail.com,Akshay M P,23BAI11150,V3K9V6D6,akshay.23bai11150@vitbhopal.ac.in
alanvarghese852@gmail.com,Alan Jiji Varghese,23BAI10215,N7N7W2Z7,alan.23bai10215@vitbhopal.ac.in
aldrinjoan6@gmail.com,Aldrin Joan Pandian W,23BAI11298,T4L1Z4V9,aldrin.23bai11298@vitbhopal.ac.in
alizoya1312@gmail.com,Zoya Ali,23BAI10171,M5W6H4Q0,zoya.23bai10171@vitbhopal.ac.in
allinerathore8376@gmail.com,Alline Rathore,23BAI10808,G1Z6J9R3,alline.23bai10808@vitbhopal.ac.in
amangoswami16.09@gmail.com,Aman Goswami,23BAI10294,Q2U7W7Q7,aman.23bai10294@vitbhopal.ac.in
amanmodi503@gmail.com,Aman Modi,23BAI10204,F5L1B9M8,aman.23bai10204@vitbhopal.ac.in
amlan.j.sarmah@gmail.com,Amlan Jyoti Sarmah,23BAI10565,N2E9T1Q5,amlan.23bai10565@vitbhopal.ac.in
amritashagupta@gmail.com,Amritasha Gupta,23BAI10048,D6K5E1T1,amritasha.23bai10048@vitbhopal.ac.in
ananyachaurasia355@gmail.com,Ananya Chaurasia,23BAI11178,N1J0D1D3,ananya.23bai11178@vitbhopal.ac.in
ananyarajwansh07@gmail.com,Ananya Raj Wansh,23BAI11346,H1N4L0A8,ananya.23bai11346@vitbhopal.ac.in
anchalkatira082@gmail.com,Anchal .,23BAI10315,O4I8N5M4,anchal.23bai10315@vitbhopal.ac.in
anegi5560@gmail.com,Abhay Negi,23BAI10313,N3E5I3H0,abhay.23bai10313@vitbhopal.ac.in
aniani1810205@gmail.com,Animesh Pandey,23BAI10857,O2Z8E8G9,animesh.23bai10857@vitbhopal.ac.in
animesh84455@gmail.com,Animesh Singh Rathore,23BAI11026,P9S1F4N7,animesh.23bai11026@vitbhopal.ac.in
anish.hlv@gmail.com,Anish Bhattacharjee,23BAI10736,A2L6A8I3,anish.23bai10736@vitbhopal.ac.in
anishyadav872004@gmail.com,Anish Anish,23BAI10887,D5U7E5J1,anish.23bai10887@vitbhopal.ac.in
anjalisevkani7778@gmail.com,Anjali Sevkani,23BAI10209,U4R4J6O2,anjali.23bai10209@vitbhopal.ac.in
anjalisingh05work@gmail.com,Anjali Singh,23BAI10943,H3D4N7Z5,anjali.23bai10943@vitbhopal.ac.in
anjv85@gmail.com,Anjali Verma,23BAI10177,H4L4U9R3,anjali.23bai10177@vitbhopal.ac.in
anshahuja8248@gmail.com,Ansh Ahuja,23BAI11401,F3E3Z8D6,ansh.23bai11401@vitbhopal.ac.in
anshchhibber@gmail.com,Ansh Chhibber,23BAI10280,I6A0V2V5,ansh.23bai10280@vitbhopal.ac.in
14ksehaj@gmail.com,SEHAJPREET KAUR,23BAI10664,T4H1W4Q0,sehajpreet.23bai10664@vitbhopal.ac.in
1511.ayushsingh@gmail.com,Ayush Singh,23BAI11302,V3N8R8L3,ayush.23bai11302@vitbhopal.ac.in
2005omni@gmail.com,Omni Sharma,23BAI10207,K8K9V1F0,omni.23bai10207@vitbhopal.ac.in
24devjain@gmail.com,Dev Jain,23BAI10255,Y1W9D2S1,dev.23bai10255@vitbhopal.ac.in
256gargriya@gmail.com,RIYA GARG,23BAI10432,F4X3H4R6,riya.23bai10432@vitbhopal.ac.in
30abhi7268@gmail.com,Abhinav Koushik,23BAI10321,I5J1I6B0,abhinav.23bai10321@vitbhopal.ac.in
712ashutoshkumarsingh@gmail.com,Ashutosh kumar Singh,23BAI10133,P2X3N6B8,ashutosh.23bai10133@vitbhopal.ac.in
aabhashrahut00@gmail.com,Aabhash Rahut,23BAI10416,K3M6D4K6,aabhash.23bai10416@vitbhopal.ac.in
aadersh433@gmail.com,Aadersh kumar,23BAI10433,D6F5B4Q5,aadersh.23bai10433@vitbhopal.ac.in
aadirastogi5@gmail.com,Aditya Rastogi,23BAI10020,Y3K2T5H7,aditya.23bai10020@vitbhopal.ac.in
aakashlalwani27@gmail.com,Aakash Lalwani,23BAI10885,U2W2W3V8,aakash.23bai10885@vitbhopal.ac.in
aakashyadav1098642@gmail.com,Aakash Yadav,23BAI10153,A3V5W5K7,aakash.23bai10153@vitbhopal.ac.in
aanidhyapatidar@gmail.com,Aanidhya Patidar,23BAI10642,M5Q0B2S3,aanidhya.23bai10642@vitbhopal.ac.in
aaravprofessional3101@gmail.com,Aarav Joshi,23BAI10325,R5P0H8Z3,aarav.23bai10325@vitbhopal.ac.in
aarushi14aug@gmail.com,Aarushi Singh,23BAI10458,F5Z2X0R4,aarushi.23bai10458@vitbhopal.ac.in
aaryabutolia@gmail.com,Aarya Butolia,23BAI10414,K1K4B0N1,aarya.23bai10414@vitbhopal.ac.in
aaryanema2004@gmail.com,Aarya Nema,23BAI10786,M1O8F6H5,aarya.23bai10786@vitbhopal.ac.in
aaryap066@gmail.com,Aarya Patel,23BAI10112,A2F0A8Z5,aarya.23bai10112@vitbhopal.ac.in
aaryaveeryadav2005@gmail.com,Aaryaveer Yadav,23BAI10323,X4J7G6J1,aaryaveer.23bai10323@vitbhopal.ac.in
aashiiaggarwal08@gmail.com,Aashi Aashi,23BAI10156,S2A7O5M9,aashi.23bai10156@vitbhopal.ac.in
aastha.adhikari06@gmail.com,Aastha Adhikari,23BAI10049,L1V0G4X6,aastha.23bai10049@vitbhopal.ac.in
aastha18p@gmail.com,Aastha Srivastava,23BAI10537,B6K2B0O3,aastha.23bai10537@vitbhopal.ac.in
aayushibisht38@gmail.com,Aayushi Bisht,23BAI11384,L4Q8H9W7,aayushi.23bai11384@vitbhopal.ac.in
abhavya136@gmail.com,Bhavya Agrawal,23BAI11400,R6O8T4T8,bhavya.23bai11400@vitbhopal.ac.in
abhaytri20052005@gmail.com,Abhay Tripathi,23BAI10766,T8A1S7I3,abhay.23bai10766@vitbhopal.ac.in
abhijithmr040405@gmail.com,Abhijith MR,23BAI10459,T2T7F8E3,abhijith.23bai10459@vitbhopal.ac.in
abhiman5196@gmail.com,Abhishek Kumar,23BAI10350,S7U4W8F7,abhishek.23bai10350@vitbhopal.ac.in
abhinavyadav2xe@gmail.com,Abhinav Yadav,23BAI10319,R2G8H0H0,abhinav.23bai10319@vitbhopal.ac.in
abhinaypersonal1@gmail.com,ABHINAY RESU,23BAI10545,N4Z7Z7H5,resu.23bai10545@vitbhopal.ac.in
abhipandey.4621@gmail.com,Abhi Pandey,23BAI10909,X9P9R4X1,abhi.23bai10909@vitbhopal.ac.in
abhishekkumar015379@gmail.com,Abhishek Kumar,23BAI11006,G2F3T6I1,abhishek.23bai11006@vitbhopal.ac.in
abhiudayasngh2005@gmail.com,Abhiudaya Pratap Singh,23BAI10819,Z5U7D3Z4,abhiudaya.23bai10819@vitbhopal.ac.in
acabhijith13@gmail.com,Abhijith AC,23BAI10266,R5Z7B4U1,abhijith.23bai10266@vitbhopal.ac.in
achyuth.works@gmail.com,ACHYUTH HARESAMUDRAM,23BAI10584,K3M9G6N7,achyuth.23bai10584@vitbhopal.ac.in
chirasmitaghosh2k5@gmail.com,Chirasmita Ghosh,23BAC10003,B2W5G7X6,chirasmita.23bac10003@vitbhopal.ac.in
ganityadav07@gmail.com,Ganit Yadav,23BAC10033,R2K4M9P1,ganit.23bac10033@vitbhopal.ac.in
intelshivaram005@gmail.com,SHIVARAMAN THANGARAJ,23BAC10009,A6D7G5P9,shivaraman.23bac10009@vitbhopal.ac.in
manthansontakke005@gmail.com,MANTHAN SONTAKKE,23BAC10034,C6Z9L9D3,manthan.23bac10034@vitbhopal.ac.in
purab.rao@gmail.com,-,-,D1Y6Y2W7,-
raadheshbajoria@gmail.com,Raadhesh Bajoria,23BAC10023,L2F3O4S0,raadhesh.23bac10023@vitbhopal.ac.in
siddharth.dubey0595@gmail.com,Siddharth Dubey,23BAC10012,F2P7R5K8,siddharth.23bac10012@vitbhopal.ac.in
soniankita087@gmail.com,Ankita Soni,23BAC10032,N4X9J8L2,ankita.23bac10032@vitbhopal.ac.in
sskpjagadesh@gmail.com,S Souparnika,23BAC10006,S2X8W4R9,souparnika.23bac10006@vitbhopal.ac.in
yugpareek055@gmail.com,YUG PAREEK,23BAC10022,R5G3M8O8,yug.23bac10022@vitbhopal.ac.in
abhinavnarayanwork@gmail.com,Abhinav Narayan,23BAC10037,W6E4Y9B8,abhinav.23bac10037@vitbhopal.ac.in
armanhanif19200@gmail.com,Mohammad Arman Hanif,23BAC10038,H5Y1E8M5,mohammad.23bac10038@vitbhopal.ac.in
vishwash.693@gmail.com,Vishwash Agarwal,22MIP10049,Q4F8X1E3,vishwashagarwal2022@vitbhopal.ac.in
asananiom27@gmail.com,Om Asanani,22MIM10073,Z6E4Y2B0,omasanani2022@vitbhopal.ac.in
ashishajnavdiya88@gmail.com,Ashish Verma,22MIM10113,Q2E1J0V2,ashishverma2022@vitbhopal.ac.in
prasidhinandwani@gmail.com,Prasidhi Nandwani,22MIM10065,S2O9L0T5,prasidhinandwani2022@vitbhopal.ac.in
rohitthiruveedula@gmail.com,Thiruveedula Rohit,22MIM10056,Q1N0T0D7,thiruveedularohit2022@vitbhopal.ac.in
er.vikasshuklag@gmail.com,Vikas Shukla,22MEI10041,N4K7X2F2,vikasshukla2022@vitbhopal.ac.in
matrupriya2004@gmail.com,-,-,C4B8L6R5,-
riyarathore1825@gmail.com,Riya Rathore,22MIP10068,L7R9T6B1,Riyarathore2022@vitbhopal.ac.in
saniyaahemad15@gmail.com,Saniya Ahemad,22MIP10002,T1R1Z9D0,saniyaahemad2022@vitbhopal.ac.in
sanvik926@gmail.com,Sanvi Kulkarni,22MIP10045,P2R6J7F9,kulkarnisanvimanish2022@vitbhopal.ac.in
saurabhsingh87692@gmail.com,Saurabh Singh,22MIP10024,C2R0X0Y4,saurabhkumarsingh2022@vitbhopal.ac.in
sheetalkj2054@gmail.com,Sheetal Kumar Jain,22MIP10069,F4U2I7Y2,Sheetalkumarjain2022@vitbhopal.ac.in
syedmohammadzohaadaseem@gmail.com,Syed Mohammad Zohaad Aseem,22MIP10021,X2F0A2A8,syedmohammadzohaadaseem2022@vitbhopal.ac.in
tushitagakk12@gmail.com,Tushita Gakkhar,22MIP10032,D1W8Y1O7,tushitagakkhar2022@vitbhopal.ac.in
vaasu2905@gmail.com,VAASU CHANDRA,22MIP10007,K4Y3Y6O2,vaasuchandra2022@vitbhopal.ac.in
vanshikasharma2504@gmail.com,Vanshika Sharma,22MIP10014,W4C6E2Z3,vanshikasharma2022@vitbhopal.ac.in
vedantkanoje794@gmail.com,Vedant Kanoje,22MIP10037,Q1X5S8B9,vedantkanoje2022@vitbhopal.ac.in
vidhisahay25@gmail.com,Vidhi Sahay,22MIP10041,U6I8V0G6,vidhisahay2022@vitbhopal.ac.in
vinitkarlekar84474@gmail.com,Vinit Karlekar,22MIP10071,K1T6N8D7,vinitkarlekar2022@vitbhopal.ac.in
vishanshm@gmail.com,Ishansh Maurya,22MIP10034,E1R6V1Z7,ishanshmaurya2022@vitbhopal.ac.in
work.nishitajain@gmail.com,Nishita Jain,22MIP10077,R5D0A6F8,nishitajain2022@vitbhopal.ac.in
abhiyankyadav51@gmail.com,Abhiyank Yadav,22MIP10074,N2B9V4D9,abhiyankyadav2022@vitbhopal.ac.in
anushikapayasi@gmail.com,Anushika Payasi,22MIP10085,H2A0W0S1,anushikapayasi2022@vitbhopal.ac.in
anushkasoni96526@gmail.com,Anushka soni,22MIP10087,K3J1G5L5,anushkasoni2022@vitbhopal.ac.in
arpita.rajput.main@gmail.com,Arpita Rajput,22MIP10001,P6U2J9I6,arpitarajput2022@vitbhopal.ac.in
atharvavyas72@gmail.com,Atharva Vyas,22MIP10033,F1J8L1B2,atharvavyas2022@vitbhopal.ac.in
avadheshkumarshah578@gmail.com,Avadhesh Shah,22MIP10004,D6B5C1P4,avadheshkumarshah2022@vitbhopal.ac.in
codingwithmahak@gmail.com,Mahak Dwivedi,22MIP10005,P2G7S7M4,mahakdwivedi2022@vitbhopal.ac.in
dazaivuuduu@gmail.com,Manas Das,22MIP10062,V2I1K3W0,manasdas2022@vitbhopal.ac.in
deshpande236sakshi@gmail.com,Sakshi Deshpande,22MIP10038,I1J1M1X4,sakshideshpande2022@vitbhopal.ac.in
Username,Name,Neo ID,Reg No,10th marks,Type 1,CGPA,Type 2,12th marks,Type 3
shivkant.23bcg10140,Shivakant Kurmi,N7M0J0R9,23BCG10140,-,-,9.83,CGPA,-,-
khushi.25mca10019,Khushi Gupta,P2S2C5Q2,25MCA10019,-,-,9.61,CGPA,-,-
vaibhav.23bec10009,Vaibhav Dikshit,G9Q7A8X7,23BEC10009,-,-,9.55,CGPA,-,-
pratham.23bai10455,Pratham Kashyap,J1P6O5Z7,23BAI10455,91.2,Percentage,9.49,CGPA,78.6,Percentage
anugya.23bai10550,Anugya Chaubey,G3F0P0B8,23BAI10550,92.8,Percentage,9.46,CGPA,90.6,Percentage
mateen.23bec10048,Mateen Qureshi,A1S5J6G1,23BEC10048,-,-,9.46,CGPA,-,-
anshika.23bey10039,Anshika Mittal,E4C5Q3G4,23BEY10039,-,-,9.45,CGPA,-,-
samarth.23bce10647,Samarth Khandelwal,J4T2U9F4,23BCE10647,97.4,Percentage,9.42,CGPA,92.8,Percentage
pari.23bce11057,Pari Sangamnerkar,Q5X8V9C4,23BCE11057,90.6,Percentage,8.42,CGPA,83.4,Percentage
vaibhav.23bce10972,Vaibhav Kumar,T5I9W6L8,23BCE10972,-,-,9.42,CGPA,-,-
ankita.23bac10032,Ankita Soni,N4X9J8L2,23BAC10032,-,-,9.41,CGPA,-,-
anshika.23bai10033,Anshika Shrivastava,M3E3W5B0,23BAI10033,-,-,9.41,CGPA,-,-
anjali.23bce10067,Anjali Kushwaha,U3H5H1S5,23BCE10067,96.8,Percentage,9.4,CGPA,97.0,Percentage
jainananya28,Ananya Jain,O4J3H2L8,23BCY10059,82.6,Percentage,9.4,CGPA,87.6,Percentage
abhijeet.23bai11308,ABHIJEET DUBEY,M9O9Q0J8,23BAI11308,94.4,Percentage,9.4,CGPA,83.0,Percentage
komal.23bai10561,Komal Singh,L4W2P4L8,23BAI10561,95.0,Percentage,9.39,CGPA,84.4,Percentage
kabir.23bce10815,Kabir Roy,G1I1X5K4,23BCE10815,-,-,9.39,CGPA,-,-
shri.23bce11629,Shri Ram Prince Mishra,V5D2T9I9,23BCE11629,-,-,9.39,CGPA,-,-
sanchari.23bsa10045,Sanchari Mahanti,N2I1K2E2,23BSA10045,96.4,Percentage,9.37,CGPA,92.6,Percentage
shreya.23bai10620,Shreya Goyal,M3B8Y5L3,23BAI10620,-,-,9.36,CGPA,-,-
kanak.23bce10084,Kanak Paliwal,P3D1E5C1,23BCE10084,93.2,Percentage,9.35,CGPA,93.2,Percentage
mukul.23bai10016,Mukul Mishra,H4W4L8Q4,23BAI10016,92.67,Percentage,9.34,CGPA,94.4,Percentage
sanskriti.23bai10269,Sanskriti Singh,Q6D0C0Y3,23BAI10269,96.4,Percentage,9.34,CGPA,93.4,Percentage
dheeraj.23bce10723,K Dheeraj,S6N8K0V2,23BCE10723,95.4,Percentage,9.34,CGPA,90.4,Percentage
ritik.23bce10979,Ritik Kumar,O1K1S1D5,23BCE10979,87.2,Percentage,9.33,CGPA,91.4,Percentage
manan.23bai10011,Manan Mittal,L3N8G1G0,23BAI10011,94.33,Percentage,9.33,CGPA,78.6,Percentage
shubham.23bce11262,Shubham Tripathi,G2V9R4S1,23BCE11262,90.0,Percentage,9.32,CGPA,88.0,Percentage
rishika.23bce10009,Rishika Thakur,K7P2K9P2,23BCE10009,99.0,Percentage,9.31,CGPA,93.0,Percentage
vartika.23bce10344,Vartika Dhochak,E4Q2B5N9,23BCE10344,97.6,Percentage,9.31,CGPA,91.4,Percentage
smriti.23bce11456,Smriti Prajapati,W2O0A2N3,23BCE11456,91.4,Percentage,9.31,CGPA,81.4,Percentage
aastha.23bai10049,Aastha Adhikari,L1V0G4X6,23BAI10049,-,-,9.31,CGPA,-,-
satyam.23bai10557,Satyam .,S1Y8P8X4,23BAI10557,94.0,Percentage,9.3,CGPA,95.0,Percentage
aashi.23bai10156,Aashi Aashi,S2A7O5M9,23BAI10156,97.6,Percentage,9.3,CGPA,94.8,Percentage
shruti.23bsa10074,Shruti Jain,T4R3H1B1,23BSA10074,96.2,Percentage,9.3,CGPA,94.2,Percentage
aditi.23bce10435,Aditi Mishra,H3S1F0B5,23BCE10435,91.4,Percentage,9.3,CGPA,94.0,Percentage
abhishek.23bce10577,Abhishek Chauhan,P5T8F6J0,23BCE10577,96.8,Percentage,9.29,CGPA,91.2,Percentage
anwesh.23bce11821,Anwesh Bhattacharya,X1Q1V2O6,23BCE11821,-,-,9.29,CGPA,-,-
anvesha.23bai10355,Anvesha Rastogi,M2O8Y6K3,23BAI10355,87.0,Percentage,9.28,CGPA,92.8,Percentage
pranav.23bce10563,Pranav Chaturvedi,K5G8A0E8,23BCE10563,93.0,Percentage,9.28,CGPA,92.0,Percentage
shivangi.23bce10053,Shivangi Tiwari,Q4T8X2E0,23BCE10053,92.4,Percentage,9.28,CGPA,87.6,Percentage
abhilasha.23bcy10140,Abhilasha Kamal,V3R6C8N4,23BCY10140,92.0,Percentage,9.28,CGPA,83.2,Percentage
shweta.25mca10039,Shweta Dwivedi,A7K2Y5O9,25MCA10039,-,-,9.28,CGPA,-,-
tanpreet.23bce10159,Tanpreet Singh,Y5L2U1W1,23BCE10159,-,-,9.28,CGPA,-,-
aditi.23bce10233,Aditi Parthasarathi,C6P8Q2P0,23BCE10233,95.4,Percentage,9.27,CGPA,91.2,Percentage
nishtha.23bce10335,Nishtha Jain,H1T5B8N4,23BCE10335,93.8,Percentage,9.27,CGPA,88.6,Percentage
anchal.23bai10315,Anchal .,O4I8N5M4,23BAI10315,93.4,Percentage,9.27,CGPA,85.8,Percentage
devansh.23bce11680,Devansh Dahiya,R3E3I3J5,23BCE11680,-,-,9.27,CGPA,-,-
suryaprakashsiddina.25mas10019,SIDDINA SURYA PRAKASH,G5S1M1U4,25mas10019,-,-,9.27,CGPA,-,-
mailtosoumya.7,SOUMYA,L5X8N1V1,23BCE10806,-,-,9.27,CGPA,-,-
arpita.23bce11660,Arpita Nanda,H2N2M7K7,23BCE11660,93.0,Percentage,9.26,CGPA,95.2,Percentage
parth.23bce11758,Parth Bhanti,T3W7X6V8,23BCE11758,96.4,Percentage,9.26,CGPA,93.6,Percentage
ishita.23bce11316,ISHITA GAUTAM,S3V5Z7V5,23BCE11316,94.16,Percentage,9.26,CGPA,89.8,Percentage
amit.23bce10692,Amit Amit,J5H7I4R7,23BCE10692,87.6,Percentage,9.26,CGPA,87.2,Percentage
diya.23bce11317,DIYA SAMBHARIA,S1P2M6O9,23BCE11317,91.4,Percentage,9.26,CGPA,84.8,Percentage
namitha.23bce11620,NAMITHA L,N1B9M8Y8,23BCE11620,-,-,9.26,CGPA,-,-
gaurav.23bai10053,Gaurav Jain,L4S2U1A1,23BAI10053,92.0,Percentage,9.25,CGPA,90.2,Percentage
bhakti.23bcy10097,Bhakti Chopra,M1U9A2O9,23BCY10097,95.4,Percentage,9.25,CGPA,89.8,Percentage
devansh.23bce10872,Devansh Rawat,A1U5I6H2,23BCE10872,95.0,Percentage,9.25,CGPA,89.4,Percentage
somiya.23bai10689,Somiya Namdeo,A5U9V4W8,23BAI10689,97.0,Percentage,9.25,CGPA,82.2,Percentage
veronika.23bce11218,Veronika Dhingra,S1D1D0A2,23BCE11218,95.8,Percentage,9.24,CGPA,89.4,Percentage
smriti.23bai11385,Smriti Singh,W0R6H4N9,23BAI11385,94.0,Percentage,9.24,CGPA,86.8,Percentage
rehmat.23bai10970,Rehmat Kaur,D1K1I9E4,23BAI10970,-,-,9.24,CGPA,-,-
shubrat.23bce10340,Shubrat Mishra,A1M7T2Y2,23BCE10340,92.8,Percentage,9.23,CGPA,95.4,Percentage
diya.23bce10125,Diya Garg,J5E8N1S3,23BCE10125,92.5,Percentage,9.23,CGPA,95.2,Percentage
ritika.23bce10196,RITIKA SINHA,T1E0A0E5,23BCE10196,97.2,Percentage,9.23,CGPA,91.6,Percentage
aditya.23bai11218,ADITYA GUPTA,I1R5I9I2,23BAI11218,-,-,9.23,CGPA,-,-
navya.23bcy10079,Navya Srivastava,U4O5O2Q0,23BCY10079,-,-,9.23,CGPA,-,-
pragati.23bce10271,Pragati Tripathi,J4A2S4E0,23BCE10271,-,-,9.23,CGPA,-,-
kanika.23bce10252,Kanika Kumar,X4F1Y7F1,23BCE10252,94.8,Percentage,9.22,CGPA,91.0,Percentage
rupali.23bec10081,Rupali Patel,O4M7D3P6,23BEC10081,-,-,9.22,CGPA,-,-
patel.23bce10057,Yash Patel,M5O0U6D7,23BCE10057,-,-,9.22,CGPA,-,-
avisha.23bce10650,Avisha Sahu,N4B8I8I5,23BCE10650,96.83,Percentage,9.21,CGPA,94.0,Percentage
summar.23bce11378,Summar Porwal,G4C9L6I6,23BCE11378,93.8,Percentage,9.21,CGPA,91.6,Percentage
khushi.23bai10456,Khushi Yadav,I9R9B3T5,23BAI10456,98.0,Percentage,9.21,CGPA,90.6,Percentage
riya.23bce10456,Riya Mehta,D3P3D0K2,23BCE10456,86.6,Percentage,9.21,CGPA,88.6,Percentage
achyuth.23bai10584,ACHYUTH HARESAMUDRAM,K3M9G6N7,23BAI10584,95.67,Percentage,9.21,CGPA,88.4,Percentage
himanshu.23bcy10133,Himanshu Yadav,F8G6O1B7,23BCY10133,93.0,Percentage,9.21,CGPA,79.4,Percentage
manikya.23bce11009,Manikya Nariyal,Z7L8E6O2,23BCE11009,94.6,Percentage,9.21,CGPA,77.8,Percentage
praphull.23bce10231,Praphull Kumar Yadav,G1I6H4V1,23BCE10231,-,-,9.21,CGPA,-,-
sharika.23bai10423,Sharika P K,K9C2G8G2,23BAI10423,9.9,CGPA,9.2,CGPA,97.75,Percentage
pranjali.23bai10050,Pranjali Bisht,M4Z2C9J0,23BAI10050,97.2,Percentage,9.2,CGPA,96.0,Percentage
mahima.23bai10470,MAHIMA JYOTI,Q2P6X4V9,23BAI10470,93.33,Percentage,9.2,CGPA,93.67,Percentage
mahi.23bai10306,Mahi Singh,B1V2Z1A7,23BAI10306,95.4,Percentage,9.2,CGPA,89.75,Percentage
anusha.23bce10866,Anusha Gupta,T4O5R9K3,23BCE10866,-,-,9.2,CGPA,-,-
tejas.23bce10419,Tejas Ranjeet,F3U1W9H6,23BCE10419,-,-,9.2,CGPA,-,-
shrishti.23bai10114,Shrishti Singh,I4B8V0C5,23BAI10114,96.0,Percentage,9.19,CGPA,91.0,Percentage
aarya.23bai10414,Aarya Butolia,K1K4B0N1,23BAI10414,94.6,Percentage,9.19,CGPA,90.8,Percentage
tulsi.23bce11314,TULSI CHAUDHARI,N1O2W1I0,23BCE11314,96.33,Percentage,9.19,CGPA,83.0,Percentage
saanya.23bce11295,Saanya Garg,L3C3V2A0,23BCE11295,96.6,Percentage,9.19,CGPA,82.0,Percentage
sagar.23bai10004,Sagar Chandra,D2G5E9E9,23BAI10004,98.2,Percentage,9.19,CGPA,80.0,Percentage
aarushi.23bai10458,Aarushi Singh,F5Z2XOR4,23BAI10458,-,-,9.19,CGPA,-,-
ayush.23bce10325,Ayush Subhash Ghonge,D4W0D2J4,23BCE10325,-,-,9.19,CGPA,-,-
hitesh.23bce10363,Hitesh Kumar Patel,Q5I7C2Q8,23BCE10363,-,-,9.19,CGPA,-,-
prerna.23bhi10139,Prerna,K5W2H2G3,23BHI10139,-,-,9.19,CGPA,-,-
granth.23bai10063,Granth Satsangi,E2O1D1D5,23BAI10063,96.16,Percentage,9.18,CGPA,92.0,Percentage
ayushi.23bce11001,Ayushi Karwa,V2J0X2M3,23BCE11001,93.2,Percentage,9.18,CGPA,89.3,Percentage
prisha.23bai10881,Prisha Bhatia,C5H8R7T9,23BAI10881,94.0,Percentage,9.18,CGPA,89.0,Percentage
akshara.23bai10585,Akshara Srivastava,W5N1D5D0,23BAI10585,80.8,Percentage,9.18,CGPA,83.5,Percentage
jain.23bce10004,Shravan Jain,A6C2Z9O4,23BCE10004,89.0,Percentage,9.18,CGPA,76.0,Percentage
anjali.23bcy10063,Anjali Arora,R7P0D7B5,23BCY10063,-,-,9.18,CGPA,-,-
riya.23bce11293,Riya Shukla,B5S6M7U2,23BCE11293,94.0,Percentage,9.17,CGPA,91.8,Percentage
manas.23bsa10061,Manas Awasthi,W3E6O4R4,23BSA10061,-,-,9.17,CGPA,-,-
prachi.23bai10616,Prachi Sharma,F3X0Z2N6,23BAI10616,-,-,9.17,CGPA,-,-
vishal.23bhi10079,Vishal Dolasia,B2R3X1Q0,23BHI10079,-,-,9.17,CGPA,-,-
nishita.23bce11227,Nishita Kawadkar,Y2R6H2Y0,23BCE11227,92.2,Percentage,9.16,CGPA,94.4,Percentage
kavyansh.23bce10301,Kavyansh Vats,M1R5M1F1,23BCE10301,94.66,Percentage,9.16,CGPA,89.6,Percentage
ananya.23bai11178,Ananya Chaurasia,N1J0D1D3,23BAI11178,95.2,Percentage,9.16,CGPA,84.0,Percentage
priya.23bce10422,priya sahu,V2W4R0V4,23BCE10422,91.6,Percentage,9.16,CGPA,81.2,Percentage
adarsh.23bce10598,Adarsh Yadav,H5G8Q6M5,23BCE10598,87.6,Percentage,9.16,CGPA,81.0,Percentage
atharva.23bce10698,Atharva Tanaji Nagane,F3N1A5G3,23BCE10698,-,-,9.16,CGPA,-,-
hitesh.23bcg10025,Hitesh Kumar,O4C0C9Z1,23BCG10025,-,-,9.16,CGPA,-,-
gokul.23bai11403,Gokul Satheesh,T5J0O7W7,23BAI11403,95.0,Percentage,9.15,CGPA,96.0,Percentage
pranav.23bce10906,Pranav Kumar,Y4U4C0O4,23BCE10906,96.4,Percentage,9.15,CGPA,94.6,Percentage
smriti.23bce10216,Smriti Bisht,P2K5T2R7,23BCE10216,92.8,Percentage,9.15,CGPA,92.2,Percentage
mansi.23bce10627,Mansi Kapse,S5L3I2F7,23BCE10627,94.3,Percentage,9.15,CGPA,91.8,Percentage
skand.23bce10639,Skand Kumar Choubey,E1J1I6B4,23BCE10639,96.6,Percentage,9.15,CGPA,90.6,Percentage
arush.23bce11739,Arush Bhatnagar,V3D5Z8F0,23BCE11739,88.4,Percentage,9.15,CGPA,88.4,Percentage
harshika.23bce11313,Harshika Sharma,M3L7C5E0,23BCE11313,93.2,Percentage,9.15,CGPA,88.2,Percentage
vaibhav.23bce10126,Vaibhav Sanghani,G4U7G2L8,23BCE10126,92.8,Percentage,9.15,CGPA,87.8,Percentage
alan.23bai10215,Alan Jiji Varghese,N7N7W2Z7,23BAI10215,94.5,Percentage,9.15,CGPA,86.8,Percentage
devolina.23bcy10050,Devolina Singha,T4L0H2I2,23BCY10050,89.9,Percentage,9.15,CGPA,86.5,Percentage
mahi.23bce10098,Mahi Prajapati,L2N1L9G1,23BCE10098,96.0,Percentage,9.15,CGPA,86.0,Percentage
romsha.23bai10239,Romsha Wadhwa,E1O9Z3W1,23BAI10239,92.8,Percentage,9.15,CGPA,84.2,Percentage
rudra.23bce10068,Rudra Rudra,Q3S5Z2Z9,23BCE10068,95.4,Percentage,9.15,CGPA,80.8,Percentage
ishan.23bce10597,Ishan Pardhi,O1U0X6H2,23BCE10597,94.6,Percentage,9.15,CGPA,78.6,Percentage
parth.23bce10448,Parth Patil,H0U6A0P7,23BCE10448,96.17,Percentage,9.15,CGPA,76.83,Percentage
saloni.23bai10928,Saloni Maijorwar,A2S0L6R5,23BAI10928,90.17,Percentage,9.15,CGPA,76.8,Percentage
aksht.23bce11142,Akshit Joshi,J3C9P3X3,23BCE11142,93.8,Percentage,9.14,CGPA,92.0,Percentage
vasudha.23bce11688,Vasudha Sharma,L3W9C3V4,23BCE11688,90.8,Percentage,9.14,CGPA,88.0,Percentage
pranjal.23bai10411,PRANJAL KUMAR SHUKLA,T1R0O9C4,23BAI10411,89.8,Percentage,9.14,CGPA,84.67,Percentage
peeyush.23bai10875,Peeyush Chauhan,H5F4I3H6,23BAI10875,84.2,Percentage,9.14,CGPA,82.8,Percentage
hardik.23bai11153,Hardik Shailendra Pandey,M2H8V8Z9,23BAI11153,-,-,9.14,CGPA,-,-
jatin.23bai10278,Jatin Kumar Verma,W1T6S6T9,23BAI10278,-,-,9.14,CGPA,-,-
ziaur.23bce10130,Md Ziaur Rahman,T2K9U2B5,23BCE10130,-,-,9.14,CGPA,-,-
rohan.23bce10923,Rohan Ganesh Kharche,S4U4T7C4,23BCE10923,-,-,9.14,CGPA,-,-
suryansh.23bai11228,Suryansh Sapehia,E2V6U6Y5,23BAI11228,-,-,9.14,CGPA,-,-
vanshika.23bce10036,Vanshika Motwani,J2N1C6N2,23BCE10036,84.67,Percentage,9.13,CGPA,94.0,Percentage
bhavesh.23bce10320,Bhavesh Pillai,M1A5M9P1,23BCE10320,93.0,Percentage,9.13,CGPA,93.2,Percentage
mansi.23bce11837,Mansi Sanodia,Z3X1Z9P0,23BCE11837,-,-,9.13,CGPA,-,-
oveiya.23bcy10309,Oveiya K,F2W1L7R7,23BCY10309,-,-,9.13,CGPA,-,-
pulkit.23bce10735,Pulkit Agrawal,G5V7T1B8,23BCE10735,-,-,9.13,CGPA,-,-
ridhima.23bai11404,Ridhima Sharma,D1L8D6Q9,23BAI11404,-,-,9.13,CGPA,-,-
sakshi.23bce11231,Sakshi Mittal,Y3L4P3L8,23BCE11231,-,-,9.13,CGPA,-,-
srinidhi.23bec10057,Srinidhi Thirukandalam Kidambi,Q2A2Z6E9,23BEC10057,-,-,9.13,CGPA,-,-
aryan.23bai10384,Aryan Prajapati,C2M9Y9K5,23BAI10384,92.6,Percentage,9.12,CGPA,85.6,Percentage
vivek.23bai10127,Vivek Srivastava,P2V6L3B1,23BAI10127,95.33,Percentage,9.12,CGPA,78.6,Percentage
sanskriti.23bai10988,Sanskriti Mittal,I5D1T5R9,23BAI10988,-,-,9.12,CGPA,-,-
vaishnavi.23bai11354,Vaishnavi Tiwari,C2A9U2K2,23BAI11354,-,-,9.12,CGPA,-,-
yatharth.23bce10354,Yatharth Yadav,S3K8H0O2,23BCE10354,-,-,9.12,CGPA,-,-
aarav.23bce10311,Aarav Agarwal,Y4K0V8V5,23BCE10311,92.6,Percentage,9.11,CGPA,93.75,Percentage
sehajpreet.23bai10664,SEHAJPREET KAUR,T4H1W4Q0,23BAI10664,92.2,Percentage,9.11,CGPA,93.2,Percentage
anshul.23bcy10237,Anshul Kumar,K6X1V1S0,23BCY10237,96.5,Percentage,9.11,CGPA,93.0,Percentage
ayushi.23bai10370,Ayushi Chauhan,Y1G4A0A1,23BAI10370,91.67,Percentage,9.11,CGPA,90.6,Percentage
tanishq.23bce10793,Tanishq Vernela,G4L1J7T0,23BCE10793,90.6,Percentage,9.11,CGPA,85.4,Percentage
rishaub.23bce10060,Rishaub Kumar,X2U4B7R2,23BCE10060,90.16,Percentage,9.11,CGPA,83.6,Percentage
divyansh.23bce10887,Divyansh Kumar Srivastava,O9S2A9F7,23BCE10887,83.6,Percentage,9.11,CGPA,82.6,Percentage
manik.23bai10426,Manik Pandey,S3K0V2G3,23BAI10426,92.4,Percentage,9.11,CGPA,78.16,Percentage
rishit.23bce10373,Rishit Shrivastava,N1J9U2S4,23BCE10373,91.8,Percentage,9.1,CGPA,95.6,Percentage
priyanshu.23bai11389,Priyanshu Paul,A3E2T2K0,23BAI11389,96.4,Percentage,9.1,CGPA,94.2,Percentage
manvi.23bai10777,Manvi Sharma,D2S3J5D2,23BAI10777,97.4,Percentage,9.1,CGPA,93.6,Percentage
aritra.23bce11127,Aritra Pradhan,I5G9S0W1,23BCE11127,94.6,Percentage,9.1,CGPA,91.2,Percentage
vartika.23bce11137,Vartika Vashishtha,M1H1Z9B1,23BCE11137,-,-,9.1,CGPA,-,-
anet.23bhi10146,Anet Davis,A5L6T3G5,23BHI10146,-,-,9.1,CGPA,-,-
priyasingh2022,Priya Singh,H3D9F2Z8,22MIP10003,-,-,9.1,CGPA,-,-
yoshita.23bce11822,Yoshita Upadhyay,J5K5E4Z3,23BCE11822,97.4,Percentage,9.09,CGPA,96.5,Percentage
sarthak.23bce10649,Sarthak Rastogi,Y2Y9L4O9,23BCE10649,94.66,Percentage,9.09,CGPA,90.33,Percentage
ishan.23bce10317,Ishan Khare,C2W7E7Y2,23BCE10317,86.0,Percentage,9.09,CGPA,90.25,Percentage
swastik.23bcy10012,Swastik Sharma,Z1V0Y5K0,23BCY10012,97.2,Percentage,9.09,CGPA,88.6,Percentage
aryan.23bcy10091,Aryan Mukhopadhyay,G6R1O9M5,23BCY10091,94.8,Percentage,9.09,CGPA,87.6,Percentage
mangesh.23bce10204,Mangesh Singh,D5O4K9P5,23BCE10204,94.0,Percentage,9.09,CGPA,87.2,Percentage
priyanka.23bce10141,PRIYANKA PANDA,Q1X6M1C5,23BCE10141,93.0,Percentage,9.09,CGPA,87.2,Percentage
saumya.23bce10331,Saumya Dwivedi,O2I0P5X9,23BCE10331,96.6,Percentage,9.09,CGPA,86.4,Percentage
giridhar.23bai10735,Giridhar Bargaley,O9N8A6U3,23BAI10735,93.8,Percentage,9.09,CGPA,84.2,Percentage
nikhil.23bai11388,Nikhil Agrawal,V2G3B8A0,23BAI11388,92.16,Percentage,9.09,CGPA,84.0,Percentage
harsh.23bce10390,HARSH HARSH,U3Y5G4B8,23BCE10390,89.8,Percentage,9.09,CGPA,83.33,Percentage
ayushi.23bce10307,Ayushi .,C7Q4J4P0,23BCE10307,93.4,Percentage,9.09,CGPA,83.0,Percentage
archita.23bai10066,Archita Bajpai,X2T3Z9T1,23BAI10066,92.8,Percentage,9.09,CGPA,77.6,Percentage
ojasvi.23bai10164,OJASVI RAJ,D3E1Z6O5,23BAI10164,-,-,9.09,CGPA,-,-
ayush.23bce11831,Ayush Kumar,J3V1P4T6,23BCE11831,94.2,Percentage,9.08,CGPA,91.2,Percentage
kapil.23bai10089,kapil arya,M1Q0X4K6,23BAI10089,95.0,Percentage,9.08,CGPA,91.0,Percentage
ajitesh.23bai10075,Ajitesh Shukla,H1W6P5P2,23BAI10075,91.0,Percentage,9.08,CGPA,85.6,Percentage
adarsh.23bai11231,Adarsh Sharma,T1X6E6H0,23BAI11231,-,-,9.08,CGPA,-,-
sakshi.23bce11689,Sakshi Verma,K9P6Y0U4,23BCE11689,88.8,Percentage,9.07,CGPA,94.0,Percentage
yashraj.23bce10491,Yashraj Shishodia,H4J3K9X1,23BCE10491,92.6,Percentage,9.07,CGPA,92.4,Percentage
mayan.23bai10880,Mayan Chaubey,T4D1E4V8,23BAI10880,95.17,Percentage,9.07,CGPA,91.2,Percentage
pranjal.23bai11001,Pranjal Pandey,J5D6M5A1,23BAI11001,95.6,Percentage,9.07,CGPA,90.8,Percentage
riddhi.23bce10110,Riddhi Mhadgut,I2P3D2E5,23BCE10110,95.0,Percentage,9.07,CGPA,85.6,Percentage
vaibhavi.23bce11031,Vaibhavi Agrawal,Y4I0G4U4,23BCE11031,95.67,Percentage,9.07,CGPA,85.2,Percentage
harsh.23bai11306,Harsh Gupta,D2A8N9P3,23BAI11306,80.0,Percentage,9.07,CGPA,85.0,Percentage
sagar.23bce11298,sagar kumar sahu,Q5O0D4K6,23BCE11298,92.0,Percentage,9.07,CGPA,84.0,Percentage
harshit.23bai10101,Harshit Chugh,H5G6G6K9,23BAI10101,95.0,Percentage,9.07,CGPA,83.0,Percentage
Sweta.23bce11754,Sweta Kumari,K1I0Q1J8,23BCE11754,95.0,Percentage,9.07,CGPA,82.2,Percentage
aarya.23bce10728,Aarya Shrivaastava,K5C6V7W9,23BCE10728,93.4,Percentage,9.07,CGPA,80.2,Percentage
shubham.23bai10843,Shubham Jain,Y5Z1V1A4,23BAI10843,94.66,Percentage,9.07,CGPA,78.4,Percentage
aryanbeniwal793,Aryan,O1Y8X6U0,23BCY10098,-,-,9.07,CGPA,-,-
mridul.23bce11832,Mridul Rajgaria,S5R0R2P8,23BCE11832,-,-,9.07,CGPA,-,-
sarthak.23bce10324,Sarthak kumar,L2Z7B4K5,23BCE10324,-,-,9.07,CGPA,-,-
shaswata.23bhi10018,Shaswata Mandal,B5V1M3A6,23BHI10018,-,-,9.07,CGPA,-,-
sparsh.23bce10512,Sparsh Jain,R3J3O5Z3,23BCE10512,-,-,9.07,CGPA,-,-
yashansh.23bai10025,Yashansh Gupta,T5H7O7R0,23BAI10025,86.2,Percentage,9.06,CGPA,89.6,Percentage
akansha.23bce10298,Akansha Gupta,B3B9J6I3,23BCE10298,94.17,Percentage,9.06,CGPA,81.4,Percentage
adarsh.23bce10246,Adarsh Mishra,H5A3O6T8,23BCE10246,-,-,9.06,CGPA,-,-
kalika.23bai10083,Kalika Mehtani,U2U1F5Z7,23BAI10083,-,-,9.06,CGPA,-,-
raushik.23bce10974,Raushik Gupta,L2I6LOD6,23BCE10974,-,-,9.06,CGPA,-,-
sanjoli.23bai11387,Sanjoli Gupta,G5N4B2Z8,23BAI11387,-,-,9.06,CGPA,-,-
sarthak.23bce10568,Sarthak Satish Borekar,L1E2N1X7,23BCE10568,-,-,9.06,CGPA,-,-
gourikripa.23bai11327,Gourikripa M V,F1X1F7W3,23BAI11327,9.8,CGPA,9.05,CGPA,99.0,Percentage
sahil.23bcy10104,Sahil Sahil,Z4V7J8N3,23BCY10104,92.8,Percentage,9.05,CGPA,96.4,Percentage
ayush.23bai10065,Ayush Singh,T2R2J3N0,23BAI10065,96.4,Percentage,9.05,CGPA,94.6,Percentage
palak.23bai10189,Palak,G6S8M7H8,23BAI10189,83.5,Percentage,9.05,CGPA,91.4,Percentage
atulya.23bce10984,Atulya Juyal,W6B6Q1H1,23BCE10984,95.0,Percentage,9.05,CGPA,89.0,Percentage
avinash.23bce10901,Avinash Kumar Gautam,U2Y2C4R9,23BCE10901,75.66,Percentage,9.05,CGPA,88.8,Percentage
akshat.23bce11669,AKSHAT SINGHAL,S5P6Z9H4,23BCE11669,92.8,Percentage,9.05,CGPA,86.8,Percentage
saksham.23bce10006,Saksham Gupta,P2W9D5Q3,23BCE10006,92.4,Percentage,9.05,CGPA,84.0,Percentage
sparsh.23bce10090,Sparsh Khatwani,T3R9T0E9,23BCE10090,-,-,9.05,CGPA,-,-
yash.23bai11050,Yash Kamal,A4A9T6Q1,23BAI11050,-,-,9.05,CGPA,-,-
dishita.23bai10104,Dishita Chaturvedi,M6L7E0P8,23BAI10104,93.8,Percentage,9.04,CGPA,89.0,Percentage
yash.23bai10012,Yash Pratap Singh,X6F0U9A5,23BAI10012,82.0,Percentage,9.04,CGPA,86.6,Percentage
mehul.23bai10105,Mehul Patel,M4L6Z6A3,23BAI10105,89.67,Percentage,9.04,CGPA,85.83,Percentage
anushree.23bsa10029,Anushree Dixit,M4T4D0O7,23BSA10029,92.2,Percentage,9.04,CGPA,85.4,Percentage
akshara.23bai10392,Akshara Singh,G2R3Y0F7,23BAI10392,91.25,Percentage,9.04,CGPA,84.75,Percentage
mohammad.23bce10029,MOHAMMAD KAMIL,V1L7Y6K7,23BCE10029,91.8,Percentage,9.04,CGPA,84.4,Percentage
sourabh.23bce11022,Sourabh Naidu,A6P5J3P9,23BCE11022,90.4,Percentage,9.04,CGPA,82.4,Percentage
ishita.23bce10221,Ishita Patidar,T2W5M2J1,23BCE10221,-,-,9.04,CGPA,-,-
mansaa.23bai10276,Mansaa Kohli,J6D4V2Q0,23BAI10276,-,-,9.04,CGPA,-,-
vikas.23bce10525,VIKAS SRIVASTAV,C6B5J9K8,23BCE10525,92.16,Percentage,9.03,CGPA,95.16,Percentage
aprajita.23bai11399,Aprajita Ranjan,T1K4V8T4,23BAI11399,95.0,Percentage,9.03,CGPA,93.0,Percentage
rudransh.23bce10682,Rudransh Vatsa,P1P7O6Q2,23BCE10682,93.6,Percentage,9.03,CGPA,92.6,Percentage
aryan.23bcy10208,Aryan Kumar Yadav,Y3I7M6G5,23BCY10208,92.2,Percentage,9.03,CGPA,87.0,Percentage
kanishka.23bce10437,Kanishka .,Z5B6P6I3,23BCE10437,81.2,Percentage,9.03,CGPA,84.8,Percentage
rahul.23bce10658,Rahul Khatwani,T0C0V2Z2,23BCE10658,94.16,Percentage,9.03,CGPA,84.4,Percentage
vidhi.23bai10552,Vidhi Soni,N2H4D6P0,23BAI10552,93.6,Percentage,9.03,CGPA,83.4,Percentage
omkar.23bce11402,Omkar Kottawar,B1D3F8V0,23BCE11402,95.0,Percentage,9.03,CGPA,81.4,Percentage
divyanshu.23bce11244,Divyanshu Dwivedi,F3Y4J4X0,23BCE11244,96.3,Percentage,9.03,CGPA,78.2,Percentage
vishal.23bai11402,Vishal Kumar,N7M4N9Q2,23BAI11402,91.6,Percentage,9.03,CGPA,75.8,Percentage
aerin.23bce10016,Aerin Bharatbhai Patel,P1P8G0D5,23BCE10016,-,-,9.03,CGPA,-,-
ayush.23bai10347,Ayush Chandle,N5O8O5E0,23BAI10347,-,-,9.03,CGPA,-,-
jayant.23bce11823,Jayant Singh Rawat,H2M8P7G7,23BCE11823,-,-,9.03,CGPA,-,-
priyanshu.23bce10342,Priyanshu Yadav,D3X8M8V9,23BCE10342,-,-,9.03,CGPA,-,-
raghav.23bce11117,Raghav Mathur,K9X3S4R2,23BCE11117,-,-,9.03,CGPA,-,-
shayna.23bec10066,Shayna singh,C6A8A7H1,23BEC10066,-,-,9.03,CGPA,-,-
sushant.23bcy10263,Sushant Azad,G2J5Q6E1,23BCY10263,-,-,9.03,CGPA,-,-
pratham.23bce10309,Pratham Mittal,C3V0W2A1,23BCE10309,93.4,Percentage,9.02,CGPA,84.0,Percentage
lakshyawardhan.23bce10631,Lakshyawardhan Singh Rathore,A4X0T4E9,23BCE10631,89.3,Percentage,9.02,CGPA,81.8,Percentage
payoshnee.23bsa10187,Payoshnee Joshi,W6P0R6G6,23BSA10187,-,-,9.02,CGPA,-,-
vipanchi.23bce10886,Vipanchi Barman,D3H8Y8T0,23BCE10886,-,-,9.02,CGPA,-,-
mittapally.23bai10802,Mittapally Sri Harsha,A5G2B8J5,23BAI10802,10.0,CGPA,9.01,CGPA,96.8,Percentage
akanksha.23bce10062,AKANKSHA TRIPATHI,U5D8W5P5,23BCE10062,95.6,Percentage,9.01,CGPA,95.4,Percentage
himanshu.23bai10041,Himanshu,S3U6P9S4,23BAI10041,90.0,Percentage,9.01,CGPA,93.6,Percentage
malavika.23bai10805,Malavika Vinod,K3Z2F9Y4,23BAI10805,94.6,Percentage,9.01,CGPA,92.0,Percentage
deepika.23bcy10185,Deepika Deepika,X2Z0Y4P5,23BCY10185,95.4,Percentage,9.01,CGPA,91.4,Percentage
ashwani.23bce10685,Ashwani Arya,I5D5A6W0,23BCE10685,80.85,Percentage,9.01,CGPA,91.2,Percentage
bhoomi.23bce10600,Bhoomi Agarwal,L5I9J4B0,23BCE10600,91.4,Percentage,9.01,CGPA,90.8,Percentage
aarushi.23bce11152,Aarushi Chaudhary,W6B8Q3X1,23BCE11152,97.4,Percentage,9.01,CGPA,89.0,Percentage
arti.23bce10922,Arti Sharma,H3P6H7U9,23BCE10922,90.66,Percentage,9.01,CGPA,88.8,Percentage
vishal.23bsa10032,Vishal Soni,C5J8P4Y1,23BSA10032,86.83,Percentage,9.01,CGPA,88.8,Percentage
nandita.23bce11405,Nandita Rishishwar,K5K0E1T2,23BCE11405,95.02,Percentage,9.01,CGPA,85.8,Percentage
borkar.23bcy10181,Shreyas Borkar,L1E2X6Q7,23BCY10181,91.33,Percentage,8.76,CGPA,81.17,Percentage
ronit.23bai10629,Ronit Roy,U2F0T7E3,23BAI10629,84.0,Percentage,9.01,CGPA,80.0,Percentage
vibhav.23bce11095,Vibhav Pandey,Z9S8P6A6,23BCE11095,90.6,Percentage,9.01,CGPA,77.2,Percentage
palak.23bce11004,Palak Singh,N2C0U7S5,23BCE11004,90.0,Percentage,9.01,CGPA,76.0,Percentage
arjun.23bce10411,ARJUN GHUNGRUD,N1G1K5M5,23BCE10411,92.4,Percentage,9.01,CGPA,75.33,Percentage
anjali.23bce10356,Anjali Kumari,J6O8F4Q9,23BCE10356,-,-,9.01,CGPA,-,-
anubhavi.23bce10994,Anubhavi Jaiswal,R2X1N0R1,23BCE10994,-,-,9.01,CGPA,-,-
iram.23bsa10150,Iram Khan,X5T0F4D1,23BSA10150,-,-,9.01,CGPA,-,-
manas.23bce10826,Manas Tiwari,N5Z5Z1U4,23BCE10826,-,-,9.01,CGPA,-,-
sahil.23bce10074,Sahil Gupta,I3G7A9N7,23BCE10074,-,-,9.01,CGPA,-,-
saniyaahemad2022,Saniya Ahemad,T1R1Z9D0,22MIP10002,-,-,9.01,CGPA,-,-
shreya.23bce11050,Shreya Gupta,L2S5W0B8,23BCE11050,-,-,9.01,CGPA,-,-
shikha.23bce10460,Shikha Singh,L3H0P8O9,23BCE10460,95.4,Percentage,9.0,CGPA,94.6,Percentage
parth.23bai10120,Parth Deshpande,U2M8U7U4,23BAI10120,100.0,Percentage,9.0,CGPA,94.0,Percentage
vanya.23bce10137,Vanya Ahuja,S2J2R7K0,23BCE10137,97.0,Percentage,9.0,CGPA,94.0,Percentage
aditya.23bai10032,Aditya Gupta,T3Q9U7W2,23BAI10032,94.4,Percentage,9.0,CGPA,86.2,Percentage
palak.23bce11819,Palak Narang,R1D7K4K4,23BCE11819,93.0,Percentage,9.0,CGPA,86.0,Percentage
aryan.23bcy10333,Aryan Puri,G1F5B5B8,23BCY10333,85.8,Percentage,9.0,CGPA,84.4,Percentage
prajjwal.23bsa10197,Prajjwal Shukla,M6S0A5C9,23BSA10197,95.4,Percentage,9.0,CGPA,82.6,Percentage
aarya.23bai10112,Aarya Patel,A2F0A8Z5,23BAI10112,89.2,Percentage,9.0,CGPA,78.8,Percentage
priyank.23bcg10053,Priyank Solanki,A8C202S3,23BCG10053,-,-,9.0,CGPA,-,-
priyansh.23bce10607,Priyansh Paliwal,FIB3H9K0,23BCE10607,-,-,9.0,CGPA,-,-
uditya.23bai10543,Uditya Narayan Tiwari,F1D9P4B6,23BAI10543,-,-,9.0,CGPA,-,-
kajal.23bce10234,Kajal Mehta,I6T7Y1A8,23BCE10234,92.0,Percentage,8.99,CGPA,95.0,Percentage
yash.23bce10942,Yash Mehrotra,J5O7N8F8,23BCE10942,94.2,Percentage,8.99,CGPA,93.4,Percentage
nayan.23bai10172,Nayan Srivastava,E3E1H6S9,23BAI10172,93.4,Percentage,8.99,CGPA,92.8,Percentage
sahil.23bcy10093,Sahil Yadav,K4L9K2V1,23BCY10093,92.0,Percentage,8.99,CGPA,92.66,Percentage
apoorv.23bce10101,Apoorv Aditya Tripathi,X2W1G5H4,23BCE10101,94.0,Percentage,8.99,CGPA,92.4,Percentage
purnendu.23bce10157,Purnendu Tiwari,T4G6I0Z3,23BCE10157,86.2,Percentage,8.99,CGPA,92.4,Percentage
snehal.23bce10479,Snehal Baranwal,G6J0M8Y8,23BCE10479,83.6,Percentage,8.99,CGPA,89.0,Percentage
vansh.23bce10177,Vansh Saxena,P2B4D2C3,23BCE10177,94.33,Percentage,8.99,CGPA,88.6,Percentage
aastha.23bai11205,Aastha Nagar,Y1Z7M4E3,23BAI11205,93.8,Percentage,8.99,CGPA,87.8,Percentage
krish.23bce10078,Krish Mittal,P3K4H3H3,23BCE10078,90.6,Percentage,8.99,CGPA,87.6,Percentage
vikash.23bai11396,vikash kumar,S4M5N2T2,23BAI11396,96.8,Percentage,8.99,CGPA,85.6,Percentage
pakhi.23bce10847,Pakhi Shukla,B5F7N0H8,23BCE10847,91.4,Percentage,8.99,CGPA,84.4,Percentage
manasvi.23bce10232,Manasvi Khare,O2A4B7J3,23BCE10232,88.8,Percentage,8.99,CGPA,83.4,Percentage
vedant.23bce10313,Vedant Patil,D2W2Z0I0,23BCE10313,95.0,Percentage,8.99,CGPA,83.0,Percentage
shreyash.23bce10145,Shreyash Singh,G3W4L0X4,23BCE10145,93.6,Percentage,8.99,CGPA,82.8,Percentage
harshita.23bce10503,Harshita Sharma,G1T5W3N3,23BCE10503,92.4,Percentage,8.99,CGPA,77.4,Percentage
jayant.23bce10085,Jayant Chaudhary,P1L0N9F2,23BCE10085,-,-,8.99,CGPA,-,-
meet.23bce10256,Meet Patel,C6V5B3T2,23BCE10256,-,-,8.99,CGPA,-,-
rushali.23bai10871,Rushali Pattnaik,W5Q2M6N7,23BAI10871,-,-,8.99,CGPA,-,-
swanik.23bce10030,Swanik Srivastava,R1W1K0A2,23BCE10030,-,-,8.99,CGPA,-,-
taneesh.23bai10059,Taneesh Patel,B6S0Y8J8,23BAI10059,-,-,8.99,CGPA,-,-
jahnvi.23bce11130,Jahnvi Verma,R1O5C4V6,23BCE11130,86.4,Percentage,8.98,CGPA,94.0,Percentage
priyanshu.23bai11278,Priyanshu Srivastava,N1A8W4P0,23BAI11278,95.6,Percentage,8.98,CGPA,91.6,Percentage
aanchal.23bai10110,Aanchal Rathi,I2F8U2Q2,23BAI10110,94.0,Percentage,8.98,CGPA,83.8,Percentage
amitanshu.23bce10444,Amitanshu Varshney,T3Y7A5E1,23BCE10444,97.3,Percentage,8.98,CGPA,83.6,Percentage
yashshri682,Yash Srivastava,A2F9I1L0,23BAI10937,89,Percentage,8.98,CGPA,83,Percentage
daksha.23bce11021,Daksha Bhardwaj,Q3P6V4W9,23BCE11021,92.0,Percentage,8.98,CGPA,78.5,Percentage
charvi.23bec10076,Charvi Niraj Raut,A1M9Y4X2,23BEC10076,-,-,8.98,CGPA,-,-
prisha.23bce10853,Prisha Thapar,W3N1O4X0,23BCE10853,95.6,Percentage,8.97,CGPA,93.8,Percentage
devansh.23bai10264,Devansh Jamwal,H1G0M1U6,23BAI10264,91.2,Percentage,8.97,CGPA,93.8,Percentage
tamanna.23bcy10089,Tamanna Garg,E5P4T9P0,23BCY10089,93.33,Percentage,8.97,CGPA,93.0,Percentage
aditya.23bai10020,Aditya Rastogi,Y3K2T5H7,23BAI10020,96.6,Percentage,8.97,CGPA,92.2,Percentage
akshaansh.23bai10730,Akshaansh Veer,U3O8O3U9,23BAI10730,95.6,Percentage,8.97,CGPA,90.7,Percentage
kumar.23bai10076,Om Kumar Singh,H2B4V6S7,23BAI10076,91.7,Percentage,8.97,CGPA,90.4,Percentage
poonam.23bai10747,Poonam Kumari,M3Y1A5C3,23BAI10747,87.0,Percentage,8.97,CGPA,90.0,Percentage
jhalak.23bai10833,Jhalak Sahgal,N2M1B7Y4,23BAI10833,92.0,Percentage,8.97,CGPA,89.25,Percentage
shaun.23bai10555,Shaun Joseph,Z3Q7P2P9,23BAI10555,93.2,Percentage,8.97,CGPA,89.2,Percentage
zoya.23bai10171,Zoya Ali,M5W6H4Q0,23BAI10171,90.0,Percentage,8.97,CGPA,88.6,Percentage
akshita.23bsa10169,Akshita Sood,L5T3G1I8,23BSA10169,94.4,Percentage,8.97,CGPA,87.0,Percentage
raja.23bce10729,Raja Namdeo,E2O2I2H4,23BCE10729,91.0,Percentage,8.97,CGPA,85.4,Percentage
harshit.23bai10473,Harshit Mishra,Z5U3U5W7,23BAI10473,94.17,Percentage,8.97,CGPA,82.8,Percentage
navnit.23bce11827,Navnit Kumar,L5T0N9H1,23BCE11827,90.2,Percentage,8.97,CGPA,78.2,Percentage
ishi.23bce11184,Ishi Pathak,V3E0A7Y4,23BCE11184,93.8,Percentage,8.97,CGPA,76.8,Percentage
aryan.23bsa10041,Aryan,F2B4J2V1,23BSA10041,-,-,8.97,CGPA,-,-
krishna.23bce10118,Krishna Madhav Jha,G5M3Q8Q8,23BCE10118,-,-,8.97,CGPA,-,-
harshit.23bce10764,Harshit Kumar Modi,H2Q5E4A4,23BCE10764,94.8,Percentage,8.96,CGPA,85.2,Percentage
spandan.23bai10015,Spandan Agrawal,W4Q5R1X5,23BAI10015,89.8,Percentage,8.96,CGPA,82.6,Percentage
nishant.23bce10493,Nishant Goyal,E5X0F4C7,23BCE10493,90.0,Percentage,8.96,CGPA,82.2,Percentage
mridul.23bce10480,Mridul Jha,V1W6I6K5,23BCE10480,92.0,Percentage,8.96,CGPA,76.4,Percentage
shouryaman.23bai10241,Shouryaman Purohit,B5G6H9X6,23BAI10241,-,-,8.96,CGPA,-,-
saksham.23bce10374,Saksham Kumar Singh,T4N1J2Z0,23BCE10374,96.8,Percentage,8.95,CGPA,94.5,Percentage
sai.23bcy10070,Sai Ardhendu Kalivarapu,A3R5I8B3,23BCY10070,90.8,Percentage,8.95,CGPA,92.6,Percentage
karishma.23bce11415,Karishma,Y2S0V3D5,23BCE11415,91.6,Percentage,8.95,CGPA,90.4,Percentage
bhargav.23bce10172,Bhargav Mane,C4P4Z6E4,23BCE10172,88.4,Percentage,8.95,CGPA,88.67,Percentage
abhay.23bai10766,Abhay Tripathi,T8A1S7I3,23BAI10766,93.6,Percentage,8.95,CGPA,88.6,Percentage
arya.23bai10077,Arya Poovaiah Machamada,G1S7Q5D4,23BAI10077,97.2,Percentage,8.95,CGPA,88.4,Percentage
rishabh.23bai10184,Rishabh Pandey,Y1T6J5Z7,23BAI10184,88.0,Percentage,8.95,CGPA,88.4,Percentage
raj.23bai10806,Raj Verma,T5S1F0E5,23BAI10806,88.5,Percentage,8.95,CGPA,86.6,Percentage
gaurav.23bce10424,Gaurav kumar,P9I6W5U2,23BCE10424,88.4,Percentage,8.95,CGPA,86.2,Percentage
ansh.23bsa10040,Ansh Jain,M3L0O4Q8,23BSA10040,84.4,Percentage,8.95,CGPA,85.6,Percentage
vaishnavi.23bsa10022,Vaishnavi Parashar,L1F1J3R1,23BSA10022,94.6,Percentage,8.95,CGPA,85.4,Percentage
pankhuri.23bai10956,Pankhuri Jain,Z3I5V4U8,23BAI10956,87.8,Percentage,8.95,CGPA,84.6,Percentage
khushi.23bcy10036,Khushi Gupta,M1T9X9B5,23BCY10036,86.6,Percentage,8.95,CGPA,82.0,Percentage
harshali.23bai10731,Harshali Panchal,A5H3E5K5,23BAI10731,91.0,Percentage,8.95,CGPA,79.8,Percentage
prachi.23bai11313,Prachi Singh,Q1P7I9V6,23BAI11313,96.2,Percentage,8.95,CGPA,79.2,Percentage
priyanshu.23bce10228,Priyanshu Gupta,I4M3D8F3,23BCE10228,79.2,Percentage,8.95,CGPA,75.2,Percentage
akarsh.23bce10227,AKARSH SHUKLA,D4A3M7Q0,23BCE10227,-,-,8.95,CGPA,-,-
priyam.23bce10953,Priyam Koley,T3D6Y7K1,23bce10953,-,-,8.95,CGPA,-,-
tanuchandravanshi2022,Tanu Chandravanshi,P4U9P6J3,22MIM10062,-,-,8.95,CGPA,-,-
utkarsh.23bce10230,Utkarsh Raj,U5Z4H4D7,23BCE10230,-,-,8.95,CGPA,-,-
akanksha.23bai10304,Akanksha Shrivastava,W4L4T5Q4,23BAI10304,95.2,Percentage,8.94,CGPA,93.2,Percentage
anshika.23bce11576,Anshika Pradhan,U1E9U1Q7,23BCE11576,90.5,Percentage,8.94,CGPA,91.4,Percentage
gauri.23bsa10079,Gauri Nandana Nair,E5A2O6O3,23BSA10079,94.0,Percentage,8.94,CGPA,89.0,Percentage
harshit.23bai10803,Harshit Gupta,R4I9N7D5,23BAI10803,95.16,Percentage,8.94,CGPA,81.83,Percentage
Mayank.23bce10033,Mayank Chauhan,H5A8N3K5,23BCE10033,93.8,Percentage,8.94,CGPA,80.2,Percentage
shreya.23bai10260,Shreya Sharma,G5R8B6A9,23BAI10260,95.0,Percentage,8.94,CGPA,76.2,Percentage
aayushi.23bce10895,Aayushi Vinod,B4L7X5Z3,23BCE10895,-,-,8.94,CGPA,-,-
harshita.23bai10952,Harshita Gautam,X3W7S0D2,23BAI10952,-,-,8.94,CGPA,-,-
pooja.23bai10182,Pooja Sahu,S2G4V0G4,23BAI10182,91.17,Percentage,8.93,CGPA,90.4,Percentage
alok.23bsa10024,Alok raj,S1A3Q2A8,23BSA10024,85.5,Percentage,8.93,CGPA,89.2,Percentage
ravi.23bcy10032,RAVI KANT MISHRA,N3I7V9U2,23BCY10032,83.3,Percentage,8.93,CGPA,88.8,Percentage
diksha.23bai10951,Diksha Singh,A7P5K4M5,23BAI10951,94.8,Percentage,8.93,CGPA,83.8,Percentage
manjiri.23bhi10020,Manjiri Manoj Gawali,K1P6P7O1,23BHI10020,-,-,8.93,CGPA,-,-
satwikagrawal68,Satwik Agrawal,Z5J8L0S8,23BAI10737,-,-,8.93,CGPA,-,-
tejas.23bce10709,Tejas Dipak Nehete,R5F8A4V0,23BCE10709,-,-,8.93,CGPA,-,-
ishita.23bce11228,Ishita Kawadkar,P4P0K2D0,23BCE11228,93.6,Percentage,8.92,CGPA,94.6,Percentage
veedushi.23bai10068,Veedushi Jain,A7Y5H4I0,23BAI10068,96.6,Percentage,8.92,CGPA,93.4,Percentage
harshit.23bce10361,HARSHIT VATS,R2N9J1D7,23BCE10361,95.2,Percentage,8.92,CGPA,93.0,Percentage
prakrati.23bce11841,Prakrati Rathore,B2R2Y0Q1,23BCE11841,96.0,Percentage,8.92,CGPA,88.4,Percentage
jiya.23bce11153,Jiya Kathuria,C5S6U7V0,23BCE11153,91.6,Percentage,8.92,CGPA,87.0,Percentage
priyanshi.23bai10908,Priyanshi Nigam,C7X5L6T9,23BAI10908,94.0,Percentage,8.92,CGPA,86.6,Percentage
vinay.23bai10125,vinay kumar,A2A9U2N7,23BAI10125,83.67,Percentage,8.92,CGPA,85.8,Percentage
pracheeta.23bcy10155,Pracheeta Shah,V3A5G6Y8,23BCY10155,92.8,Percentage,8.92,CGPA,85.4,Percentage
unnat.23bai10322,Unnat Upadhyay,D4N0A3R6,23BAI10322,82.8,Percentage,8.92,CGPA,82.2,Percentage
praveen.23bai10410,Praveen K R,H6X0L0L5,23BAI10410,-,-,8.92,CGPA,-,-
tushar.23bsa10034,Tushar Sharad Matey,U1H9V3N8,23BSA10034,-,-,8.92,CGPA,-,-
vidit.23bai10196,VIDIT SINGH,W1L8E3X3,23BAI10196,89.8,Percentage,8.91,CGPA,93.25,Percentage
milin.23bai10386,Milin Patel,W9U7S6P6,23BAI10386,96.2,Percentage,8.58,CGPA,89.6,Percentage
ishaan.23bce11052,Ishaan Verma,V3I3N3L6,23BCE11052,91.4,Percentage,8.91,CGPA,92.0,Percentage
kamlesh.23bce10260,KAMLESH CHOWDHARY,Z3B7P5H2,23BCE10260,10.0,CGPA,8.91,CGPA,91.9,Percentage
manya.23bai10151,manya khandelwal,A1W6U5Y9,23BAI10151,91.16,Percentage,8.91,CGPA,88.4,Percentage
bhawna.23bai10924,Bhawna Chaurasia,F5G3J3M2,23BAI10924,97.33,Percentage,8.91,CGPA,88.33,Percentage
nitya.23bai11290,Nitya Mishra,D3F5Y1F9,23BAI11290,94.4,Percentage,8.91,CGPA,87.75,Percentage
rashi.23bce10005,Rashi Verma,D2Z1U3F2,23BCE10005,96.38,Percentage,8.91,CGPA,87.22,Percentage
ashika.23bce10102,Ashika Maheshwari,U5S9Z1Q3,23BCE10102,94.4,Percentage,8.91,CGPA,84.6,Percentage
ananya.23bce11126,Ananya Chawla,T3I3Y8L0,23BCE11126,93.8,Percentage,8.91,CGPA,79.2,Percentage
uttakarsh.23bce10333,Uttakarsh Barnwal,D2V0E0W3,23BCE10333,83.4,Percentage,8.91,CGPA,83.17,Percentage
24devjain,Dev Jain,Y1W9D2S1,23BCE10255,91.4,Percentage,8.91,CGPA,80.4,Percentage
aniket.23bce10199,Aniket Dubey,N5V0O7X5,23BCE10199,93.4,Percentage,8.91,CGPA,78.4,Percentage
aadi.23bce10058,Aadi Bhardwaj,S6A6T9F2,23BCE10058,-,-,8.91,CGPA,-,-
jeslyn.23bce10888,JESLYN MATHEW,K2F8F5N5,23BCE10888,-,-,8.91,CGPA,-,-
sanjana.23bai10712,Sanjana Mandal,J2P4K6Z9,23BAI10712,-,-,8.91,CGPA,-,-
sourish.23bce10127,SOURISH SINHA,D6N8Q1Z2,23BCE10127,-,-,8.91,CGPA,-,-
vishnu.23bce10569,Vishnu Irappa Sangammanavar,E1A4N1E2,23BCE10569,-,-,8.91,CGPA,-,-
aditi.23bai10968,Aditi Gupta,M2T1O0F2,23BAI10968,92.6,Percentage,8.9,CGPA,93.2,Percentage
vedant.23bcy10209,Vedant Kadam,C6U4V5K1,23BCY10209,94.0,Percentage,8.9,CGPA,89.2,Percentage
shruti.23bce10134,Shruti Dewaskar,R3Y2Q0Z5,23BCE10134,95.4,Percentage,8.9,CGPA,87.8,Percentage
vashika.23bai10822,Vashika Gupta,P3R8E0V7,23BAI10822,94.0,Percentage,8.9,CGPA,83.2,Percentage
arunima.23bai10223,Arunima Kushwaha,Z5X1T4A2,23BAI10223,91.8,Percentage,8.9,CGPA,79.6,Percentage
bharath.23bce10570,N Bharath,Y2C5C6Q6,23BCE10570,-,-,8.9,CGPA,-,-
raj.23bai10026,Raj Maddheshiya,A2B2I0X0,23BAI10026,-,-,8.9,CGPA,-,-
haris.23bce11109,Haris Ahmad,Z4N6B1A0,23BCE11109,-,-,8.9,CGPA,-,-
aarushi.23bce10462,Aarushi Chaddha,Z2T0J3Z5,23BCE10462,93.0,Percentage,8.89,CGPA,91.0,Percentage
jiya.23bce10406,Jiya Singh,K1S6I0D3,23BCE10406,93.67,Percentage,8.89,CGPA,87.4,Percentage
ruchika.23bce10034,Ruchika Lodhi,C2G4A2C6,23BCE10034,90.66,Percentage,8.89,CGPA,87.2,Percentage
divyanshi.23bce11246,Divyanshi Katiyar,Z4O2S8C8,23BCE11246,90.8,Percentage,8.89,CGPA,84.2,Percentage
shaurya.23bcy10109,Shaurya Singh,B3X9I9H7,23BCY10109,93.4,Percentage,8.89,CGPA,83.0,Percentage
amritesh.23bce11732,Amritesh Singh,Q4T8I4Z2,23BCE11732,92.8,Percentage,8.89,CGPA,82.8,Percentage
abhijith.23bai10266,Abhijith AC,R5Z7B4U1,23BAI10266,84.0,Percentage,8.89,CGPA,82.4,Percentage
harsh.23bai11406,Harsh Patial,G2M9J0B2,23BAI11406,82.8,Percentage,8.89,CGPA,81.8,Percentage
priyanshu.23bcy10066,Priyanshu Joshi,S4V6C7T4,23BCY10066,85.0,Percentage,8.89,CGPA,79.2,Percentage
ashish.23bai10532,Ashish Ranjan,P4V4K5B7,23BAI10532,83.6,Percentage,8.89,CGPA,78.6,Percentage
eshika.23bai10548,Eshika Ranjan Singh,Y2Y7V0E4,23BAI10548,96.8,Percentage,8.89,CGPA,78.0,Percentage
priyanshu.23bcy10114,PRIYANSHU SINGH,I1B0V7L4,23BCY10114,83.0,Percentage,8.89,CGPA,76.2,Percentage
shubham.23bsa10027,Shubham Raj,K2U2G6B4,23BSA10027,93.8,Percentage,8.88,CGPA,88.8,Percentage
devraj.23bcy10273,Devraj Singhal,K2I9L7P0,23BCY10273,88.0,Percentage,8.88,CGPA,86.4,Percentage
nitin.23bce10310,Nitin,H2Z9K4V0,23BCE10310,89.4,Percentage,8.88,CGPA,80.83,Percentage
vaibhav.23bai10790,Vaibhav Sugandhi,N5R1E8Q3,23BAI10790,87.6,Percentage,8.88,CGPA,75.2,Percentage
ashutosh.23bce10622,Ashutosh Gupta,N2S0M1T8,23BCE10622,-,-,8.88,CGPA,-,-
prem.23bce10013,Prem Kolte,Y5A4V3N6,23BCE10013,-,-,8.88,CGPA,-,-
shreyash.23bce10931,Shreyash Srivastava,V2S7K7L2,23BCE10931,-,-,8.88,CGPA,-,-
krishnam.23bce10179,Krishnam Singh,L4H9R6T9,23BCE10179,95.5,Percentage,8.87,CGPA,94.4,Percentage
harsh.23bce10081,Harsh Kumar singh,Q1G0R6Q7,23BCE10081,90.2,Percentage,8.87,CGPA,93.8,Percentage
hiraksubhra.23bce10646,Hiraksubhra Acharya,C1D8Y9U2,23BCE10646,91.0,Percentage,8.87,CGPA,93.0,Percentage
aditya.23bce10528,Aditya Raj,D3N3X2V9,23BCE10528,91.25,Percentage,8.87,CGPA,88.0,Percentage
adarsh.23bcy10159,Adarsh Kumar Jha,A1V3H9E7,23BCY10159,88.66,Percentage,8.87,CGPA,86.8,Percentage
dikshika.23bai10331,Dikshika .,N2O4C9H2,23BAI10331,93.8,Percentage,8.87,CGPA,86.6,Percentage
sonakshi.23bai10191,Sonakshi Saxena,Y5C3F8R0,23BAI10191,94.4,Percentage,8.87,CGPA,84.2,Percentage
puja.23bai10500,Puja Rani Bhuyan,I3G0M6W3,23BAI10500,87.2,Percentage,8.87,CGPA,82.4,Percentage
vidhi.23bai10202,Vidhi Udasi,C2S2D7T7,23BAI10202,89.6,Percentage,8.87,CGPA,81.2,Percentage
ansh.23bai11401,Ansh Ahuja,F3E3Z8D6,23BAI11401,93.6,Percentage,8.87,CGPA,81.1,Percentage
aryan.23bce11056,Aryan Walia,I1T8R6T9,23BCE11056,92.2,Percentage,8.87,CGPA,80.16,Percentage
borra.23bce11154,Vivek Sri Borra,V4N6D1H6,23BCE11154,82.8,Percentage,8.87,CGPA,77.4,Percentage
aanya.23bce10956,Aanya Singh,T2A3U4N3,23BCE10956,-,-,8.87,CGPA,-,-
pratul.23bce10290,Pratul Singh,J5C7O5T5,23BCE10290,-,-,8.87,CGPA,-,-
sanchay.23bce10138,Sanchay Manoj Yadav,K4H3Y7J5,23BCE10138,-,-,8.87,CGPA,-,-
vishal.25mca10102,Vishal Kumar Mishra,J1R8P7S2,25mca10102,-,-,8.87,CGPA,-,-
kritika.23bce10128,KRITIKA NIRANJAN DANGI,M2T4P7A7,23BCE10128,89.8,Percentage,8.86,CGPA,91.6,Percentage
harshita.23bce11331,Harshita Jaiswal,O3X7M7Z1,23BCE11331,93.66,Percentage,8.86,CGPA,84.0,Percentage
suyogya.23bce11182,Suyogya Tiwari,J2G2O8L7,23BCE11182,89.1,Percentage,8.86,CGPA,84.0,Percentage
rishabh.23bce10452,Rishabh Negi,R4L6O9R0,23BCE10452,82.0,Percentage,8.86,CGPA,84.0,Percentage
avnish.23bce11090,Avnish Singh,B4S9N8M3,23BCE11090,95.0,Percentage,8.86,CGPA,82.4,Percentage
adhwaidh.23bai10860,P V Adhwaidh,H3B7C2C9,23BAI10860,87.8,Percentage,8.86,CGPA,78.0,Percentage
dipakshukla158,Deepak shukla,Z4U1B2T7,23BCE11422,-,-,8.86,CGPA,-,-
khwahish.23bce10949,Khwahish,C3R2A3A3,23BCE10949,-,-,8.86,CGPA,-,-
maddirala.23bai11066,Maddirala Bala Siva Manikanta,I2O1A5Q8,23BAI11066,-,-,8.86,CGPA,-,-
riddhi.23bcg10020,Riddhi Agnihotri,Y1U5V1C1,23BCG10020,-,-,8.86,CGPA,-,-
shubhasin05,Shubha Singh,Y5K8K0Q4,23BCE10015,-,-,8.86,CGPA,-,-
subodh.23bai10576,Subodh Mishra,W4Z3N1C0,23BAI10576,-,-,8.86,CGPA,-,-
sambhav.23bce10229,Sambhav Shrivastava,T3M2I9F0,23BCE10229,93.4,Percentage,8.85,CGPA,90.0,Percentage
prerna.23bai10367,Prerna Prachi,M3R5O7N1,23BAI10367,87.8,Percentage,8.85,CGPA,88.0,Percentage
tanish.23bai10217,Tanish Gupta,V4W9W4X5,23BAI10217,95.0,Percentage,8.85,CGPA,87.0,Percentage
kanak.23bce10295,Kanak Holkar,D6A3U5G6,23BCE10295,94.6,Percentage,8.85,CGPA,86.0,Percentage
kirti.23bai10710,Kirti Pratihar,J9K8B4G5,23BAI10710,95.2,Percentage,8.85,CGPA,84.4,Percentage
puneet.23bai10122,Puneet Puneet,Z1S1N8C5,23BAI10122,84.4,Percentage,8.85,CGPA,79.2,Percentage
aditya.23bcy10034,Aditya Roy,S4W2X4I9,23BCY10034,-,-,8.85,CGPA,-,-
krish.23bce10305,Krish Vinod Joshi,F1K5W2T3,23BCE10305,-,-,8.85,CGPA,-,-
kunal.23bce11083,Kunal Mukherjee,O5B3P9U1,23BCE11083,-,-,8.85,CGPA,-,-
lenwin.23bai10497,Lenwin Thomas Babu,F2V4Z4G2,23BAI10497,-,-,8.85,CGPA,-,-
kriti.23bce10142,Kriti Sapkota,Y2Y2A7Q3,23BCE10142,93.4,Percentage,8.84,CGPA,90.0,Percentage
nitya.23bce10717,Nitya Agarwal,T1O2G6I9,23BCE10717,93.2,Percentage,8.84,CGPA,89.16,Percentage
mayank.23bcy10074,Mayank Agarwal,Q4Z2Z0H6,23BCY10074,79.4,Percentage,8.84,CGPA,85.0,Percentage
rahul.23bce11000,Rahul Agarwal,F4O0X4G0,23BCE11000,87.0,Percentage,8.84,CGPA,83.4,Percentage
shaurya.23bai11170,SHAURYA GARG,S3A2A6D1,23BAI11170,91.4,Percentage,8.84,CGPA,81.4,Percentage
himanshu.23bce11842,Himanshu Trivedi,G2P0Y8M1,23BCE11842,83.8,Percentage,8.84,CGPA,79.4,Percentage
rishika.23bcy10241,Rishika Patel,F4S8J3E6,23BCY10241,91.4,Percentage,8.84,CGPA,78.0,Percentage
aman.23bsa10007,Aman Pal,J3G4Q0S4,23BSA10007,-,-,8.84,CGPA,-,-
anamika.23bce11759,Anamika Gandhi,S5T2J4G0,23BCE11759,-,-,8.84,CGPA,-,-
muskan.23bce10927,Muskan Raja Bundela,U1G1I8V8,23bce10927,-,-,8.84,CGPA,-,-
ritik.23bce10850,Ritik Mishra,V2D3I0V8,23BCE10850,-,-,8.84,CGPA,-,-
samriddhi.23bey10019,Samriddhi Thakur,H3S6W2K3,23BEY10019,-,-,8.84,CGPA,-,-
sonali.23bhi10144,Sonali Kumari,L4F5W8K8,23BHI10144,-,-,8.84,CGPA,-,-
gargee.23bce11449,Gargee Singh,Z5T7T6G9,23BCE11449,92.8,Percentage,8.83,CGPA,94.8,Percentage
mishti.23bce11626,Mishti Khanna,M5W6G1Y1,23BCE11626,97.6,Percentage,8.83,CGPA,90.8,Percentage
isha.23bce10163,Isha Mahadev,H1H2M6V8,23BCE10163,97.4,Percentage,8.83,CGPA,89.6,Percentage
ishan.23bce10303,Ishan Saxena,I5P5Y3H6,23BCE10303,97.6,Percentage,8.83,CGPA,89.2,Percentage
aarushi.23bce11097,Aarushi Naruka,F3S8R2B7,23BCE11097,94.6,Percentage,8.83,CGPA,89.0,Percentage
chhaya.23bai10007,Chhaya Singh,G3J7F0Q9,23BAI10007,95.0,Percentage,8.83,CGPA,85.6,Percentage
jayanth.23bcy10042,Jayanth Renganathan,Q1G7D3C9,23BCY10042,82.0,Percentage,8.83,CGPA,84.8,Percentage
ankit.23bce11180,Ankit Sharma,B1T8Q8B7,23BCE11180,92.8,Percentage,8.83,CGPA,84.4,Percentage
prakhar.23bce10197,Prakhar Pande,L5I2T9B5,23BCE10197,94.0,Percentage,8.83,CGPA,84.2,Percentage
rishita.23bce10235,Rishita Mehta,Q7F5R4P1,23BCE10235,93.6,Percentage,8.83,CGPA,81.0,Percentage
aditi.23bai11226,Aditi Gupta,D5H2U6F4,23BAI11226,92.8,Percentage,8.83,CGPA,76.0,Percentage
garv.23bai11209,Garv Gupta,J1O1C7Q1,23BAI11209,-,-,8.83,CGPA,-,-
jayapradeep.23bai10214,S Jaya Pradeep,D5T4O9W5,23BAI10214,-,-,8.83,CGPA,-,-
chiranjeevtrip,Chiranjeev Tripathi,N5G3Q8V2,23BCE10071,86.4,Percentage,8.82,CGPA,93.8,Percentage
avishi.23bce11360,Avishi Tripathi,N1Y3R8G0,23BCE11360,92.4,Percentage,8.82,CGPA,90.1,Percentage
aishwarya.23bai10284,Aishwarya verma,A2F9D1H3,23BAI10284,91.3,Percentage,8.82,CGPA,87.0,Percentage
khushi.23bce11838,Khushi Singh,Q5I4W8V1,23BCE11838,85.6,Percentage,8.82,CGPA,83.2,Percentage
aaditya.23bcy10055,Aaditya Singh Rawat,M5B5C8Q8,23BCY10055,91.8,Percentage,8.82,CGPA,81.8,Percentage
ritika.23bce11115,Ritika Tyagi,N6P2N3Q7,23BCE11115,92.0,Percentage,8.82,CGPA,81.0,Percentage
anuruddh.23bce10609,Anuruddh Pratap Singh,Q2N5B3P3,23BCE10609,89.4,Percentage,8.82,CGPA,81.0,Percentage
aadya.23bsa10016,Aadya Sahu,Q5N6N1Y6,23bsa10016,-,-,8.82,CGPA,-,-
kartikay.goel02,Kartikay Goel,I1B2D9M1,23BCE10326,-,-,8.82,CGPA,-,-
resu.23bai10545,ABHINAY RESU,N4Z7Z7H5,23BAI10545,10.0,CGPA,8.81,CGPA,96.8,Percentage
aishnaa.23bce11245,Aishnaa Gupta,K5Y7O9B0,23BCE11245,95.6,Percentage,8.81,CGPA,93.0,Percentage
jai.23bai10546,Jai Arora,K1L1H6G9,23BAI10546,89.6,Percentage,8.81,CGPA,89.6,Percentage
ashi.23bce10206,Ashi Agarwal,T3C2Z0O2,23BCE10206,94.4,Percentage,8.81,CGPA,88.4,Percentage
ayush.23bce10914,Ayush Raj Verma,O4H7W8H7,23BCE10914,83.0,Percentage,8.81,CGPA,87.33,Percentage
vansh.23bce10046,Vansh Vansh,D3D4D5S4,23BCE10046,95.33,Percentage,8.81,CGPA,84.8,Percentage
veeti.23bai10100,Veeti Dewangan,M2U1V9H0,23BAI10100,92.8,Percentage,8.81,CGPA,83.4,Percentage
tanu.23bai10750,Tanu Singh,Q5W4M0L6,23BAI10750,84.33,Percentage,8.81,CGPA,83.2,Percentage
supreety.23bcy10150,Supreety Jha,C2Z9L7S2,23BCY10150,89.6,Percentage,8.81,CGPA,80.25,Percentage
sarah.23bsa10160,Sarah Thomas,I1V4P7O1,23BSA10160,92.0,Percentage,8.81,CGPA,78.8,Percentage
bipasha.23bce11369,Bipasha Chakraborty,M2N5L3P6,23BCE11369,90.4,Percentage,8.81,CGPA,78.2,Percentage
pratyaksha.23bai10345,Pratyaksha Singh,K8O2T5M1,23BAI10345,-,-,8.81,CGPA,-,-
priyanshu.23bai10270,PRIYANSHU CHOUBEY,M2F0N8W0,23BAI10270,92.8,Percentage,8.84,CGPA,77.2,Percentage
raghuveer.23bce10023,Raghuveer Singh Panwar,T2A9Y6T8,23BCE10023,-,-,8.81,CGPA,-,-
tarunnichwani2022,Tarun Nichwani,E8F3W5K4,22MIM10076,-,-,8.81,CGPA,-,-
vambh2004,Vedant Ambh,N5L9E5S8,23BCE10025,-,-,8.81,CGPA,-,-
himanshu.23bce10450,Himanshu singh,W2Z2S2D4,23BCE10450,90.16,Percentage,8.8,CGPA,90.0,Percentage
suryansh.23bce11233,Suryansh Pratap Singh,E2P0J8Z7,23BCE11233,87.6,Percentage,8.8,CGPA,85.0,Percentage
mohak.23bce10653,Mohak Gupta,P2U3M5P2,23BCE10653,94.2,Percentage,8.8,CGPA,84.0,Percentage
akshat.23bce10711,Akshat Shukla,Y4B6L4W4,23BCE10711,91.0,Percentage,8.8,CGPA,83.6,Percentage
guneet.23bai10720,Guneet Kaur Juneja,V5L1I6P3,23BAI10720,96.2,Percentage,8.8,CGPA,83.2,Percentage
rudrani.23bai11072,Rudrani Sarkar,I5Y1P9E8,23BAI11072,91.2,Percentage,8.8,CGPA,82.6,Percentage
anjali.23bai10634,Anjali Kushwaha,O5N3L7K7,23BAI10634,87.6,Percentage,8.8,CGPA,81.4,Percentage
priyansh.agga,Priyansh Aggarwal,I5D6O5P7,23BAI11242,94.4,Percentage,8.8,CGPA,75.2,Percentage
avantika.23bce11400,Avantika Singh,Q4N8U1I3,23BCE11400,-,-,8.8,CGPA,-,-
ayushman.23bcg10002,Ayushman Das,Z3G8O5Y1,23BCG10002,-,-,8.8,CGPA,-,-
devyasaigal05,Devya Saigal,U6Y6U6O7,23bce10961,-,-,8.8,CGPA,-,-
rohini.23bce11086,Rohini Vinod Khapne,J5U8O3J9,23BCE11086,-,-,8.8,CGPA,-,-
samriddhi.23bce10140,SAMRIDDHI TRIPATHI,R5E8E6X4,23BCE10140,-,-,8.8,CGPA,-,-
shreedhar.23bce10321,Shreedhar Daingade,R2U8A8P0,23BCE10321,-,-,8.8,CGPA,-,-
soumyodyuti.23bce11818,SOUMYODYUTI RAY,K5T2M3Q3,23BCE11818,92.2,Percentage,8.79,CGPA,95.2,Percentage
himanshu.23bce10031,Himanshu Yadav,R3I2Y7M9,23BCE10031,85.2,Percentage,8.79,CGPA,94.4,Percentage
akarsh.23bcy10199,Akarsh Mishra,N1J9S3P9,23BCY10199,97.6,Percentage,8.79,CGPA,90.6,Percentage
harshit.23bce10483,Harshit Singh Negi,A2X4S6B8,23BCE10483,92.0,Percentage,8.79,CGPA,88.0,Percentage
nandani.23bcy10180,Nandani Tripathi,L2V3F8P7,23BCY10180,95.5,Percentage,8.79,CGPA,87.4,Percentage
shubham.23bai10755,Shubham Kumar,P3A4A7J7,23BAI10755,87.4,Percentage,8.79,CGPA,86.2,Percentage
sreelakshmi.23bai11083,Sreelakshmi A,P2T9D4V7,23BAI11083,97.6,Percentage,8.79,CGPA,85.2,Percentage
sia.23bai10301,Sia Upadhyay,C2K7X3A1,23BAI10301,91.2,Percentage,8.79,CGPA,83.5,Percentage
zoya.23bai11394,Zoya Ejaz,R4H8S7D4,23BAI11394,91.3,Percentage,8.79,CGPA,82.8,Percentage
charitar.23bce10938,Charitra Jain,N4K4S1B7,23BCE10938,89.0,Percentage,8.79,CGPA,82.8,Percentage
yash.23bai11238,YASH RAJ NANDA,L4I9F4R5,23BAI11238,89.2,Percentage,8.79,CGPA,82.0,Percentage
manan.23bsa10068,manan jadam,B6S1T9A9,23BSA10068,77.8,Percentage,8.79,CGPA,80.2,Percentage
vaibhavi.23bce10848,Vaibhavi Chauhan,R1B1I5U6,23BCE10848,89.0,Percentage,8.79,CGPA,79.0,Percentage
aditya.23bsa10188,Aditya Kumar,D6Q4C6L7,23BSA10188,82.2,Percentage,8.79,CGPA,78.8,Percentage
armaan.23bai10496,Armaan Alam,E1F6F8I9,23BAI10496,88.2,Percentage,8.79,CGPA,76.5,Percentage
akshat.23bai10181,Akshat Jha,M1L5X0Q5,23BAI10181,-,-,8.79,CGPA,-,-
diya.23bce10891,Diya Srivastava,E4P1C8J6,23BCE10891,-,-,8.79,CGPA,-,-
lakshyaraj.23bce11288,Lakshyaraj Singh Ranawat,R5G6O6N2,23BCE11288,-,-,8.79,CGPA,-,-
nandhini.23bhi10176,M K Nandhini,T5Y2E8P4,23BHI10176,-,-,8.79,CGPA,-,-
niharika.23bcg10061,Niharika thakur,J7O4Q9Z8,23BCG10061,-,-,8.79,CGPA,-,-
nitya.23bcy10234,Nitya Kushwaha,J3V6G8X6,23BCY10234,-,-,8.79,CGPA,-,-
shivam.23bce10589,Shivam Krishna,R5A0L1A3,23BCE10589,-,-,8.79,CGPA,-,-
shreeved.23bce10838,Shreeved Kiran Dhanait,K3L3F3C2,23BCE10838,-,-,8.79,CGPA,-,-
swasti.23bce10389,Swasti Bansal,U4I2Z8I6,23BCE10389,-,-,8.79,CGPA,-,-
vansheeka.23bce11023,Vansheeka Jain,H5I4N3L7,23BCE11023,-,-,8.79,CGPA,-,-
kshitij.23bce10148,Kshitij Kadyan,B7H4W1C1,23BCE10148,95.8,Percentage,8.78,CGPA,91.2,Percentage
sakshi.23bcy10210,Sakshi Chandravanshi,D2P8W9H3,23BCY10210,88.0,Percentage,8.78,CGPA,86.0,Percentage
aayush.23bce10993,Aayush Sharma,O5B4I2Y7,23BCE10993,95.0,Percentage,8.78,CGPA,85.0,Percentage
deepti.23bce11425,Deepti Srivastava,M3Y9B2N0,23BCE11425,96.0,Percentage,8.78,CGPA,77.0,Percentage
arpit.23bce10530,Arpit Sanjay Rajput,X2P6D3Y1,23BCE10530,-,-,8.78,CGPA,-,-
ayushi.23bce10790,Ayushi Sehgal,T3V8T0I7,23BCE10790,-,-,8.78,CGPA,-,-
pranjalvishwakarma2022,Pranjal Vishwakarma,D2M2I1D0,22MEI10060,-,-,8.78,CGPA,-,-
gourabathuni.23bai10632,Goutham Gourabathuni,J6O5X4G1,23BAI10632,90.8,Percentage,8.77,CGPA,89.6,Percentage
daksh.23bce10964,Daksh Bhardwaj,Q4P0G1J8,23BCE10964,97.0,Percentage,8.77,CGPA,89.2,Percentage
praveen.23bcy10191,PRAVEEN SINGH,R5U3D2Q5,23BCY10191,94.6,Percentage,8.77,CGPA,88.0,Percentage
aditya.23bce10203,Aditya Pandey,S6Z4K4R3,23BCE10203,93.0,Percentage,8.77,CGPA,88.4,Percentage
naman.23bai10625,Naman Gupta,N5F1U3X6,23BAI10625,94.8,Percentage,8.77,CGPA,81.4,Percentage
rythem.23bce10091,Rythem Sood,Z4N8V7B8,23BCE10091,90.2,Percentage,8.77,CGPA,79.2,Percentage
anshul.23bai10709,Anshul Patidar,O3K4D4G8,23BAI10709,-,-,8.77,CGPA,-,-
anurag.23bce11185,Anurag Kumar,B3C9Z0K0,23BCE11185,-,-,8.77,CGPA,-,-
aaryaman.23bce11562,Aryaman Modi,X3X7Z0Q1,23BCE11562,-,-,8.77,CGPA,-,-
dave.23bai10390,DAVE NANDISH NILESHKUMAR,I4R3U7I9,23BAI10390,-,-,8.77,CGPA,-,-
kanishka.23bsa10095,Kanishka Agrawal,F6N4O7J4,23BSA10095,-,-,8.77,CGPA,-,-
manasvi.23bhi10193,Manasvi Joshi,M6L9U5W0,23BHI10193,-,-,8.77,CGPA,-,-
narmada.23bai11088,Narmada Natarajan,N7W7B3F5,23BAI11088,-,-,8.77,CGPA,-,-
piyushb191,Piyush Bhatia,X3E7C3Z4,23BHI10111,-,-,8.77,CGPA,-,-
saiyam.23bai11130,Saiyam Jain,A4B9W0X0,23BAI11130,-,-,8.77,CGPA,-,-
aditya.23bai10733,ADITYA SINGH,Q9W9Y7H0,23BAI10733,94.16,Percentage,8.76,CGPA,81.0,Percentage
chitrangi.23bai11168,Chitrangi Samal,A4A8O6B4,23BAI11168,84.6,Percentage,8.76,CGPA,76.3,Percentage
dhruv.23bce11510,Dhruv Hedaoo,A6Z5F9Y2,23BCE11510,-,-,8.76,CGPA,-,-
disha.23bce11104,Disha Sengar,N5X3R2F9,23BCE11104,-,-,8.76,CGPA,-,-
pratyksh.23bce10482,Pratyksh Somani,K4P5K8K4,23BCE10482,-,-,8.76,CGPA,-,-
shriya.23bce10751,Shriya Punnal,Q5M2B4L2,23BCE10751,-,-,8.76,CGPA,-,-
sujal.23bai10535,Sujal Sinha,T6M7X9O9,23BAI10535,-,-,8.76,CGPA,-,-
praveen.23bsa10054,Praveen Uppar,Z2V8A5O8,23BSA10054,80.5,Percentage,8.75,CGPA,89.33,Percentage
tarun.23bce10695,Tarun Gupta,E4H5W2R9,23BCE10695,94.0,Percentage,8.75,CGPA,85.16,Percentage
aryan.23bce11704,ARYAN SINGH,G4C6N0Q2,23BCE11704,94.6,Percentage,8.75,CGPA,84.2,Percentage
palak.23bce11061,Palak Pandey,N3U0J2X2,23BCE11061,85.5,Percentage,8.75,CGPA,75.8,Percentage
shria.23bce10885,Shria Biju,T1N8I8U3,23BCE10885,-,-,8.75,CGPA,-,-
bhavya.23bce11232,Bhavya Katiyar,B6L3B4V2,23BCE11232,-,-,8.75,CGPA,-,-
ishita.23bhi10183,Ishita,B9S3K2G8,23BHI10183,-,-,8.75,CGPA,-,-
lokeshsharma2022,LOKESH SHARMA,O2U6F0S8,22MEI10062,-,-,8.75,CGPA,-,-
nimesh.23bce11386,Nimesh Agarwal,Y6U3I2H7,23BCE11386,-,-,8.75,CGPA,-,-
priyanshu.23bai10691,Priyanshu Ranjan,K7H7R3C2,23BAI10691,-,-,8.75,CGPA,-,-
tanishi.23bce10299,Tanishi Rai,U4V7P5P4,23BCE10299,92.6,Percentage,8.74,CGPA,93.25,Percentage
pragya.23bai10198,Pragya Thakur,R2P7X6Q6,23BAI10198,88.8,Percentage,8.74,CGPA,90.0,Percentage
rahul.23bce10604,RAHUL BALHARA,Y6N0Y3M6,23BCE10604,87.8,Percentage,8.74,CGPA,89.4,Percentage
utkarsh.23bce10501,Utkarsh Singh,Q1I6B0J7,23BCE10501,93.6,Percentage,8.74,CGPA,86.8,Percentage
akarshit.23bce10264,Akarshit Agrawal,K2M8Z3P5,23BCE10264,88.8,Percentage,8.74,CGPA,84.2,Percentage
anamika.23bce10277,Anamika Rai,J0X8J7F3,23BCE10277,92.6,Percentage,8.74,CGPA,83.6,Percentage
prince.23bce10294,Prince Kumar,Q2N6J2D8,23BCE10294,82.6,Percentage,8.74,CGPA,81.6,Percentage
saumil.23bai10872,Saumil Singhal,C1C3H1M9,23BAI10872,87.0,Percentage,8.74,CGPA,81.0,Percentage
anushka.23bce11492,Anushka Dubey,B6M7C8W5,23BCE11492,85.8,Percentage,8.74,CGPA,78.75,Percentage
manvi.23bce11635,Manvi Nayak,Z5P8V7B6,23BCE11635,78.8,Percentage,8.74,CGPA,77.4,Percentage
divit.23bai10721,Divit Singhania,Q5M3F4L8,23BAI10721,94.83,Percentage,8.74,CGPA,75.0,Percentage
ashutosh.23bai10133,Ashutosh Kumar Singh,P2X3N6B8,23BAI10133,-,-,8.74,CGPA,-,-
kumar.23bce10178,Kumar Rishav,H2D9NOT2,23BCE10178,-,-,8.74,CGPA,-,-
palak.23bce10743,Palak Gupta,W1I4I1M6,23BCE10743,-,-,8.74,CGPA,-,-
paritosh.23bce11349,Paritosh Katiyar,F5G3L8O0,23BCE11349,-,-,8.74,CGPA,-,-
sai.23bce11268,Sai Prajapati,Y4G9A4G6,23BCE11268,-,-,8.74,CGPA,-,-
sakshi.23bcg10019,Sakshi Shaw,C2K7J6Y1,23bcg10019,-,-,8.74,CGPA,-,-
vasu.23bce10270,Vasu Chourasia,Q1W5V6K8,23BCE10270,-,-,8.74,CGPA,-,-
yash.23bce10672,Yash Rathore,U3B2N8I9,23BCE10672,-,-,8.74,CGPA,-,-
sunaina.23bai11159,Sunaina Mohapatra,P2G6X9C3,23BAI11159,91.5,Percentage,8.73,CGPA,89.6,Percentage
piyush.23bai10346,Piyush Singh,Q3E2F8P8,23BAI10346,96.4,Percentage,8.73,CGPA,88.4,Percentage
poojasri.23bcy10220,Poojasri R,Y3S7V3G0,23BCY10220,95.8,Percentage,8.73,CGPA,86.0,Percentage
kovidh.23bce11195,Kovidh Vardhan Singh Bhati,C2C0Z2J2,23BCE11195,86.5,Percentage,8.73,CGPA,82.6,Percentage
dhairya.23bce10225,Dhairya Gothi,E2K1S0M4,23BCE10225,85.8,Percentage,8.73,CGPA,82.4,Percentage
lakshay.23bai10890,Lakshay Saini,E5D8P8I3,23BAI10890,92.0,Percentage,8.73,CGPA,76.67,Percentage
prashasti.23bce10893,Prashasti Joshi,P3N1G5Q7,23BCE10893,-,-,8.73,CGPA,-,-
sanjay.23bce11016,Sanjay Vinod K,V4Q6J6L4,23BCE11016,-,-,8.73,CGPA,-,-
vaibhav.23bce10616,Vaibhav Mishra,Z3O0W8J7,23BCE10616,-,-,8.73,CGPA,-,-
harsh.23bce10150,Harsh Patel,L3H9R1E3,23BCE10150,93.2,Percentage,8.72,CGPA,96.4,Percentage
harsh.23bcy10314,harsh prajapati,N6V2H1I2,23BCY10314,93.3,Percentage,8.72,CGPA,93.2,Percentage
janvi.23bce10174,Janvi Jaiswal,G3G3D4P1,23BCE10174,91.6,Percentage,8.32,CGPA,95.0,Percentage
ananya.23bai11346,Ananya Raj Wansh,H1N4L0A8,23BAI11346,96.4,Percentage,8.72,CGPA,89.5,Percentage
niranjan.23bce11437,NIRANJAN M,S4I4Y3S1,23BCE11437,95.6,Percentage,8.72,CGPA,85.6,Percentage
arpit.23bce10791,Arpit Gupta,L6Q5R9V5,23BCE10791,89.4,Percentage,8.72,CGPA,84.8,Percentage
vaibhav.23bce10143,Vaibhav Kumar,E3R6C6J3,23BCE10143,82.83,Percentage,8.72,CGPA,84.66,Percentage
abhay.23bce10795,Abhay Kumar Singh,R5X9L2B5,23BCE10795,92.0,Percentage,8.72,CGPA,84.4,Percentage
tejas.23bce10580,Tejas Tekade,C2F0M2Y2,23BCE10580,89.0,Percentage,8.72,CGPA,83.4,Percentage
yeshu.23bsa10018,Yeshu Agarwal,Y4O1I2T0,23BSA10018,87.3,Percentage,8.72,CGPA,78.8,Percentage
akshay.23bcy10268,Akshay Yadav,G2T6V9I8,23BCY10268,90.8,Percentage,8.72,CGPA,78.6,Percentage
raghav.23bcy10353,Raghav Verma,K3Z0B5W4,23BCY10353,84.14,Percentage,8.72,CGPA,76.2,Percentage
prashant.23bce10590,Prashant Prashant,G3S7W2S2,23BCE10590,94.2,Percentage,8.72,CGPA,75.4,Percentage
arshan.23bce10800,Arshan Khan,S3U5B8K2,23BCE10800,-,-,8.72,CGPA,-,-
chirasmita.23bac10003,Chirasmita Ghosh,B2W5G7X6,23BAC10003,-,-,8.72,CGPA,-,-
rishabh.23bce10691,Rishabh Raj,V2O9O2L0,23BCE10691,-,-,8.72,CGPA,-,-
syed.23bai11280,Syed Aafreen,L4C7LOU7,23BAI11280,-,-,8.72,CGPA,-,-
soumyodip.23bce10416,Soumyodip Bhattacharya,T2Y7P8N1,23BCE10416,92.28,Percentage,8.71,CGPA,93.2,Percentage
kritika.23bce10459,Kritika Bhatnagar,V5Y5P4L0,23BCE10459,92.16,Percentage,8.71,CGPA,85.0,Percentage
kumar.23bce10355,Kumar Arya,L4J0H0C5,23BCE10355,94.0,Percentage,8.71,CGPA,84.2,Percentage
adarsh.23bce10811,Adarsh pratap singh,K6B3C7V0,23BCE10811,85.0,Percentage,8.71,CGPA,82.6,Percentage
anshu.23bce10168,Anshu Rathore,F4A9T8M4,23BCE10168,81.4,Percentage,8.71,CGPA,78.4,Percentage
anshu.23bai11210,Anshu Singh,O1Z8Q4I5,23BAI11210,90.6,Percentage,8.71,CGPA,78.0,Percentage
harshal.23bai10895,Harshal Jain,P4I0K0K9,23BAI10895,-,-,8.71,CGPA,-,-
khushang.23bce10425,Khushang Singh,V1G5H9D7,23BCE10425,-,-,8.71,CGPA,-,-
meshwa.23bhi10090,Meshwa Hirpara,O1I9X9L0,23BHI10090,-,-,8.71,CGPA,-,-
puranjay.23bhi10003,Puranjay Kapoor,N3A8Y9A5,23BHI10003,-,-,8.71,CGPA,-,-
rutuja.23bai10134,Rutuja Maruti Kumbhar,C9A8L1F2,23BAI10134,-,-,8.71,CGPA,-,-
sharma.23bai10599,SHARMA UJJAWAL KUMAR RAVISHANKAR,Q3M4M9M4,23BAI10599,-,-,8.71,CGPA,-,-
shresth.23bce10552,Shresth Goel,U1P4E7D2,23BCE10552,-,-,8.71,CGPA,-,-
ananya.23bce10191,Ananya Kushwah,B1Y0M4C3,23BCE10191,92.8,Percentage,8.7,CGPA,90.6,Percentage
vanshika.23bce10606,Vanshika Singh,D1N5T2M6,23BCE10606,89.0,Percentage,8.7,CGPA,89.8,Percentage
saral.23bce10040,Saral Saxena,Y5J0W5D8,23BCE10040,95.6,Percentage,8.7,CGPA,85.4,Percentage
harsh.23bce10215,Harsh Paryani,W3E7K8Y2,23BCE10215,92.8,Percentage,8.7,CGPA,83.4,Percentage
avi.23bai11357,Avi Jain,L1G9B5Y2,23BAI11357,95.8,Percentage,8.7,CGPA,83.2,Percentage
mayank.23bce10719,Mayank Anand,F2G1K1I3,23BCE10719,87.0,Percentage,8.7,CGPA,78.6,Percentage
jay.23bai10422,Jay Jeswani,K3J3K5U2,23BAI10422,85.4,Percentage,8.7,CGPA,78.0,Percentage
vachhani.23bce10001,Heet Vachhani,D4Y8K7F4,23BCE10001,93.0,Percentage,8.7,CGPA,77.0,Percentage
vivek.23bsa10014,Vivek Raj Singh,W2L0W0C8,23BSA10014,93.2,Percentage,8.7,CGPA,75.2,Percentage
aman.23bce11840,Aman Patre,Q5E7Y2G0,23BCE11840,-,-,8.7,CGPA,-,-
oshmi.23bce10384,Oshmi Singh Sisodia,T5A0P2A4,23BCE10384,-,-,8.7,CGPA,-,-
palak.23bce10844,PALAK KULSHRESHTHA,G4Q7K3I5,23BCE10844,-,-,8.7,CGPA,-,-
pranjal.23bai11217,Pranjal,J2I4W8T5,23BAI11217,-,-,8.7,CGPA,-,-
pranjal.23bhi10114,Pranjal Karan,M213G619,23BHI10114,-,-,8.7,CGPA,-,-
sheshabuttermadhuri2022,Sheshabutter Madhuri,E3C8L7E4,22MIP10008,-,-,8.7,CGPA,-,-
shubhankar.23bai11053,Shubhankar Pandey,Y7U1A2T7,23BAI11053,-,-,8.7,CGPA,-,-
barguje.23bce10113,Siddhant Rajendra Barguje,O1Z1M4Y5,23BCE10113,-,-,8.7,CGPA,-,-
sukhwal.23bce10680,Tanushri Rajesh Sukhwal,A3Y6L5P0,23BCE10680,-,-,8.7,CGPA,-,-
tanya.23bai10698,Tanya Chandrakar,A5N0C3F0,23BAI10698,90.4,Percentage,8.69,CGPA,88.6,Percentage
bhumika.23bce11174,Bhumika Singh,P2N0Z5W3,23BCE11174,97.6,Percentage,8.69,CGPA,83.4,Percentage
aastha.23bai11213,Aastha Verma,N3M1G3T0,23BAI11213,94.4,Percentage,8.69,CGPA,77.6,Percentage
manvi.23bce11297,Manvi Modi,U4W4A3K6,23BCE11297,94.0,Percentage,8.69,CGPA,77.0,Percentage
aanidhya.23bai10642,Aanidhya Patidar,M5Q0B2S3,23BAI10642,89.33,Percentage,8.69,CGPA,76.4,Percentage
ansh.23bai10280,Ansh Chhibber,I6A0V2V5,23BAI10280,-,-,8.69,CGPA,-,-
anshumaan.23bce10863,Anshumaan Singh,X6X3C7M5,23BCE10863,-,-,8.69,CGPA,-,-
chirayu.23bai10637,Chirayu Sharma,O3B3D1W5,23BAI10637,-,-,8.69,CGPA,-,-
neha.2022,Neha R,M3A9N9T1,22MIM10089,-,-,8.69,CGPA,-,-
pihupallavi2002,Pallavi,S4B7A4E9,22MIP10086,-,-,8.69,CGPA,-,-
rajat.23bcy10172,Rajat Singhal,Z4Y4F4H1,23BCY10172,-,-,8.69,CGPA,-,-
shivam.23bce10989,Shivam Agrawal,P4U0A9O7,23BCE10989,-,-,8.69,CGPA,-,-
vidhi.23bce11014,Vidhi Shukla,H4L9R2G7,23BCE11014,-,-,8.69,CGPA,-,-
yashveerrai94,Yashveer Rai,A1G6R2J7,23BSA10120,-,-,8.69,CGPA,-,-
divya.23bai11320,Divya Shukla,R5E0R8F8,23BAI11320,94.6,Percentage,8.68,CGPA,94.75,Percentage
shaivi.23bce10165,Shaivi Srivastava,F2J5S6D2,23BCE10165,90.0,Percentage,8.68,CGPA,92.2,Percentage
falak.23bai10254,Falak Sharma,K5H2C4J8,23BAI10254,99.0,Percentage,8.68,CGPA,90.0,Percentage
soumyak.23bce10284,Soumyak Pransuman Behera,F4E5V0P6,23BCE10284,96.0,Percentage,8.68,CGPA,88.4,Percentage
saanvi.23bce10585,Saanvi .,A6K3Z9D0,23BCE10585,95.4,Percentage,8.68,CGPA,85.4,Percentage
khushie.23bce10548,Khushie Brahma,M3V5H1J1,23BCE10548,87.0,Percentage,8.68,CGPA,84.0,Percentage
dhwani.23bai10388,Dhwani Gupta,I1U2M1R4,23BAI10388,85.0,Percentage,8.68,CGPA,80.0,Percentage
priyansh.23bai10795,Priyansh vaish,A8M7O6A1,23BAI10795,90.1,Percentage,8.68,CGPA,75.8,Percentage
aditi.23bce10935,Aditi Srivastava,G2K7V9A2,23BCE10935,-,-,8.68,CGPA,-,-
ankit.23bai10175,Ankit Patidar,X8L9O7G5,23BAI10175,80.2,Percentage,8.66,CGPA,83.8,Percentage
raj.23bcy10156,Raj Tiwari,I4F0Z4J1,23BCY10156,-,-,8.68,CGPA,-,-
renish.23bai10923,Renish Aryan,H5L7C5Y6,23BAI10923,-,-,8.68,CGPA,-,-
tejashri.23bai11279,Tejashri Choudhary,V1G5U1P1,23BAI11279,-,-,8.68,CGPA,-,-
tushar.23bce10097,Tushar Verma,K1Q4Z2S6,23BCE10097,-,-,8.68,CGPA,-,-
vedantdua2165,Vedant Dua,R4K6Q7E6,23BCE11279,-,-,8.68,CGPA,-,-
yash.23bsa10036,Yash Raka,A5N3I3C0,23BSA10036,-,-,8.68,CGPA,-,-
dhruv.23bce10160,Dhruv Kumar,F2C0W2K3,23BCE10160,88.4,Percentage,8.67,CGPA,87.0,Percentage
adarsh.23bai11390,Adarsh Singh,I1L6A4C0,23BAI11390,91.2,Percentage,8.67,CGPA,86.2,Percentage
shrey.23bce10944,Shrey Pandey,A4B6P1N4,23BCE10944,93.0,Percentage,8.67,CGPA,85.4,Percentage
Vansh.23bai10638,Vansh Arora,P2F0A0S1,23BAI10638,94.2,Percentage,8.67,CGPA,84.4,Percentage
ayush.23bai10006,Ayush Yadav,H8O9O2P4,23BAI10006,97.3,Percentage,8.67,CGPA,83.0,Percentage
prakhar.23bai10774,Prakhar Anand Singh,H2L6S5D6,23BAI10774,84.4,Percentage,8.67,CGPA,80.5,Percentage
muskaan.23bcy10277,Muskaan Khatoon,E4S3T1N8,23BCY10277,75.16,Percentage,8.67,CGPA,78.83,Percentage
devesh.23bce10745,Devesh Mokhariya,R6M2F5D8,23BCE10745,90.0,Percentage,8.67,CGPA,78.8,Percentage
niti.23bai10955,Niti Ashish Kanoongo,F4H9S9Q5,23BAI10955,93.2,Percentage,8.67,CGPA,76.0,Percentage
lakshya.23bce11403,lakshya tatoo,O4N7E3R1,23BCE11403,-,-,8.67,CGPA,-,-
naman.23bce10189,Naman Gupta,S3P0D2U1,23BCE10189,-,-,8.67,CGPA,-,-
soumya.23bsa10172,Soumya Gupta,G4G3H6I2,23BSA10172,-,-,8.67,CGPA,-,-
vishal.23bhi10067,Vishal Kumar Ojha,PIH3U9V6,23bhi10067,-,-,8.67,CGPA,-,-
sanidhya.23bce10214,Sanidhya Dwivedi,Y5A4U7B8,23BCE10214,95.0,Percentage,8.66,CGPA,93.2,Percentage
ayush.23bai11302,Ayush Singh,V3N8R8L3,23BAI11302,95.0,Percentage,8.66,CGPA,92.0,Percentage
vinit.23bce11275,Vinit Raj Behera,O4C5Q7M5,23BCE11275,88.4,Percentage,8.66,CGPA,90.8,Percentage
ayush.23bsa10076,Ayush Mann,G2O3W6U7,23BSA10076,87.4,Percentage,8.66,CGPA,88.8,Percentage
bhuvan.23bai10372,Bhuvan Jangid,D3H0O1X2,23BAI10372,93.67,Percentage,8.66,CGPA,86.4,Percentage
suyash.23bai10725,Suyash Mishra,O2L2Y5N2,23BAI10725,87.2,Percentage,8.66,CGPA,79.0,Percentage
harsh.23bai11397,Harsh Chauhan,X2V4D1Y8,23BAI11397,85.6,Percentage,8.66,CGPA,78.17,Percentage
ayush.23bce10240,Ayush Singh,A4L5C8H1,23BCE10240,83.0,Percentage,8.66,CGPA,76.8,Percentage
utkarsh.23bcy10073,Utkarsh Srivastava,M4W5Y2C1,23BCY10073,91.0,Percentage,8.66,CGPA,76.0,Percentage
payal.23bai10483,Payal Singh,O1L7L1G9,23BAI10483,94.6,Percentage,8.66,CGPA,75.8,Percentage
aashutosh.23bce10077,Aashutosh Sharma,X5O6Y4M1,23BCE10077,-,-,8.66,CGPA,-,-
hardik.23bai10915,Hardik Verma,W1F0W4C9,23BAI10915,-,-,8.66,CGPA,-,-
hrydyansh.23bai10675,Hrydyansh Shukla,Q3A5J5F3,23BAI10675,-,-,8.66,CGPA,-,-
humaira.23bec10077,Humaira Ali,F2V2J2M6,23BEC10077,-,-,8.66,CGPA,-,-
naman.23bce10835,Naman Awasthi,J4N5Z6Y8,23BCE10835,-,-,8.66,CGPA,-,-
priyanshu.23bce10741,Priyanshu Sundrani,D5Q1S1F3,23BCE10741,-,-,8.66,CGPA,-,-
shambhavi.23bai10704,Shambhavi Bisht,E1H4X2U1,23BAI10704,-,-,8.66,CGPA,-,-
yash.23bce10154,Yash Diwan,I1E0F6E5,23BCE10154,-,-,8.66,CGPA,-,-
nigam.23bce11432,Nigam Prasad Lenka,Q5H4I6P5,23BCE11432,-,-,8.66,CGPA,-,-
Manan.23bce10668,Manan Maheshwari,J5V2C5F7,23BCE10668,94.14,Percentage,8.65,CGPA,83.5,Percentage
rakshit.23bce11664,Rakshit Pandey,N3J9I8N5,23BCE11664,92.6,Percentage,8.65,CGPA,82.6,Percentage
raunak.23bai11296,Raunak Sachdeva,R2X8B7J6,23BAI11296,89.5,Percentage,8.65,CGPA,82.6,Percentage
saumbhavi.23bcy10179,Saumbhavi Saumbhavi,T2B2R2W3,23BCY10179,91.4,Percentage,8.65,CGPA,82.2,Percentage
thange.23bce11194,Nakshatra Thange,P4C2C9F7,23BCE11194,92.4,Percentage,8.65,CGPA,75.83,Percentage
debayan.23bce10836,Debayan Dey,G9S5W0K0,23BCE10836,-,-,8.65,CGPA,-,-
nivedya.23bce10176,Nivedya B,P2P2C6C4,23BCE10176,-,-,8.65,CGPA,-,-
iampriyanshprajapati,Priyansh Prajapati,I5S1X9C9,23BCE10947,-,-,8.65,CGPA,-,-
satyam.23bai11021,Satyam Shah,H3L7L3L2,23BAI11021,92.0,Percentage,8.67,CGPA,81.2,Percentage
nikhil.23bce10262,Nikhil Tripathi,V4H3L3P5,23BCE10262,88.33,Percentage,8.64,CGPA,87.2,Percentage
kavish.23bai10789,Kavish Bishnoi,C3U3V0W9,23BAI10789,88.6,Percentage,8.64,CGPA,87.0,Percentage
hitesh.23bai10277,Hitesh Gupta,S2H3U9A3,23BAI10277,-,-,8.64,CGPA,-,-
nishita.23bsa10081,Nishita Gupta,A2J1O8P7,23BSA10081,-,-,8.64,CGPA,-,-
patrh.23bce11087,Parth Abhay Deshpande,R5F9K0X4,23BCE11087,-,-,8.64,CGPA,-,-
prem.23bce10521,Prem Navnath jadhav,F4E7L1A3,23BCE10521,-,-,8.64,CGPA,-,-
rishika.23bce10762,Rishika Sinha,U3O7L2L5,23BCE10762,-,-,8.64,CGPA,-,-
tusharjagannathjagatap2022,Tushar Jagannath Jagatap,E3I7R0W4,22MIM10078,-,-,8.64,CGPA,-,-
vinit.23bai10615,Vinit Kumar Arora,X1D9O1U6,23BAI10615,-,-,8.64,CGPA,-,-
anshika.23bai10205,Anshika Srivastava,V9X8E0Q9,23BAI10205,96.2,Percentage,8.63,CGPA,90.0,Percentage
ritik.23bai10738,Ritik Kumar Gupta,L6M0I3W2,23BAI10738,91.2,Percentage,8.63,CGPA,87.6,Percentage
samar.23bai10573,Samar Anand,O4S3U7K3,23BAI10573,90.0,Percentage,8.63,CGPA,84.8,Percentage
bhumika.23bcy10041,Bhumika Sharma,A3H8W2B6,23BCY10041,95.4,Percentage,8.63,CGPA,81.4,Percentage
kumar.23bai11405,Kumar Ritesh Raushan,J9L5W8R5,23BAI11405,93.2,Percentage,8.63,CGPA,77.8,Percentage
dev.23bai10095,Dev Vrat,I4W2V0R3,23BAI10095,-,-,8.63,CGPA,-,-
gyanvi.23bcy10193,Gyanvi Singh,E2A4R0U1,23BCY10193,-,-,8.63,CGPA,-,-
krishna.23bsa10191,Krishna Kumar,P4Y6L9R2,23BSA10191,-,-,8.63,CGPA,-,-
priyam.23bai11196,Priyam Rai,I5G2Y3X4,23BAI11196,-,-,8.63,CGPA,-,-
sakshi.23bhi10155,Sakshi Singh,J6U5Y9L8,23BHI10155,-,-,8.63,CGPA,-,-
vandit.23bce11005,Vandit Pandey,P3C6N9Y0,23BCE11005,92.83,Percentage,8.62,CGPA,92.25,Percentage
harsh.23bce10265,Harsh Kushwaha,H3U5M8Z3,23BCE10265,94.6,Percentage,8.62,CGPA,84.6,Percentage
himanshu.23bai10418,Himanshu Kalwar,C3K4O2G4,23BAI10418,83.8,Percentage,8.62,CGPA,82.4,Percentage
abhyuday.23bce11007,Abhyuday Rastogi,T3D7V9L3,23BCE11007,89.5,Percentage,8.62,CGPA,81.0,Percentage
gargi.23bce11333,Gargi Gargi,O3R1U0B5,23BCE11333,95.4,Percentage,8.62,CGPA,78.2,Percentage
aarav.23bce11282,Aarav Gogia,H1A2X5U0,23BCE11282,91.2,Percentage,8.62,CGPA,77.6,Percentage
sneha.23bai10775,Sneha Rai,O5C6U1J6,23BAI10775,92.0,Percentage,8.62,CGPA,77.0,Percentage
simran.23bai10973,Simran Arya,U2F6A2B1,23BAI10973,80.6,Percentage,8.62,CGPA,77.0,Percentage
kartik.23bai10099,Kartik Chhonkar,E3E1M4U9,23BAI10099,87.0,Percentage,8.62,CGPA,76.83,Percentage
aakash.23bai10885,Aakash Lalwani,U2W2W3V8,23BAI10885,-,-,8.62,CGPA,-,-
harsh.23bce11675,Harsh Raj Singh,O1L1R8Y9,23BCE11675,-,-,8.62,CGPA,-,-
nandita.23bcy10139,Nandita Chaubey,Z4S5D4D2,23BCY10139,-,-,8.62,CGPA,-,-
nishant.23bce10095,Nishant Sharma,O3D3O3N1,23BCE10095,-,-,8.62,CGPA,-,-
ritika.23bet10018,Ritika Kushwaha,D3R3H6P5,23BET10018,-,-,8.62,CGPA,-,-
raghuvanshiritika421,Ritika Raghuvanshi,J6C7C1H6,23BAI11019,-,-,8.62,CGPA,-,-
saksham.23bai11324,Saksham Singh,R9H2Y8Z0,23BAI11324,-,-,8.62,CGPA,-,-
swarnima.23bai11285,Swarnima Jaiswal,J2P6O9M2,23BAI11285,-,-,8.62,CGPA,-,-
aditya.23bce10155,Aditya Singh,M3O3J8M0,23BCE10155,90.5,Percentage,8.61,CGPA,89.8,Percentage
soham.23bai11287,Soham Amol Dube,Z5Y6A2U1,23BAI11287,86.2,Percentage,8.61,CGPA,86.5,Percentage
pratham.23bce11473,Pratham Chitkara,C3T3A8Q2,23BCE11473,90.2,Percentage,8.61,CGPA,82.6,Percentage
samarth.23bai10192,Samarth Pratap Singh,F4P6I8V5,23BAI10192,90.6,Percentage,8.61,CGPA,77.8,Percentage
abhishek.23bai10350,Abhishek Kumar,S7U4W8F7,23BAI10350,-,-,8.61,CGPA,-,-
advik.23bai10553,Advik Banerjee,Q3B1Q7I6,23BAI10553,-,-,8.61,CGPA,-,-
anoushka.23bhi10029,Anoushka Sharma,Y3L2C8G4,23BHI10029,-,-,8.61,CGPA,-,-
himani.23bhi10023,Himani Shrivastava,X4K2R4Y6,23BHI10023,-,-,8.61,CGPA,-,-
mohit.23bai10708,K Mohit,G3P6K4U5,23BAI10708,-,-,8.61,CGPA,-,-
pihu.23bsa10144,Pihu Jain,NEO ID: L2K4I9Z2,23BSA10144,-,-,8.61,CGPA,-,-
piyush.23bai10103,Piyush Upadhyay,X5J6D6T1,23BAI10103,-,-,8.61,CGPA,-,-
shreya.23bce10413,Shreya Tiwari,O3U9J7C4,23BCE10413,96.4,Percentage,8.6,CGPA,91.6,Percentage
amritasha.23bai10048,Amritasha Gupta,D6K5E1T1,23BAI10048,94.0,Percentage,8.6,CGPA,88.2,Percentage
kanishk.23bce10588,Kanishk Tomar,L6I7L2L0,23BCE10588,93.0,Percentage,8.6,CGPA,87.0,Percentage
arnav.23bce10173,Arnav Shukla,H4A3U6V9,23BCE10173,94.3,Percentage,8.6,CGPA,83.4,Percentage
bera.23bsa10008,Neel Bera,X4W9F1L3,23BSA10008,89.66,Percentage,8.6,CGPA,81.2,Percentage
rudraksh.23bai10883,Rudraksh Rudraksh,O7O9A4B9,23BAI10883,91.0,Percentage,8.6,CGPA,80.2,Percentage
kushagra.23bai10765,Kushagra Srivastava,D1V8M6Z7,23BAI10765,88.2,Percentage,8.6,CGPA,79.8,Percentage
abhiudaya.23bai10819,Abhiudaya Pratap Singh,Z5U7D3Z4,23BAI10819,90.0,Percentage,8.6,CGPA,77.5,Percentage
kunal.23bai10581,Kunal Kaushik,Y2J1C9H5,23BAI10581,88.1,Percentage,8.6,CGPA,77.2,Percentage
samarth.23bsa10141,Samarth Tiwari,N3C2J2H1,23BSA10141,75.8,Percentage,8.6,CGPA,76.4,Percentage
ansh.23bce10409,Ansh Singh,D2V6Q8K6,23BCE10409,-,-,8.6,CGPA,-,-
lokesh240805,Lokesh,J1I1B2C5,23BCE10304,-,-,8.6,CGPA,-,-
akshara.23bsa10078,Akshara Bhargava,W2C0G7O4,23BSA10078,94.6,Percentage,8.59,CGPA,89.25,Percentage
kecia.23bce11658,Kecia Tamhane,P2R6K3M0,23BCE11658,94.16,Percentage,8.59,CGPA,88.2,Percentage
akshiv.23bce10785,Akshiv Saxena,W1V7T6Y1,23BCE10785,89.4,Percentage,8.59,CGPA,85.6,Percentage
priya.23bce10599,Priya,E4Y0M5I0,23BCE10599,90.6,Percentage,8.59,CGPA,85.0,Percentage
shirsat.23bce10884,Aarya Shirsath,S3A7C8J9,23BCE10884,93.2,Percentage,8.59,CGPA,79.4,Percentage
paree.23bcy10194,Paree Khatri,Y3T2G9Q1,23BCY10194,90.6,Percentage,8.59,CGPA,76.0,Percentage
mridul.23bce11427,Mridul Tyagi,B1W4P4B8,23BCE11427,76.3,Percentage,8.59,CGPA,75.3,Percentage
abhay.23bai10366,Abhay Pratap Rathore,E6C6X1T9,23BAI10366,-,-,8.59,CGPA,-,-
amit.23bce10447,Amit Yadav,R5L7H3P3,23BCE10447,-,-,8.59,CGPA,-,-
anushkasarviya,Anushka Sarviya,F2X9K3T9,23BCE10854,-,-,8.59,CGPA,-,-
ayushi.23bce11248,Ayushi Thakur,N2N9A7M7,23BCE11248,-,-,8.59,CGPA,-,-
kirti.23bai10657,Kirti Choudhary,A2S8Z4Q1,23BAI10657,-,-,8.59,CGPA,-,-
nilesh.23bce10915,Nilesh Raj,D1C2P3A8,23bce10915,-,-,8.59,CGPA,-,-
sura.25mca10061,RAJASENA REDDY,V1P5N1I4,25mca10061,-,-,8.59,CGPA,-,-
shweta.23bhi10068,Shweta Verma,F2X8V1K0,23BHI10068,-,-,8.59,CGPA,-,-
swastik.23bce11357,Swastik Mishra,B9A3J9A7,23BCE11357,-,-,8.59,CGPA,-,-
swastika.23bce10396,Swastika Dey,U2J6S0U7,23BCE10396,-,-,8.59,CGPA,-,-
sameer.23bce10211,Sameer Gupta,Q5I0J3F9,23BCE10211,91.6,Percentage,8.58,CGPA,94.8,Percentage
kishika.23bce10877,Kishika Raheja,K2K6U7V3,23BCE10877,96.2,Percentage,8.58,CGPA,94.4,Percentage
sneha.23bce10818,Sneha Tripathi,M1J9E1K8,23BCE10818,95.2,Percentage,8.58,CGPA,93.4,Percentage
rudra.23bce10181,Rudra Trivedi,W4U9H2K3,23BCE10181,96.2,Percentage,8.58,CGPA,93.0,Percentage
vinayak.23bce10766,Vinayak Sharma,C1R3G8S5,23BCE10766,94.2,Percentage,8.58,CGPA,90.8,Percentage
hitesh.23bce10038,Hitesh Kumar,A1A2C8O9,23BCE10038,92.6,Percentage,8.58,CGPA,87.8,Percentage
deepak.23bai10949,Deepak Solanki,G4B2D8H2,23BAI10949,92.8,Percentage,8.58,CGPA,87.2,Percentage
bhawna.23bai10263,Bhawna Tiwari,Q3W0T6Y9,23BAI10263,97.6,Percentage,8.58,CGPA,86.8,Percentage
aadiy.23bce10969,Aadiy Khan,G6U5N5H1,23BCE10969,88.0,Percentage,8.58,CGPA,86.0,Percentage
ekagra.23bcy10102,Ekagra Gupta,E6B6O9N4,23BCY10102,85.2,Percentage,8.58,CGPA,85.6,Percentage
paarth.23bcy10075,Paarth Vakharia,H2J2S4Y9,23BCY10075,83.2,Percentage,8.58,CGPA,85.6,Percentage
devraj.23bce11169,DEVRAJ BIJPURIA,B6U3W0S7,23BCE11169,86.4,Percentage,8.58,CGPA,85.0,Percentage
ishaani.23bai11173,Ishaani Prashant,P1S7E9W2,23BAI11173,91.8,Percentage,8.58,CGPA,81.5,Percentage
amlan.23bai10565,Amlan Jyoti Sarmah,N2E9T1Q5,23BAI10565,87.5,Percentage,8.58,CGPA,78.4,Percentage
arti.23bce10706,Arti kumari,I5V8Q4Q1,23BCE10706,-,-,8.58,CGPA,-,-
dev.23bce11272,Dev Upadhyay,G1P8V0M0,23BCE11272,-,-,8.58,CGPA,-,-
francky.23bey10013,Francky Mishra,K1F6N4O3,23BEY10013,-,-,8.58,CGPA,-,-
sharma.23bce11263,Ishan sharma,S2V7J9R3,23bce11263,-,-,8.58,CGPA,-,-
kartikey.23bcy10330,Kartikey Sharma,L2K0M1U1,23BCY10330,94.8,Percentage,8.58,CGPA,84.6,Percentage
sagar.23bai10299,Sagar Singh,Q2T7P8H5,23BAI10299,-,-,8.58,CGPA,-,-
shirsendu.23bai10221,Shirsendu Chatterjee,G2J5Q1Z3,23BAI10221,-,-,8.58,CGPA,-,-
priyanshi.23bce10755,Priyanshi Maurya,Z5S4W5E1,23BCE10755,94.0,Percentage,8.57,CGPA,87.88,Percentage
akshansh.23bai10348,Akshansh Bansal,U1H4J2G1,23BAI10348,95.0,Percentage,8.57,CGPA,87.0,Percentage
ekta.23bce10817,Ekta Harde,U4Y0O1M1,23BCE10817,92.0,Percentage,8.57,CGPA,85.4,Percentage
gaurav.23bai10554,Gaurav Sharma,S3V9W5X4,23BAI10554,87.16,Percentage,8.57,CGPA,85.33,Percentage
ishika.23bcy10202,Ishika Thakor,V1E9M9F6,23BCY10202,94.8,Percentage,8.57,CGPA,82.0,Percentage
ojasvi.23bce11466,Ojasvi Dhruv Pandey,B6D4X5I3,23BCE11466,86.8,Percentage,8.57,CGPA,78.0,Percentage
adarsh.23bce11418,Adarsh Lilhare,E1X8A3E9,23BCE11418,96.0,Percentage,8.57,CGPA,77.0,Percentage
drishti.23bai10512,Drishti Negi,X1O9I6F1,23BAI10512,-,-,8.57,CGPA,-,-
priyanshu.23bce10542,Priyanshu,X1O1V3F6,23BCE10542,-,-,8.57,CGPA,-,-
shubham.23bai11141,Shubham Sura,M4G7N5H4,23BAI11141,-,-,8.57,CGPA,-,-
tanay.23bce10253,Tanay Kumar Shahi,U2T5O7N9,23BCE10253,-,-,8.57,CGPA,-,-
agam.23bai10297,Agam Katiyar,K1T9K6L5,23BAI10297,-,-,8.57,CGPA,-,-
arnavsaxena2004,Arnav Saxena,P2N2W0I2,23BCE10865,-,-,8.57,CGPA,-,-
ashish.23bai10847,Ashish Vishwakarma,Z7N7Q5E7,23BAI10847,-,-,8.57,CGPA,-,-
tushar.23bai10272,Tushar Mishra,N5R3T4I8,23BAI10272,85.6,Percentage,8.56,CGPA,93.6,Percentage
ayush.23bce10187,Ayush Kumar,K3J1H4M6,23BCE10187,90.5,Percentage,8.56,CGPA,92.8,Percentage
mridul.23bce11347,Mridul Bhatt,Q3H4K8G7,23BCE11347,94.8,Percentage,8.56,CGPA,92.0,Percentage
tomarsonika1,Sonika Singh,E0Z8Y0O4,23BCE10041,92.2,Percentage,8.56,CGPA,90.6,Percentage
kartikey.23bai10594,Kartikey Mishra,Z1C6F4B7,23BAI10594,82.2,Percentage,8.56,CGPA,87.8,Percentage
vikas.23bcy10306,Vikas Kumar Singh,T4O4W8P2,23BCY10306,85.2,Percentage,8.56,CGPA,87.6,Percentage
vansh.23bce10136,Vansh Tiwari,H5B2F9A0,23BCE10136,94.5,Percentage,8.56,CGPA,86.2,Percentage
aastha.23bai10537,Aastha Srivastava,B6K2B0O3,23BAI10537,87.83,Percentage,8.56,CGPA,85.4,Percentage
priyanshu.23bsa10050,Priyanshu kumar,B6U7S3C7,23BSA10050,84.6,Percentage,8.56,CGPA,82.0,Percentage
divyanshu.23bce10149,Divyanshu Sharma,Y4U9U6Z7,23BCE10149,79.83,Percentage,8.56,CGPA,82.0,Percentage
vansh.23bce10387,Vansh Upreti,I1Q9H5N1,23BCE10387,94.33,Percentage,8.56,CGPA,80.33,Percentage
manasvi.23bai10157,Manasvi Maheshwari,X4Z8F6C8,23BAI10157,92.4,Percentage,8.56,CGPA,77.8,Percentage
shivam.23bce10275,Shivam Patil,P1X0N6X1,23BCE10275,85.6,Percentage,8.56,CGPA,77.33,Percentage
saksham.23bce10399,Saksham Neema,F6E1T8X5,23BCE10399,93.0,Percentage,8.56,CGPA,76.4,Percentage
arnav.23bce11196,Arnav Majithia,C6C1Y9P1,23BCE11196,88.5,Percentage,8.56,CGPA,75.4,Percentage
bhavit.23bhi10021,Bhavit Arora,O7O2K5Q9,23bhi10021,-,-,8.56,CGPA,-,-
himanshu.23bai10468,Himanshu Kumar Pathak,P1P9T2O8,23BAI10468,-,-,8.56,CGPA,-,-
mayank.23bcy10106,Mayank rawat,T3F4L6W8,23bcy10106,-,-,8.56,CGPA,-,-
pranav.23bhi10046,Pranav Roy,H5Q9Z2Q5,23BHI10046,-,-,8.56,CGPA,-,-
vikaspandey2022,Vikas Pandey,B2E7Y6D0,22MIM10102,-,-,8.56,CGPA,-,-
vishnu.23bce10518,VISHNU S,A2T7T1M5,23BCE10518,-,-,8.56,CGPA,-,-
parvathi.23bce11828,Parvathi M,B3F3L5N9,23BCE11828,99.0,Percentage,8.55,CGPA,97.0,Percentage
nishesh.23bce11824,Nishesh Shukla,Z1D6E8Y5,23BCE11824,94.16,Percentage,8.55,CGPA,89.2,Percentage
ishaan.23bai10598,Ishaan Mehrotra,G3Z1E5U1,23BAI10598,87.83,Percentage,8.55,CGPA,87.5,Percentage
ashtitva.23bai10568,Ashtitva Pandey,T1N7T5T9,23BAI10568,95.0,Percentage,8.55,CGPA,87.4,Percentage
rujjul.23bai10197,Rujjul Saha,Q4F4W4R4,23BAI10197,92.17,Percentage,8.55,CGPA,87.34,Percentage
sneha.23bai10389,Sneha Kharote,Y5D8S6W8,23BAI10389,83.4,Percentage,8.55,CGPA,83.83,Percentage
snehal.23bce10248,Snehal Garg,U6H2X4U4,23BCE10248,88.0,Percentage,8.55,CGPA,83.6,Percentage
rajat.23bai10159,Rajat Sharma,J1F3I7M4,23BAI10159,90.83,Percentage,8.55,CGPA,83.16,Percentage
mayank.23bai10291,Mayank Rathore,T5I0O0P4,23BAI10291,85.16,Percentage,8.55,CGPA,80.83,Percentage
pragalbh.23bce11286,Pragalbh Sharma,W4R1F1M0,23BCE11286,-,-,8.55,CGPA,-,-
suyash.23bce10449,Suyash Srivastava,J5V8N4J5,23BCE10449,-,-,8.55,CGPA,-,-
sanskriti.23bce10336,Sanskriti Gupta,E2Z3A6G3,23BCE10336,87.67,Percentage,8.54,CGPA,89.6,Percentage
diya.23bce10010,Diya Raghuvanshi,R3V3S8H0,23BCE10010,93.6,Percentage,8.54,CGPA,86.8,Percentage
saransh.23bce11652,Saransh Gupta,X1X6G2H2,23BCE11652,94.6,Percentage,8.54,CGPA,84.0,Percentage
rokade.23bce10671,Onkar Rokade,H4J0O5D5,23BCE10671,92.8,Percentage,8.54,CGPA,83.0,Percentage
akshat.23bai10005,Akshat Raj,O1N4W5Z1,23BAI10005,90.6,Percentage,8.54,CGPA,82.8,Percentage
akshat.23bce11529,Akshat Chourey,T1L9D6I5,23BCE11529,77.4,Percentage,8.54,CGPA,82.4,Percentage
divyanshi.23bcy10163,Divyanshi Diwan,B4K3Z6J1,23BCY10163,92.8,Percentage,8.54,CGPA,79.8,Percentage
bedanta.23bai11022,Bedanta Mahanty,R1F1X9D5,23BAI11022,87.14,Percentage,8.54,CGPA,79.4,Percentage
tushar.23bai10551,TUSHAR TIWARI,K6B8F5K0,23BAI10551,94.8,Percentage,8.54,CGPA,78.2,Percentage
samarth.23bai10460,Samarth Singh,K3T8E9O3,23BAI10460,90.0,Percentage,8.54,CGPA,77.2,Percentage
abhinav.23bai10261,ABHINAV JHA,P3L0R9T8,23BAI10261,-,-,8.54,CGPA,-,-
roli.23bai10603,Roli Dwivedi,K5N7C3Z3,23BAI10603,-,-,8.54,CGPA,-,-
shankar9110596,Singireddi Gowri Shankar,U2G7B5X8,25MCA10088,-,-,8.54,CGPA,-,-
jigyasa.23bce10382,Jigyasa Jigyasa,B3E1Z4W8,23BCE10382,96.8,Percentage,8.53,CGPA,88.4,Percentage
rajgaura327,Raj Gaurav,B3N2H6R7,23BAI10201,91,Percentage,8.53,CGPA,83,Percentage
anshika.23bce11725,Anshika Singh,U3W1D1B2,23BCE11725,87.8,Percentage,8.53,CGPA,79.2,Percentage
arya.23bai10869,Arya Sharma,B6M0M1R1,23BAI10869,92.0,Percentage,8.53,CGPA,75.4,Percentage
arpita.23bsa10118,Arpita Gupta,G2K8M9L8,23BSA10118,-,-,8.53,CGPA,-,-
awais.23bsa10157,Awais Khan,G5W6U3Y8,23BSA10157,-,-,8.53,CGPA,-,-
ayush.23bce10461,Ayush Chandra,T4I3C2U0,23BCE10461,-,-,8.53,CGPA,-,-
harsh.23bai10058,HARSH YADAV,W4X7J6Y8,23BAI10058,-,-,8.53,CGPA,-,-
ronakkamboj26,Ronak Kamboj,X5A3S4D0,23BCE10263,-,-,8.53,CGPA,-,-
sandip.23bce11782,Sandip Paul,W1V0P6Q4,23BCE11782,-,-,8.53,CGPA,-,-
vinay.23bsa10003,Vinay Gore,A1O4V2E1,23BSA10003,-,-,8.53,CGPA,-,-
hardik.23bce10376,Hardik Agarwal,N1S9L2L8,23BCE10376,92.8,Percentage,8.52,CGPA,91.25,Percentage
sanjivni.23bai10287,Sanjivni Katiyar,G4E1R5S7,23BAI10287,97.6,Percentage,8.52,CGPA,89.8,Percentage
aalya.23bce11647,Aalya Bagga,R2K4K4T4,23BCE11647,96.2,Percentage,8.52,CGPA,88.6,Percentage
charu.23bce11698,Charu Jagguka,I5H3E2V6,23BCE11698,94.4,Percentage,8.52,CGPA,88.4,Percentage
kopal.23bce10222,Kopal Verma,D3T2N5Y9,23BCE10222,92.5,Percentage,8.52,CGPA,88.2,Percentage
sreyas.23bai10062,Sreyas Sunmesh,B6W7H9U1,23BAI10062,89.2,Percentage,8.52,CGPA,84.4,Percentage
aditya.23bai10155,Aditya Shukla,Z5S6D1S4,23BAI10155,91.6,Percentage,8.52,CGPA,80.6,Percentage
manish.23bce11528,Manish Kumar,T9E6R2S5,23BCE11528,80.2,Percentage,8.52,CGPA,80.33,Percentage
anshuman.pandey28122005,Anshuman Pandey,D2S4L6S8,23BAI10208,-,-,8.52,CGPA,-,-
arshav.23bce11847,Arshav Devam Suman,W5X8A4Q9,23BCE11847,-,-,8.52,CGPA,-,-
ayushman.23bai11059,Ayushman Gupta,M3M1N9N9,23BAI11059,-,-,8.52,CGPA,-,-
jobsyshaji2022,Jobsy Shaji,B3B7B3S0,22MEI10020,-,-,8.52,CGPA,-,-
nimish.23bcy10017,Nimish Jain,L3B2L7P2,23BCY10017,-,-,8.52,CGPA,-,-
sanjana.23bce10594,Sanjana Krishnan,N6F6Z4S0,23BCE10594,-,-,8.52,CGPA,-,-
sanjiban.23bce10267,SANJIBAN GHOSH,S8J9T5A7,23BCE10267,-,-,8.52,CGPA,-,-
shrish.23bai11284,Shrish,P6Y0O0G0,23BAI11284,-,-,8.52,CGPA,-,-
utkarsh.23bai10609,Utkarsh Singh Yadav,T2J3X0F1,23BAI10609,-,-,8.52,CGPA,-,-
vinayak.23bcy10061,Vinayak Tripathi,U3M7U3H1,23BCY10061,-,-,8.52,CGPA,-,-
aarul.23bce10857,Aarul Kumar,V4W1G0E7,23BCE10857,95.6,Percentage,8.51,CGPA,90.4,Percentage
anurag.23bce10135,Anurag Singh,L5O9C3W8,23BCE10135,89.8,Percentage,8.51,CGPA,90.4,Percentage
ritica.23bai10602,Ritica Awasthi,R6U5A5J7,23BAI10602,91.2,Percentage,8.51,CGPA,84.4,Percentage
shree.23bcy10004,Shree Charan N,J4V7Z3N1,23BCY10004,86.8,Percentage,8.51,CGPA,76.4,Percentage
anuj.23bce10012,Anuj Malviya,C6T7Y3J7,23BCE10012,-,-,8.51,CGPA,-,-
hiya.23bce11063,Hiya Dullu,O6A1X3M9,23BCE11063,-,-,8.51,CGPA,-,-
neha.23bce11809,Neha Chandwani,Q1G0E5N3,23BCE11809,-,-,8.51,CGPA,-,-
suryavanshi.23bce10908,Rohit Suryavanshi,F4T6V9U0,23BCE10908,-,-,8.51,CGPA,-,-
shubham.23bai10229,Shubham Sharma,G3J9E0B6,23bai10229,-,-,8.51,CGPA,-,-
hirdesh.23bce10272,Hirdesh Singh,N6Y8U5A8,23BCE10272,95.5,Percentage,8.5,CGPA,94.16,Percentage
divyanshu.23bce10286,divyanshu singh bisht,E1M1I4Y1,23BCE10286,88.16,Percentage,8.5,CGPA,89.0,Percentage
lav.23bce11036,Lav Singh,I3W1I2G0,23BCE11036,81.4,Percentage,8.5,CGPA,86.8,Percentage
anjali.23bai10177,Anjali Verma,H4L4U9R3,23BAI10177,82.3,Percentage,8.5,CGPA,85.6,Percentage
sarvyagya.23bai10759,Sarvyagya Prakash,B6O6I0O0,23BAI10759,92.6,Percentage,8.5,CGPA,82.4,Percentage
muskan.23bai10038,Muskan Kumari,Y4U7X0V7,23BAI10038,87.6,Percentage,8.5,CGPA,82.2,Percentage
mohd.23bai10231,Mohd Farzan Khan,C2C5S5T7,23BAI10231,92.4,Percentage,8.5,CGPA,80.8,Percentage
animesh.23bai11026,Animesh Singh Rathore,P9S1F4N7,23BAI11026,91.8,Percentage,8.5,CGPA,79.6,Percentage
vyahruthi.23bsa10134,Vyahruthi Goturu,P7J4A6G4,23BSA10134,92.8,Percentage,8.5,CGPA,78.6,Percentage
parth.23bai11398,Parth Oberai,G1I8J3G2,23BAI11398,95.0,Percentage,8.5,CGPA,78.2,Percentage
harshima.23bai11080,Harshima Barnwal,A5Z9F0T0,23BAI11080,-,-,8.5,CGPA,-,-
mayank.23bai10477,Mayank Sharad Gomase,D5F3N0N7,23BAI10477,-,-,8.5,CGPA,-,-
sameer.23bce10883,SAMEER NAHADIYA,R2V6F3U4,23BCE10883,-,-,8.5,CGPA,-,-
shashank.23bce10059,Shashank Dhakar,H6N4A2O7,23BCE10059,-,-,8.5,CGPA,-,-
shorya.23bce10194,Shorya Pathak,I8H0J1F2,23BCE10194,-,-,8.5,CGPA,-,-
tarpita.23bhi10124,TARPITA KARNAM,Z5G0R2G4,23BHI10124,-,-,8.5,CGPA,-,-
gurujukota.23bai10054,Gowri Nandhan,D6O6S0H3,23BAI10054,9.8,CGPA,8.49,CGPA,96.6,Percentage
gyanendra.23bce10433,Gyanendra Thakur,R9F6O4E0,23BCE10433,98.5,Percentage,8.49,CGPA,92.0,Percentage
hemen.23bce10258,HEMEN BHASIN,L3F3W1V8,23BCE10258,85.16,Percentage,8.49,CGPA,90.8,Percentage
roshni.23bai11281,Roshni Choudhary,A1S5W2Q1,23BAI11281,82.0,Percentage,8.49,CGPA,82.4,Percentage
anuradha.23bec10068,A Anuradha,M6M5E9J5,23BEC10068,-,-,8.49,CGPA,-,-
aaditya.23bce11256,Aaditya Pandya,H2Z5G4P1,23BCE11256,-,-,8.49,CGPA,-,-
abhijeet.23bce10383,Abhijeet Shakya,L6I5R6Y2,23BCE10383,-,-,8.49,CGPA,-,-
aditya.23bce10319,Aditya Malav,Z2P9R2H3,23BCE10319,-,-,8.49,CGPA,-,-
anamika.23bet10009,Anamika Rajawat,N1Z9Z7G9,23BET10009,-,-,8.49,CGPA,-,-
anant.23bce11055,Anant Kaurav,P1E6B4M9,23BCE11055,-,-,8.49,CGPA,-,-
anshul.23bai10770,Anshul Joshi,V8W4D9E9,23BAI10770,-,-,8.49,CGPA,-,-
ayush20039939,Ayush Agarwal,T5M8O7Q1,23BCE10678,-,-,8.49,CGPA,-,-
ayush.23bce11747,Ayush Rathi,U6G2C2Y1,23BCE11747,-,-,8.49,CGPA,-,-
mayank.23bai10505,Mayank Arora,X8T6P0H4,23BAI10505,-,-,8.49,CGPA,-,-
siddharth.23bce10224,Siddharth Sharma,B2A0A3X0,23BCE10224,-,-,8.49,CGPA,-,-
yug.23bsa10089,Yug Kochar,V5B2E1R0,23BSA10089,-,-,8.49,CGPA,-,-
akshay.23bai11150,Akshay M P,V3K9V6D6,23BAI11150,95.0,Percentage,8.48,CGPA,94.75,Percentage
devansh.23bce10247,Devansh Tyagi,G1I8S7E3,23BCE10247,96.8,Percentage,8.48,CGPA,93.6,Percentage
saurav.23bcy10108,Saurav Chourasia,P4N8G7L0,23BCY10108,84.0,Percentage,8.48,CGPA,89.2,Percentage
jhalak.23bce10903,Jhalak Verma,C5A1I7Y3,23BCE10903,94.6,Percentage,8.48,CGPA,89.0,Percentage
mudit.23bai10429,Mudit Sharma,L4O5H4C0,23BAI10429,88.6,Percentage,8.48,CGPA,86.6,Percentage
prachi.23bce10996,Prachi Gupta,Z1N5F4R0,23BCE10996,80.16,Percentage,8.48,CGPA,85.2,Percentage
shaan.23bce10377,Shaan Mathur,E0F1Q5B6,23BCE10377,90.0,Percentage,8.48,CGPA,85.0,Percentage
ananya.23bcy10131,Ananya Sanodiya,A8D0S6X1,23BCY10131,82.8,Percentage,8.48,CGPA,84.4,Percentage
ansh.23bce10777,Ansh Tyagi,Q3K7S0A5,23BCE10777,87.8,Percentage,8.48,CGPA,79.4,Percentage
isha.23bai11246,Isha Kumari,T6H2D1N6,23BAI11246,89.6,Percentage,8.48,CGPA,77.4,Percentage
rishika.23bai10511,Rishika Yadav,E3R3U4K8,23BAI10511,90.8,Percentage,8.48,CGPA,75.8,Percentage
aditi.23bsa10186,Aditi Singh,C9K7N9H5,23BSA10186,88.0,Percentage,8.48,CGPA,75.75,Percentage
aayush.23bce10279,AAYUSH SINGH,G7Y4U2Y6,23BCE10279,-,-,8.48,CGPA,-,-
nikita.23bec10061,Nikita Bhansali,X3C4H4P8,23BEC10061,-,-,8.48,CGPA,-,-
ojassingh2022,Ojas Singh,H7M1Y8R9,22MIP10058,-,-,8.48,CGPA,-,-
shansit.23bai10424,Shansit Suman,K5J2C119,23BAI10424,-,-,8.48,CGPA,-,-
shreya.23bce11128,Shreya Negi,K6A0Q2X7,23BCE11128,-,-,8.48,CGPA,-,-
sidhi.23bcy10240,Sidhi Gautam,D1L7J1F6,23BCY10240,-,-,8.48,CGPA,-,-
aryaman.23bce10871,Aryaman Garg,Q5C1F9N3,23BCE10871,91.2,Percentage,8.47,CGPA,82.8,Percentage
atharw.23bai11373,Atharw Dwivedi,C4Q3W3I5,23BAI11373,83.17,Percentage,8.47,CGPA,79.4,Percentage
abhyanand.23bai11047,ABHYANAND SHARMA,U4P2I3Z6,23BAI11047,-,-,8.47,CGPA,-,-
atharva.23bai11275,Atharva Mahesh Wagh,B6Q3D2M0,23BAI11275,-,-,8.47,CGPA,-,-
meera.23bai11317,Meera Singh,Z2K5L1M0,23BAI11317,-,-,8.47,CGPA,-,-
prashish.23bce11636,Prashish Dharmik,P3V8Y7K8,23BCE11636,-,-,8.47,CGPA,-,-
preetikaanjana,PREETIKA ANJANA,N3F6E8N5,23BCE10789,-,-,8.47,CGPA,-,-
tanisha.23bce10121,Tanisha,O5M4Q4F6,23BCE10121,-,-,8.47,CGPA,-,-
swayum.23bce10466,Swayum Bansal,V1Z8K9O7,23BCE10466,93.0,Percentage,8.46,CGPA,93.25,Percentage
ashi.23bai10311,Ashi Jain,I5X9R1X4,23BAI10311,91.2,Percentage,8.46,CGPA,88.4,Percentage
divyanshi.23bce10898,Divyanshi Nigam,A0D9B7B5,23BCE10898,91.0,Percentage,8.46,CGPA,87.4,Percentage
naman.23bai10024,Naman Singh,F4O3R2D6,23BAI10024,95.0,Percentage,8.46,CGPA,85.0,Percentage
hemank.23bce10245,Hemank Patel,A6P9X9S0,23BCE10245,86.16,Percentage,8.46,CGPA,84.16,Percentage
kumud.23bce11440,Kumud Maheshwari,E3O5N0Q5,23BCE11440,84.0,Percentage,8.46,CGPA,83.8,Percentage
shashank.23bai10436,Shashank Dubey,V6J9T7L4,23BAI10436,93.4,Percentage,8.46,CGPA,83.4,Percentage
avilamb.23bce10328,Avilamb Bhushan,K3L5T8Z6,23BCE10328,94.2,Percentage,8.46,CGPA,82.6,Percentage
aastha.23bcy10354,Aastha Purohit,I2E3M4A0,23BCY10354,88.0,Percentage,8.46,CGPA,82.0,Percentage
taran.23bce10952,Taran Ali Ahmed,D1G9O3E2,23BCE10952,87.6,Percentage,8.46,CGPA,81.0,Percentage
hitesh.23bcy10345,Hitesh Somani,U5L7P7E9,23BCY10345,87.8,Percentage,8.46,CGPA,76.8,Percentage
mayukh.23bsa10198,Mayukh Jain,I1G2J4R4,23BSA10198,91.67,Percentage,8.46,CGPA,75.8,Percentage
aarya.23bai10786,Aarya Nema,M1O8F6H5,23BAI10786,-,-,8.46,CGPA,-,-
abhinav.23bcg10130,Abhinav Jain,X4Q6R7U6,23BCG10130,-,-,8.46,CGPA,-,-
prachi.23bai10944,Prachi Birle,U5F7M3N0,23BAI10944,90.6,Percentage,8.45,CGPA,88.0,Percentage
vidhan.23bai10233,Vidhan Ayachit,A1T9D9Z4,23BAI10233,93.8,Percentage,8.45,CGPA,85.8,Percentage
rishiraj.23bai10849,Rishiraj Singh Tomar,G3Y0G9T5,23BAI10849,94.4,Percentage,8.45,CGPA,84.0,Percentage
samarth.23bce11671,Samarth Agarwal,H5C4A2J6,23BCE11671,91.6,Percentage,8.45,CGPA,82.0,Percentage
aaryan.23bcg10009,Aaryan Shrivastava,J3M2O6Y7,23BCG10009,-,-,8.45,CGPA,-,-
aryan.23bet10019,Aryan Kumar,T3Z2K9R1,23BET10019,-,-,8.45,CGPA,-,-
mohantybrajesh4,Brajesh Mohanty,A4P8R6Z0,23BCE11830,-,-,8.45,CGPA,-,-
mohammad.23bce11843,Mohammad Saad Mubeen Shaikh,Z2X9O6P3,23BCE11843,-,-,8.45,CGPA,-,-
pranav.23bce11366,Pranav Ahuja,C1A6Y9A2,23BCE11366,-,-,8.45,CGPA,-,-
rajpurohit.23bai10859,Rajpurohit Kritiraj Hukumsingh,P5C1O7O2,23BAI10859,-,-,8.45,CGPA,-,-
sandeep.23bai10807,Sandeep Solanki,K1M0T5O1,23BAI10807,94.2,Percentage,8.44,CGPA,90.8,Percentage
castillo.23bai10528,Castillo Shaji,P1B6T2O7,23BAI10528,94.6,Percentage,8.44,CGPA,89.4,Percentage
abhinav.23bai10319,Abhinav Yadav,R2G8H0H0,23BAI10319,97.2,Percentage,8.44,CGPA,87.4,Percentage
tanisha.23bce11210,Tanisha Verma,X1U7S9N9,23BCE11210,93.6,Percentage,8.44,CGPA,85.6,Percentage
dileep.23bce11651,Dileep kumar,A4Y6Q0C4,23BCE11651,9.6,CGPA,8.44,CGPA,82.6,Percentage
ayush.23bce10987,Ayush Pandey,Z5G5U2T5,23BCE10987,92.2,Percentage,8.44,CGPA,81.0,Percentage
radhika.23bce11340,Radhika Tyagi,K3W2W9X1,23BCE11340,94.6,Percentage,8.44,CGPA,80.2,Percentage
yash.23bce10402,Yash Gupta,Q4Z7F8G7,23BCE10402,97.8,Percentage,8.44,CGPA,78.8,Percentage
divyam.23bce11129,Divyam Choudhary,S5F9E9S3,23BCE11129,78.6,Percentage,8.44,CGPA,77.0,Percentage
divya.23bai10517,Divya Tiwari,V1S1S8I9,23BAI10517,93.6,Percentage,8.44,CGPA,75.5,Percentage
anushka.23bce11845,Anushka Sadhu,V1H3A8G0,23BCE11845,-,-,8.44,CGPA,-,-
kshitiz.23bai10318,Kshitiz Goyal,M7B2R0U3,23BAI10318,-,-,8.44,CGPA,-,-
rhythm.23bai10344,RHYTHM GANDHI,Z1T1N8R1,23BAI10344,-,-,8.44,CGPA,-,-
sahani.23bce10123,SAHIL SAHANI,V3M1V6O1,23BCE10123,-,-,8.44,CGPA,-,-
yash.23bce10538,Yash Sushil,V2S8B1O4,23BCE10538,-,-,8.44,CGPA,-,-
akshat.23bce10434,Akshat Jaiswal,X4C5W6H9,23BCE10434,94.2,Percentage,8.43,CGPA,89.5,Percentage
kushagra.23bai10045,KUSHAGRA SRIVASTAVA,L4K6S7Q7,23BAI10045,93.5,Percentage,8.43,CGPA,88.6,Percentage
harsh.23bce11307,Harsh Dwivedi,D2L2P9T5,23BCE11307,84.8,Percentage,8.43,CGPA,88.6,Percentage
shreyansh.23bce11625,shreyansh jain,H7W8A0Z3,23BCE11625,80.8,Percentage,8.43,CGPA,87.16,Percentage
udita.23bai10653,Udita Chakraborty,J1L4N4A9,23BAI10653,93.6,Percentage,8.43,CGPA,83.0,Percentage
soumya.23bai11100,Soumya Tyagi,C6Q0O3P6,23BAI11100,89.5,Percentage,8.43,CGPA,82.4,Percentage
ashutosh.23bce10975,Ashutosh Nanda,G4J1I9R1,23BCE10975,96.0,Percentage,8.43,CGPA,76.0,Percentage
radha.23bce10626,Radha Agarwal,M5K2N5B3,23BCE10626,-,-,8.43,CGPA,-,-
sahej.23bce11431,Sahej Vir Singh Pasay,G3Y9O8E7,23BCE11431,-,-,8.43,CGPA,-,-
yash.23bce10809,Yash Malhotra,Z3F2U9X0,23BCE10809,-,-,8.43,CGPA,-,-
navya.23bce10582,Navya Srivastava,F3M0F9G9,23BCE10582,97.2,Percentage,8.42,CGPA,91.25,Percentage
abhyuday.23bce10943,Abhyuday Jha,V7W2Q9K2,23BCE10943,89.8,Percentage,8.42,CGPA,90.6,Percentage
mohit.23bai10262,Mohit Upadhyay,L3T6J9A2,23BAI10262,91.6,Percentage,8.42,CGPA,88.0,Percentage
lakshya.23bai10814,Lakshya Mangla,X1L3L8P5,23BAI10814,90.6,Percentage,8.42,CGPA,87.2,Percentage
shriya.23bai11180,Shriya Namdeo,F5Y1Z5Z3,23BAI11180,95.8,Percentage,8.42,CGPA,85.2,Percentage
kirtan.23bai10610,Kirtan Patel,T2Z8Y2D2,23BAI10610,94.0,Percentage,8.42,CGPA,81.3,Percentage
aritra.23bai10324,Aritra Mahanty,Y3T8R0I3,23BAI10324,83.6,Percentage,8.42,CGPA,79.2,Percentage
deshmukh.23bce11255,Ayush Deshmukh,H3G8X4E5,23BCE11255,79.8,Percentage,8.42,CGPA,77.17,Percentage
kasak.23bce10250,Kasak Singh,T2B6E7X3,23BCE10250,84.6,Percentage,8.42,CGPA,76.67,Percentage
ananyanair2022,Ananya Nair,Y1A2I0H7,22MIM10061,-,-,8.42,CGPA,-,-
dinesh.23bai10010,Dinesh Yadav,Z3R4K2T4,23BAI10010,-,-,8.42,CGPA,-,-
mayank.23bai10479,Mayank Pandey,E2K3J6F1,23BAI10479,-,-,8.42,CGPA,-,-
nainsy.23bai10596,Nainsy Sharma,Y6D2L9Q9,23BAI10596,-,-,8.42,CGPA,-,-
sami.23bce11116,Sami Khan,Z3Y9I0W8,23BCE11116,-,-,8.42,CGPA,-,-
vardaan.23bai10079,Vardaan Shukla,Z1R3I3V2,23BAI10079,-,-,8.42,CGPA,-,-
abhyuday.23bce11727,Abhyuday Tomar,A6J2Q8M8,23BCE11727,88.4,Percentage,8.41,CGPA,92.4,Percentage
anurag.23bce10757,Anurag Anand,D4V5B3X1,23BCE10757,83.4,Percentage,8.41,CGPA,86.0,Percentage
somya.23bcy10082,Somya Shekhar Tiwari,E4R6X7N3,23BCY10082,89.2,Percentage,8.41,CGPA,85.0,Percentage
shailendra.23bce11494,Shailendra Singh,J5M0G2S1,23BCE11494,81.8,Percentage,8.41,CGPA,82.5,Percentage
aryan.23bce11833,Aryan Mishra,P3V4M6S6,23BCE11833,90.6,Percentage,8.41,CGPA,81.8,Percentage
saanvi.23bce11681,Saanvi Dixit,O1E0L9C8,23BCE11681,85.4,Percentage,8.41,CGPA,80.0,Percentage
vedant.23bai10096,Vedant Deshmukh,Z4Z6F1W7,23BAI10096,98.6,Percentage,8.41,CGPA,76.5,Percentage
krishnaraj.23bsa10194,Krishnaraj Singh Thakur,Z5Q5L6J8,23BSA10194,86.6,Percentage,8.41,CGPA,76.4,Percentage
adarsh.23bai10126,Adarsh Kumar Singh,E1L5I6P4,23BAI10126,94.2,Percentage,8.41,CGPA,75.3,Percentage
anand.23bsa10167,Anand Vyas,R4V8P9B6,23BSA10167,77.2,Percentage,8.41,CGPA,75.0,Percentage
alok.23bce10824,ALOK TIWARI,M3L0D4N3,23BCE10824,-,-,8.41,CGPA,-,-
aniani1810205,Animesh Pandey,O2Z8E8G9,23BAI10857,-,-,8.41,CGPA,-,-
dev.23bai10310,Dev Marwah,F5R1U3W6,23BAI10310,-,-,8.41,CGPA,-,-
harshit.23bai10556,Harshit Yadav,C2N5T1I7,23BAI10556,-,-,8.41,CGPA,-,-
kushal.23bai10259,Kushal Upadhyay,M3N6L6D1,23BAI10259,-,-,8.41,CGPA,-,-
ashhar2003.khan,Mohd. Ashhar Khan,P1U0C5U9,23BAI11297,-,-,8.41,CGPA,-,-
srijan.23bce10161,Srijan Jha,Z4A0I4U2,23BCE10161,-,-,8.41,CGPA,-,-
mohak.23bce10507,Mohak Gupta,O6Y6S2O5,23BCE10507,90.0,Percentage,8.4,CGPA,90.0,Percentage
radha.23bce10804,Radha Rani,H2D7P4M4,23BCE10804,92.0,Percentage,8.4,CGPA,85.0,Percentage
shresth.23bsa10090,Shresth Jaiswal,S2N5N2P8,23BSA10090,98.6,Percentage,8.4,CGPA,81.8,Percentage
tithi.23bai10920,Tithi Semwal,X4N5O9H3,23BAI10920,91.0,Percentage,8.4,CGPA,79.0,Percentage
riya.23bce11119,Riya Patil,G4W6W8X5,23BCE11119,96.4,Percentage,8.4,CGPA,78.83,Percentage
pranaw.23bce10042,Pranaw Kumar,E6B3C4D3,23BCE10042,89.6,Percentage,8.4,CGPA,78.6,Percentage
tiwari.nikhil20,Nikhil Tiwari,R1J6I0W7,23BCE10889,94.6,Percentage,8.4,CGPA,78.2,Percentage
devavrat.23bce11193,DEVAVRAT VERMA,S5E0L4W3,23BCE11193,86.67,Percentage,8.4,CGPA,77.6,Percentage
arpit.23bce10879,Arpit verma,B1Z2F1Q7,23BCE10879,93.4,Percentage,8.4,CGPA,77.4,Percentage
omkar.23bce11229,Omkar Shastri,M3Q7O7L0,23BCE11229,95.83,Percentage,8.4,CGPA,77.2,Percentage
ayushmaan.23bai10891,Ayushmaan Gupta,V1A4B9T8,23BAI10891,91.66,Percentage,8.4,CGPA,76.33,Percentage
ashly.23bsa10117,Ashly Agrawal,E102F1L1,23BSA10117,-,-,8.4,CGPA,-,-
luvyadav2022,Luv Yadav,Z5O6X7B1,22MIM10137,-,-,8.4,CGPA,-,-
rohan.051031,Pv Rohan,A106R7F3,23BCE11428,-,-,8.4,CGPA,-,-
rhea.23bai10998,Rhea Biswas,Z5B5X6N8,23BAI10998,-,-,8.4,CGPA,-,-
satwik.23bce10611,Satwik Maiti,Z4R2D2K5,23BCE10611,90.0,Percentage,8.39,CGPA,89.0,Percentage
rajat.23bai11054,Rajat Joseph Mathew,U3Y9X1S2,23BAI11054,87.8,Percentage,8.39,CGPA,87.8,Percentage
sagnik.23bce11649,Sagnik Sahoo,T3R9R6E1,23BCE11649,90.83,Percentage,8.39,CGPA,84.6,Percentage
somil.23bce10364,Somil Asati,O3S3R4N6,23BCE10364,91.6,Percentage,8.39,CGPA,82.4,Percentage
kunal.23bce10822,Kunal Pr. Singh,D6L7W2J8,23BCE10822,90.3,Percentage,8.39,CGPA,79.4,Percentage
anamika.23bhi10161,Anamika,N1D6Q3D1,23BHI10161,-,-,8.39,CGPA,-,-
harshit.23bce11461,Harshit Kumar,Y7T3J7Y1,23BCE11461,-,-,8.39,CGPA,-,-
kashiv.ishaan,Ishaan Kashiv,K1Z3J7O0,23BCE10318,-,-,8.39,CGPA,-,-
mandira15092005,Mandira Singh,K5H4R9D4,23BEY10051,-,-,8.39,CGPA,-,-
prachi.techwork,Prachi Patel,L4D1E0N5,23BAI10905,-,-,8.39,CGPA,-,-
riya.23bey10020,Riya Chaubey,J2F0L4J8,23BEY10020,-,-,8.39,CGPA,-,-
sanskriti.23bet10037,Sanskriti Tailor,B4I5W8T2,23BET10037,-,-,8.39,CGPA,-,-
soniya.23bhi10033,Soniya Dattatray Kuchekar,W8C4M9Z5,23BHI10033,-,-,8.39,CGPA,-,-
vedant.23bai11252,Vedant Tule,M5J7M6U3,23BAI11252,-,-,8.39,CGPA,-,-
shoyuj.23bce10955,Shoyuj Sharma,O5U5B4L6,23BCE10955,91.2,Percentage,8.38,CGPA,89.83,Percentage
rituraj.23bai10023,Rituraj Singh,Z8C3N8I5,23BAI10023,94.6,Percentage,8.38,CGPA,86.4,Percentage
somya.23bai10044,Somya Malik,N5A1V0A1,23BAI10044,91.4,Percentage,8.38,CGPA,86.0,Percentage
alan.23bsa10149,Alan Pramod,Z4C3U1I5,23BSA10149,90.33,Percentage,8.38,CGPA,84.8,Percentage
hemrishi.23bce11836,Hemrishi Bhansali,J5F9D3T7,23BCE11836,88.67,Percentage,8.38,CGPA,84.4,Percentage
anurag.23bce11205,Anurag Singh,H4Z3H9P7,23BCE11205,86.6,Percentage,8.38,CGPA,83.6,Percentage
aditya.23bce10663,Aditya Dev Dwivedi,Q9N4K0V5,23BCE10663,78.8,Percentage,8.38,CGPA,80.33,Percentage
anuraag.23bai10589,Anuraag Singh,L7B4R4Q7,23BAI10589,90.2,Percentage,8.38,CGPA,78.2,Percentage
shivanand.23bce10562,Shivanand .,K1O3H8Q2,23BCE10562,83.0,Percentage,8.38,CGPA,77.6,Percentage
vanshika.23bce11463,Vanshika Dhaka,K6K1L5E2,23BCE11463,87.4,Percentage,8.37,CGPA,87.0,Percentage
trisha.23bai10117,Trisha Kukreja,L2L7J1V3,23BAI10117,89.4,Percentage,8.37,CGPA,79.83,Percentage
deepanshu.23bce10802,Deepanshu Sharawat,O4G2X5U3,23BCE10802,77.6,Percentage,8.37,CGPA,78.2,Percentage
priyanshu.23bcy10031,Priyanshu Raman,T4F0R1U4,23BCY10031,76.0,Percentage,8.37,CGPA,77.0,Percentage
aditya.23bce10492,Aditya Mazumder,L2H4Z5K2,23BCE10492,-,-,8.37,CGPA,-,-
pandeyadi2003,ADITYA PANDEY,R3F1B3J8,23BEY10054,-,-,8.37,CGPA,-,-
akshat.23bce11120,Akshat Kumar Singh,H6Q5E2Q6,23BCE11120,-,-,8.37,CGPA,-,-
anshul.23bai10507,Anshul Jain,A4O1U0Y1,23BAI10507,-,-,8.37,CGPA,-,-
arpan.23bai10022,Arpan Mathur,B4G2K6P8,23BAI10022,-,-,8.37,CGPA,-,-
koustubhpande021,Koustubh Pande,W1D6K2P5,23BCE10283,-,-,8.37,CGPA,-,-
manas.23bce11202,Manas Rai,T2O4F9G0,23BCE11202,-,-,8.37,CGPA,-,-
nitin.23bai10744,Nitin Kumar Singh,Z3Z9T9P0,23BAI10744,-,-,8.37,CGPA,-,-
prathmay.23bai10308,Prathmay Awasthi,T5K7S2A1,23BAI10308,-,-,8.37,CGPA,-,-
omni.23bai10207,Omni Sharma,K8K9V1F0,23BAI10207,91.2,Percentage,8.36,CGPA,89.6,Percentage
viya.23bce11351,Viya Sharma,F3D3D0E4,23BCE11351,94.4,Percentage,8.36,CGPA,86.0,Percentage
shubhdeep.23bce11460,Shubhdeep Singh,G3F7V6E1,23BCE11460,86.34,Percentage,8.36,CGPA,85.8,Percentage
aswinrajan1,Ashwin Rajan,S5H6S9G5,23BSA10102,100,Percentage,8.36,CGPA,85.3,Percentage
suhani.23bcy10088,Suhani Shukla,C2F9M6E7,23BCY10088,91.17,Percentage,8.36,CGPA,85.0,Percentage
manojkumar.23bcy10293,R Manoj Kumar,H1D2I7M9,23BCY10293,83.6,Percentage,8.36,CGPA,84.4,Percentage
yuvraj.23bce10169,Yuvraj Singh,Z6H2Y4B7,23BCE10169,90.8,Percentage,8.36,CGPA,83.6,Percentage
shreymittal08,Shrey Mittal,Q3Q2H3J8,23BCE10659,88,Percentage,8.36,CGPA,75,Percentage
vydev2005,Dev Vyawahare,Q4X1E9N7,23BCE11054,-,-,8.36,CGPA,-,-
sharthak.23bce10712,Sharthak Singh,Y2F1O4S8,23BCE10712,-,-,8.36,CGPA,-,-
abhay.23bce10545,Abhay Singh Chauhan,Y2S3O5N4,23BCE10545,92.0,Percentage,8.35,CGPA,96.2,Percentage
mohd.23bce10210,Mohammad Hammad Khan,C1V0S7Y6,23BCE10210,95.5,Percentage,8.35,CGPA,91.83,Percentage
subrat.23bai10495,Subrat Das,R4D3A2S1,23BAI10495,81.5,Percentage,8.35,CGPA,85.2,Percentage
anshul.23bsa10011,Anshul Bari,X3D3Y6Y0,23BSA10011,85.2,Percentage,8.35,CGPA,84.6,Percentage
kartikey.23bsa10192,Kartikey Gairola,E2L1G5C6,23BSA10192,93.0,Percentage,8.35,CGPA,79.0,Percentage
tushar.23bce10405,TUSHAR .,P1E3C4B2,23BCE10405,8.8,CGPA,8.35,CGPA,76.3,Percentage
apoorv.23bsa10060,Apoorv Kumar Singh,L1I4P4A1,23BSA10060,-,-,8.35,CGPA,-,-
priyanshu.23bce11642,Priyanshu Chakraborty,N3J0J9T4,23BCE11642,-,-,8.35,CGPA,-,-
uditya.23bce10497,Uditya Kumar Pandey,X4H7T5H9,23BCE10497,87.8,Percentage,8.34,CGPA,93.2,Percentage
shinjini.23bce10662,SHINJINI SRIVASTAVA,R3N3N7O4,23BCE10662,87.3,Percentage,8.34,CGPA,89.7,Percentage
apan.23bce10832,APAN SIROHI,Q4N2D4U7,23BCE10832,95.8,Percentage,8.34,CGPA,88.2,Percentage
stuti.23bce11150,Stuti Singhania,F2V7T5F2,23BCE11150,94.0,Percentage,8.34,CGPA,86.2,Percentage
siddhant.23bai10035,Siddhant Bhargava,K2P9R9F4,23BAI10035,91.8,Percentage,8.34,CGPA,85.2,Percentage
kanishk.23bce10560,Kanishk Sharma,O4M8T3N6,23BCE10560,87.8,Percentage,8.34,CGPA,84.6,Percentage
soumil.23bce10841,Soumil Shamak,P0M5G5Q5,23BCE10841,87.8,Percentage,8.34,CGPA,83.0,Percentage
nikhil.23bce10985,Nikhil Bendale,G1Z6G9A9,23BCE10985,86.5,Percentage,8.34,CGPA,83.0,Percentage
aryan.23bce10620,Aryan Amar,X1C7F7J2,23BCE10620,96.8,Percentage,8.34,CGPA,80.4,Percentage
anto.23bce11502,Anto Binoy Vazhayil,A6D5T9U0,23BCE11502,93.0,Percentage,8.34,CGPA,79.0,Percentage
uday.23bai10540,Uday Pratap Singh,O3U2V8J7,23BAI10540,88.2,Percentage,8.34,CGPA,77.0,Percentage
snehil.23bce11200,Snehil Priyam,R1L8G6T7,23BCE11200,78.8,Percentage,8.34,CGPA,76.4,Percentage
bhartendu.23bet10038,Bhartendu raj akarsh,D1O8I3T6,23BET10038,-,-,8.34,CGPA,-,-
kush.23bce11046,Kush Pathak,O4I2Y7O8,23BCE11046,-,-,8.34,CGPA,-,-
manya.23bai11379,Manya Chapra,J2P8C5K0,23BAI11379,-,-,8.34,CGPA,-,-
mohammad.23bsa10044,Mohammad Ibrahim Khan,P1R1C4M4,23BSA10044,-,-,8.34,CGPA,-,-
nilabh.23bai10673,Nilabh Sharma,R1U3M4Y0,23BAI10673,-,-,8.34,CGPA,-,-
asananiom27,Om Asanani,Z6E4Y2B0,22MIM10073,-,-,8.34,CGPA,-,-
parshv.23bce10807,Parshv Modi,G1X9I1L1,23BCE10807,-,-,8.34,CGPA,-,-
priyanshu.23bai10663,Priyanshu Yadav,X4Y4S6U6,23BAI10663,-,-,8.34,CGPA,-,-
promal.23bce10541,Promal Sharma,T4R8T5A7,23BCE10541,-,-,8.34,CGPA,-,-
sonika.23bce10041,Sonika Singh Tomar,E0Z8Y0O4,23bce10041,92.2,Percentage,8.56,CGPA,90.6,Percentage
vidhan.23bsa10043,Vidhan Gupta,Z2P4M4L5,23BSA10043,-,-,8.34,CGPA,-,-
shreshth.23bai10149,shreshth tiwari,F1M2Y6S5,23BAI10149,92.66,Percentage,8.33,CGPA,83.5,Percentage
muskan.23bce10014,Muskan Srivastav,C5Z5F5O5,23BCE10014,94.6,Percentage,8.33,CGPA,81.4,Percentage
ojus.23bai11323,Ojus Gupta,U6X1B4K0,23BAI11323,88.5,Percentage,8.33,CGPA,77.0,Percentage
ishan.23bce11132,Ishan Shaw,E4B1U7X4,23BCE11132,94.0,Percentage,8.33,CGPA,76.0,Percentage
akhand.23bce10860,Akhand Pratap Dwivedi,G5Q1R6U3,23BCE10860,-,-,8.33,CGPA,-,-
daisy.23bhi10184,Daisy Deka,X4O8D9X7,23BHI10184,-,-,8.33,CGPA,-,-
dhairya.23bce11723,Dhairya Patel,L3E0C8A0,23BCE11723,-,-,8.33,CGPA,-,-
dhruv.23bcg10114,Dhruv Tuli,R2E4Q5A6,23BCG10114,-,-,8.33,CGPA,-,-
gaurav.23bai10357,Gaurav Gupta,J3J3E6Z7,23BAI10357,-,-,8.33,CGPA,-,-
kriti.23bce10744,Kriti Gupta,N5U8F4Z3,23BCE10744,-,-,8.33,CGPA,-,-
kunal.23bce10924,Kunal Singh,O4Z0B1P5,23BCE10924,-,-,8.33,CGPA,-,-
nirjhala.23bsa10052,Nirjhala Mohapatra,J3H9S7V5,23BSA10052,-,-,8.33,CGPA,-,-
pranjal.23bce10499,Pranjal Rai,A9T5B1E4,23BCE10499,-,-,8.33,CGPA,-,-
raghuvanshi.23bai11110,Raghuvanshi Arnav Kundan,H4Q2J3D3,23BAI11110,-,-,8.33,CGPA,-,-
shreyansh.23bce11630,Shreyansh Shakya,O4J3Y2E6,23BCE11630,-,-,8.33,CGPA,-,-
rishika.23bai11325,Rishika Snehal,P3M9V6Z7,23BAI11325,89.4,Percentage,8.32,CGPA,88.8,Percentage
utkarsh.23bce11078,Utkarsh Sharma,D3R5T8A7,23BCE11078,84.8,Percentage,8.32,CGPA,83.8,Percentage
divit.23bce10896,Divit Rastogi,N5E4Z7L2,23BCE10896,82.66,Percentage,8.32,CGPA,82.66,Percentage
sneha.23bai10340,Sneha Sidhwani,W4M3V1O9,23BAI10340,82.6,Percentage,8.32,CGPA,80.83,Percentage
avinash.23bce10978,Avinash Rajput,V8N1G3D9,23BCE10978,83.8,Percentage,8.32,CGPA,78.6,Percentage
aman.23bce10266,Aman Aziz,H5C2G0L1,23BCE10266,92.0,Percentage,8.32,CGPA,77.2,Percentage
kushagra.23bai10987,Kushagra Bhargava,G2L0B0I7,23BAI10987,-,-,8.32,CGPA,-,-
kriti.23bai10326,kriti singh,S4R8Z6T0,23BAI10326,96.0,Percentage,8.31,CGPA,88.0,Percentage
aloukik.23bce10551,Aloukik Das,O5C7Z8E9,23BCE10551,95.2,Percentage,8.31,CGPA,86.0,Percentage
kanishka.23bce10457,Kanishka Jain,K1E8F3M2,23BCE10457,92.2,Percentage,8.31,CGPA,84.2,Percentage
aryan.23bai10982,Aryan Mathur,E5Q4W7O5,23BAI10982,91.16,Percentage,8.31,CGPA,79.8,Percentage
abhishek.23bcy10049,Abhishek Kumar,W6J2A4D8,23BCY10049,-,-,8.31,CGPA,-,-
arnav.23bhi10014,Arnav Nehra,T3LIP8N6,23BHI10014,-,-,8.31,CGPA,-,-
parth.23bce10156,Parth Jain,V3W0N2L2,23BCE10156,-,-,8.31,CGPA,-,-
athatharv.23bai10256,Atharv Dev Tripathi,E1P8C0Y9,23BAI10256,93.4,Percentage,8.3,CGPA,94.5,Percentage
rushil.23bce10752,Rushil Walia,Z5L5J6O8,23BCE10752,96.6,Percentage,8.3,CGPA,92.8,Percentage
samar.23bce10583,Samar Pratap,G7I1Z8H1,23BCE10583,89.5,Percentage,8.3,CGPA,88.2,Percentage
shreyash.23bce10334,SHREYASH DUBEY,Y3F9S4W0,23BCE10334,90.67,Percentage,8.3,CGPA,83.8,Percentage
sayali.23bcy10057,Sayali Gulhane,M6N0H6T2,23BCY10057,90.6,Percentage,8.3,CGPA,81.2,Percentage
anish.23bai10736,Anish Bhattacharjee,A2L6A8I3,23BAI10736,86.0,Percentage,8.3,CGPA,77.0,Percentage
shaurya.23bce10918,Shaurya Bhadoria,M6A1R9C6,23BCE10918,93.0,Percentage,8.3,CGPA,76.4,Percentage
aaditya.23bsa10182,Aaditya Saxena,D1T9D9S5,23BSA10182,77.4,Percentage,8.3,CGPA,75.6,Percentage
ayush.23bce11145,Ayush Verma,J2Y1G5F8,23BCE11145,-,-,8.3,CGPA,-,-
manasvi.23bai11185,Manasvi Verma,K2Z9F7A2,23BAI11185,-,-,8.3,CGPA,-,-
oaj.23bcy10275,Oaj Borwankar,P3Y3I2H1,23BCY10275,-,-,8.3,CGPA,-,-
ramkuchiya.23bey10077,Ram kuchiya,R2I0K2V4,23BEY10077,-,-,8.3,CGPA,-,-
samiksha.23bce10725,Samiksha Vijayvargiya,U2L3K0P1,23BCE10725,-,-,8.3,CGPA,-,-
ananya.23bai10927,V.S. Ananya,P2Y7L9U8,23BAI10927,92.2,Percentage,8.29,CGPA,84.6,Percentage
shashank.23bsa10038,Shashank Kumar,Q1A7Q0S4,23BSA10038,90.6,Percentage,8.29,CGPA,84.0,Percentage
shivang.23bai10238,Shivang Mishra,I4U8G2I7,23BAI10238,95.6,Percentage,8.29,CGPA,81.8,Percentage
aman.23bai10204,Aman Modi,F5L1B9M8,23BAI10204,90.8,Percentage,8.28,CGPA,86.2,Percentage
suyash.23bcy10259,SUYASH TRIPATHI,G8C9L2Z2,23BCY10259,85.2,Percentage,8.28,CGPA,84.0,Percentage
mansiverma.23bai10960,Mansi Verma,R4T0F2O2,23BAI10960,75.2,Percentage,8.28,CGPA,75.6,Percentage
sumaiyashab,Sumaiya Shabnam,O3L0T6M2,23BCE11406,83.6,Percentage,8.28,CGPA,75.4,Percentage
aman.23bce10441,Aman Kumar Yadav,G1H4N9U8,23BCE10441,-,-,8.28,CGPA,-,-
anshul.23bai10028,Anshul,F1B2W9S0,23BAI10028,-,-,8.28,CGPA,-,-
hitesh.23bai11135,Hitesh Sai B,H2N4C6T0,23BAI11135,-,-,8.28,CGPA,-,-
vedant.23bsa10114,Vedant Anand Tendulkar,L5G3Z0J8,23BSA10114,-,-,8.28,CGPA,-,-
karan.23bce10749,Karan Rai,C2H0C3E2,23BCE10749,86.0,Percentage,8.27,CGPA,79.2,Percentage
abhinav.23bai10321,Abhinav Koushik,I5J1I6B0,23BAI10321,91.4,Percentage,8.27,CGPA,78.8,Percentage
tanmay.23bai10328,Tanmay Singh,B1K6M9N6,23BAI10328,-,-,8.27,CGPA,-,-
tanmay.23bsa10193,Tanmay Soni,J3Y5P7W8,23BSA10193,-,-,8.27,CGPA,-,-
akhil.23bce11678,AKHIL ASTITVA,B1L4Y9J2,23BCE11678,-,-,8.27,CGPA,-,-
aryan.23bsa10030,Aryan Warekar,X3K3J1A5,23BSA10030,-,-,8.27,CGPA,-,-
azhanj21004,Azhan Javed,X4B4E8M3,23BAI11274,-,-,8.27,CGPA,-,-
meet.23bsa10063,MEET SHARMA,F3B1M7B2,23BSA10063,-,-,8.27,CGPA,-,-
mohit.23bai10778,Mohit Parmar,G5H5X8L5,23BAI10778,-,-,8.27,CGPA,-,-
shubham.23bsa10164,Shubham Kumar Yadav,B6A7K7J5,23BSA10164,-,-,8.27,CGPA,-,-
arnav.23bai10763,Arnav Tripathi,F3T6U0L1,23BAI10763,95.33,Percentage,8.92,CGPA,89.67,Percentage
aditya.23bce11141,Aditya Singh,D6R9F7A1,23BCE11141,88.67,Percentage,8.26,CGPA,85.4,Percentage
mayur.23bcy10151,Mayur Karanjiya,D5R0W8P2,23BCY10151,87.8,Percentage,8.26,CGPA,81.2,Percentage
ritish.23bcy10090,Ritish yadav,H2R5T6Z9,23BCY10090,96.4,Percentage,8.26,CGPA,79.2,Percentage
harsh.23bai10509,Harsh Kumar,R5U5O7K7,23BAI10509,86.7,Percentage,8.26,CGPA,78.0,Percentage
suyash.23bai10165,Suyash Soni,B5Q3Z7L9,23BAI10165,91.4,Percentage,8.26,CGPA,76.4,Percentage
arnavtripathi581,Arnav Tripathi,Q1Y2X9J8,23BCE10756,92,-,8.26,CGPA,74.2,-
dhruv.23bce10011,Dhruv Seth,Q5M0Y7P4,23BCE10011,-,-,8.26,CGPA,-,-
paretagaurav2005,Gaurav Pareta,16K1X0A7,23BAI10427,-,-,8.26,CGPA,-,-
nikhil.23bai10107,Nikhil Sirohi,E1W9F6X9,23BAI10107,-,-,8.26,CGPA,-,-
sidhant.23bai10858,Sidhant Kumar,P5B6S5W5,23BAI10858,-,-,8.26,CGPA,-,-
manojit.23bce10612,Manojit Maitra,K2N7G0I0,23BCE10612,92.4,Percentage,8.25,CGPA,88.6,Percentage
advay.23bce10596,Advay Singh,D6X9B9W3,23BCE10596,90.8,Percentage,8.25,CGPA,87.16,Percentage
gaurav.23bcy10132,Gaurav Kumar,F1Z2O8F6,23BCY10132,80.83,Percentage,8.25,CGPA,75.66,Percentage
aayush.23bce10613,Aayush Pandey,C2Q3H0F6,23BCE10613,-,-,8.25,CGPA,-,-
ishaan.23bai11097,Ishaan Pandey,Z4E3X3C0,23BAI11097,-,-,8.25,CGPA,-,-
mohit.23bce10276,Mohit Agrawal,X1O4B9D9,23BCE10276,-,-,8.25,CGPA,-,-
navneet.23bcy10030,NAVNEET SHARMA,C2M7N2E8,23BCY10030,-,-,8.25,CGPA,-,-
pranav.23bce11655,Pranav Chinnawar,G5U7Q1T5,23BCE11655,-,-,8.25,CGPA,-,-
shreya.23bcy10318,Shreya Jain,O4K2L7Q0,23BCY10318,-,-,8.25,CGPA,-,-
taher.23bai10502,Taher Batterywala,C1R6O0Z4,23BAI10502,-,-,8.25,CGPA,-,-
tanmay.23bai10341,Tanmay Agnihotri,H4S0N5C4,23BAI10341,87.5,Percentage,8.24,CGPA,85.0,Percentage
shreyash.23bai10003,Shreyash Singhai,I1X7Y1P6,23BAI10003,79.8,Percentage,8.24,CGPA,81.0,Percentage
akshat.23bce11100,Akshat Balariya,J5A2T9K1,23BCE11100,94.0,Percentage,8.24,CGPA,76.8,Percentage
mrinal.23bce11545,Mrinal Mohit,R0Z3D7W7,23BCE11545,91.2,Percentage,8.24,CGPA,75.0,Percentage
aayush.23bce11572,Aayush Tiwari,P2W8T9F8,23BCE11572,-,-,8.24,CGPA,-,-
harsh.23bce11212,Harsh,Y3U4G6K9,23BCE11212,-,-,8.24,CGPA,-,-
dadhichraghav896,Raghav Dadhich,S6K3E7Q1,23BAI10845,-,-,8.24,CGPA,-,-
shivansh.23bce11158,Shivansh Sharma,Y1Q5G2S7,23BCE11158,-,-,8.24,CGPA,-,-
tejaswi.23bai10188,Tejaswi Singh Parmar,H9N7L8Z3,23BAI10188,-,-,8.24,CGPA,-,-
vishal.23bec10063,Vishal Jadoun,D6S4J2N7,23BEC10063,-,-,8.24,CGPA,-,-
pankaj.23bcy10137,Pankaj Chhonker,G5H2B5G5,23BCY10137,94.2,Percentage,8.23,CGPA,88.6,Percentage
shubh.23bai10701,Shubh Yadav,N6J2G3O8,23BAI10701,90.33,Percentage,8.23,CGPA,87.6,Percentage
aaryaveer.23bai10323,Aaryaveer Yadav,X4J7G6J1,23BAI10323,75.0,Percentage,8.23,CGPA,86.6,Percentage
sarang.23bce10251,Sarang Sushant Pandit,J2E1Q3D6,23BCE10251,94.0,Percentage,8.23,CGPA,81.4,Percentage
vitthal.23bai10349,Vitthal Das Srivastava,Z5O5U2U1,23BAI10349,93.8,Percentage,8.23,CGPA,78.2,Percentage
ishmeet.23bcy10214,Ishmeet Kaur,V9W5O8Z4,23BCY10214,-,-,8.23,CGPA,-,-
mithijain22405,Mithi jain,D5O7Q7B9,23BCE11750,-,-,8.23,CGPA,-,-
payoshi.23bce10976,Payoshi gupta,Y1D4S9K5,23BCE10976,-,-,8.23,CGPA,-,-
vaishali.23bce11303,vaishali negi,W3K4U6T4,23BCE11303,-,-,8.23,CGPA,-,-
nanda.23bai11009,Nanda K,W3C4U0X7,23BAI11009,94.8,Percentage,8.22,CGPA,81.8,Percentage
shambhavi.23bai10405,Shambhavi Dubey,G1N1Z0T2,23BAI10405,86.0,Percentage,8.22,CGPA,80.8,Percentage
krishank.23bai10417,Krishank Dubey,Q6J8G3C9,23BAI10417,91.4,Percentage,8.22,CGPA,78.6,Percentage
manaswi.23bcy10258,Manaswi Suraskar,A1B7K3M9,23BCY10258,94.2,Percentage,8.22,CGPA,76.5,Percentage
harisankar2022,Harisankar G,G2T9P7C4,22MIM10063,-,-,8.22,CGPA,-,-
himanshu.23bce10343,Himanshu Rathore,I1I4H8N4,23BCE10343,-,-,8.22,CGPA,-,-
pradumya.23bai11095,Pradumya salunke,Q4B2E9S4,23BAI11095,-,-,8.22,CGPA,-,-
shriyash.23bce11284,Shriyash Joshi,B1Y4N6s3,23BCE11284,-,-,8.22,CGPA,-,-
aabhash.23bai10416,Aabhash Rahut,K3M6D4K6,23BAI10416,94.0,Percentage,8.21,CGPA,87.6,Percentage
bhargav.23bcy10103,Bhargav Naidu.S,O2W3E6T4,23BCY10103,83.0,Percentage,8.21,CGPA,86.1,Percentage
shruti.23bce10414,Shruti Yadav,E5T2X9K2,23BCE10414,92.8,Percentage,8.21,CGPA,81.8,Percentage
shriyash.23bce10547,Shriyash Akhil,W1Q6I9H5,23BCE10547,91.4,Percentage,8.21,CGPA,79.2,Percentage
abhyudit.23bce11479,Abhyudit deo singh,I2C6A5F4,23bce11479,-,-,8.21,CGPA,-,-
anjali.23bcy10101,Anjali Kumari,T2M0R0N5,23BCY10101,-,-,8.21,CGPA,-,-
ipshita.23bce11436,IPSHITA GARG,M3G7I2M3,23BCE11436,-,-,8.21,CGPA,-,-
shrey.23bce10643,Shrey raj pranami,Z3UOJ7A4,23BCE10643,-,-,8.21,CGPA,-,-
vitthal.23bai10349,Vitthal Das Srivastava,Z5O5U2U1,23bai10349,-,-,8.21,CGPA,-,-
Somarajupalli.23bcy10023,Nihal Somarajupalli,B9K3K1K7,23BCY10023,83.0,Percentage,8.2,CGPA,91.2,Percentage
suhridpaulofficial,Suhrid Paul,Q3B4U2J4,23BCE11326,97.8,Percentage,8.2,CGPA,86.0,Percentage
pradhyumn.23bce10473,Pradhyumn Gurjar,D1I2S1Q6,23BCE10473,94.8,Percentage,8.2,CGPA,85.6,Percentage
yash.23bai10166,Yash Vardhan Ruia,X4N8G8E6,23BAI10166,92.0,Percentage,8.2,CGPA,84.3,Percentage
ashvin.23bai10442,Ashvin Singh,I1S2H1D0,23BAI10442,90.8,Percentage,8.2,CGPA,77.4,Percentage
krish.23bce11703,Krish Gursahani,Y2V2H9D4,23BCE11703,90.66,Percentage,8.2,CGPA,77.2,Percentage
jatin.25mca10080,Jatin Guleria,M4E7V3J5,25mca10080,-,-,8.2,CGPA,-,-
nabh.23bce10635,Nabh Garg,Z2X7G0N3,23BCE10635,-,-,8.2,CGPA,-,-
shreya.25mca10105,Shreya Singh,C4Z1M8L4,25MCA10105,-,-,8.2,CGPA,-,-
punit.23bsa10093,Punit Baldia,W1U3K0V0,23BSA10093,80.8,Percentage,8.19,CGPA,84.4,Percentage
daksh.23bce10696,Daksh Vyas,R4L0Z5L5,23BCE10696,81.2,Percentage,8.19,CGPA,82.8,Percentage
kuldeep.23bsa10129,Kuldeep Dhangad,G4C9T9H6,23BSA10129,82.6,Percentage,8.19,CGPA,79.6,Percentage
vaishnav.23bce11411,Vaishnav Sreekumar,Y5D8A5F4,23BCE11411,91.0,Percentage,8.19,CGPA,76.0,Percentage
aanya.23bhi10185,Aanya Sharma,C2N4G4K9,23BHI10185,-,-,8.19,CGPA,-,-
aman.23bcy10119,Aman Kumar Gupta,M2P4I9S7,23BCY10119,-,-,8.19,CGPA,-,-
anuj.23bce10738,Anuj Kumar Singh,D6H5H8B5,23BCE10738,-,-,8.19,CGPA,-,-
aryan.23bce11203,Aryan Omprakash Kaminwar,O1G3E7B5,23BCE11203,-,-,8.19,CGPA,-,-
piyush.23bce10572,Piyush Kumar,S2T3D7G1,23BCE10572,-,-,8.19,CGPA,-,-
gourav.23bcy10094,Gourav Agarwal,D2I4O7I7,23BCY10094,96.5,Percentage,8.18,CGPA,92.6,Percentage
nayan.23bce11071,Nayan Kumar Shukla,V3T1J1Y1,23BCE11071,92.8,Percentage,8.18,CGPA,84.2,Percentage
ishita.23bce11198,Ishita Saxena,E3N8T0M3,23BCE11198,94.8,Percentage,8.17,CGPA,86.4,Percentage
alok.23bai10611,Alok Kumar Yadav,X2P3S4X2,23BAI10611,83.6,Percentage,8.17,CGPA,81.16,Percentage
paras.23bai11408,Paras Singh,Q1K3S1P0,23BAI11408,86.0,Percentage,8.17,CGPA,80.8,Percentage
aryan.23bce10540,Aryan Singh,R1G2G7Q6,23BCE10540,90.0,Percentage,8.17,CGPA,78.4,Percentage
adityasnkr1,Aditya Yadav,I1M1K4H0,23BCE10998,-,-,8.17,CGPA,-,-
karan.23bcy10232,Karan singh,F4C9G415,23bcy10232,-,-,8.17,CGPA,-,-
rakesh.23bce11322,RAKESH KUMAR,X1B8F4N4,23BCE11322,-,-,8.17,CGPA,-,-
lakshya.23bce10957,Lakshya Gupta,D1W8U7X3,23BCE10957,93.6,Percentage,8.16,CGPA,81.0,Percentage
saumojyoti.23bai11065,Saumojyoti Chakraborty,D4F5L7D0,23BAI11065,92.6,Percentage,8.16,CGPA,75.6,Percentage
dhawal.23bcy10294,Dhawal Kachhwaha,A4H1G1X7,23BCY10294,-,-,8.16,CGPA,-,-
madhav.23bce11661,Madhav Dubey,Q9X7V4R8,23BCE11661,91.4,Percentage,8.15,CGPA,82.0,Percentage
harshvardhan.23bce10913,Harshvardhan Singh Thakur,G5G2Y3L5,23BCE10913,86.0,Percentage,8.15,CGPA,79.2,Percentage
manash.23bce11223,Manash Das,Y1H7R8I0,23BCE11223,90.8,Percentage,8.15,CGPA,78.0,Percentage
sagar.23bce11222,Sagar Porwal,I3A1O0K8,23BCE11222,92.5,Percentage,8.15,CGPA,76.8,Percentage
ayush.23bcy10174,Ayush Ranjan,D5Z7U0W6,23BCY10174,-,-,8.15,CGPA,-,-
kartikey.23bsa10082,Kartikey Bisht,U4A5Z0U5,23BSA10082,-,-,8.15,CGPA,-,-
srishti.23bce11285,Srishti Sharma,L1S3K3D2,23BCE11285,-,-,8.15,CGPA,-,-
viraj.23bhi10078,VIRAJ GHOLAP,E5N4K9T4,23BHI10078,-,-,8.15,CGPA,-,-
krishna.23bai10748,krishna khajuria,E2E1R4Y8,23BAI10748,88.2,Percentage,8.14,CGPA,81.4,Percentage
avinash.23bcy10006,AVINASH KUMAR SINGH,Y1X8K0F5,23BCY10006,-,-,8.14,CGPA,-,-
avish.23bai10091,Avish Sinha,T2V7O8C7,23BAI10091,-,-,8.14,CGPA,-,-
gargi.23bce10655,Gargi Sharma,M3A7B6V8,23BCE10655,-,-,8.14,CGPA,-,-
shashwat.23bcg10086,Shashwat,U3Z5I1E2,23BCG10086,-,-,8.14,CGPA,-,-
vaidika.23bai10948,Vaidika Thakur,Y3C1Z3P0,23BAI10948,-,-,8.14,CGPA,-,-
adarsh.23bai10281,Adarsh Jaiswal,O8A0U2E7,23BAI10281,88.4,Percentage,8.13,CGPA,83.2,Percentage
aditi.23bai10354,Aditi Srivastava,K3J4K8F3,23BAI10354,87.6,Percentage,8.13,CGPA,77.8,Percentage
divyesh.23bcg10107,Divyesh Gajanan Gaygol,Q6O1P9M3,23BCG10107,-,-,8.13,CGPA,-,-
harsh.23bsa10039,Harsh Kumar Nimesh,T2X8L4K8,23BSA10039,-,-,8.13,CGPA,-,-
kunal.23bce10805,Kunal Singh,H1F6H1N0,23BCE10805,84.8,Percentage,8.12,CGPA,80.8,Percentage
azizur.23bai10674,Azizur Rahman,C1Z0L3S2,23BAI10674,84.2,Percentage,8.12,CGPA,80.0,Percentage
aakashyadav1098642,Aakash Yadav,A3V5W5K7,23BAI10153,-,-,8.12,CGPA,-,-
abhilash.23bce11155,Abhilash Choudhary,L1H6G0H8,23BCE11155,-,-,8.12,CGPA,-,-
bhavya.23bai10957,BHAVYA SINGH,Q1G4U4O5,23BAI10957,-,-,8.12,CGPA,-,-
dhruv.23bey10057,Dhruv Panwar,W3Q7L9O4,23BEY10057,-,-,8.12,CGPA,-,-
meetvachhani2022,Meet Vachhani,C6O4V2D0,22MIM10069,-,-,8.12,CGPA,-,-
piyush.23bai10959,piyush kumar,O2M2N4F4,23BAI10959,-,-,8.12,CGPA,-,-
souparnika.23bac10006,S SOUPARNIKA,S2X8W4R9,23BAC10006,-,-,8.12,CGPA,-,-
sainyam.23bce10928,Sainyam Bansal,R3S2L6U0,23BCE10928,-,-,8.12,CGPA,-,-
shailendra.23bai10842,Shailendra Singh Shaktawat,B6R5F7M6,23BAI10842,-,-,8.12,CGPA,-,-
shreya.23bai11038,Shreya gaur,D3J5I5S3,23BAI11038,-,-,8.12,CGPA,-,-
mayank.23bce11379,Mayank Agrawal,B5P4J8Y0,23BCE11379,91.0,Percentage,8.11,CGPA,81.8,Percentage
shaik.23bai10809,Shaik Mohammad Sajjad,G5O3T7C2,23BAI10809,91.0,Percentage,8.11,CGPA,75.2,Percentage
kanak.23bcy10276,Kanak Soni,I2R4A5U9,23BCY10276,-,-,8.11,CGPA,-,-
krish.23bce11265,Krish Singh Sengar,H4L7R8V9,23BCE11265,-,-,8.11,CGPA,-,-
tanish.23bcy10051,Tanish Dua,U4V7O2Y9,23BCY10051,-,-,8.11,CGPA,-,-
preksha.23bce10948,Preksha Agarwal,X2G2L9L7,23BCE10948,88.33,Percentage,8.1,CGPA,83.4,Percentage
harsh.23bai11071,Harsh Prasad,J3Z9K5T3,23BAI11071,85.8,Percentage,8.1,CGPA,79.0,Percentage
aayushi.23bai10234,Aayushi Shrivastava,Y1L0O7C6,23BAI10234,89.8,Percentage,8.1,CGPA,78.8,Percentage
aditee.23bce11417,Aditee Srivastava,V2L0T7X4,23BCE11417,78.2,Percentage,8.1,CGPA,75.8,Percentage
anshuman.23bce11468,Anshuman Nayak,E2R2G0W3,23BCE11468,89.0,Percentage,8.1,CGPA,75.5,Percentage
adarsh.23bai10486,Adarsh Patel,W1B1J4W2,23BAI10486,92.5,Percentage,8.1,CGPA,75.16,Percentage
joel.23bce11726,Joel J Varghese,D2U3H8A6,23BCE11726,-,-,8.1,CGPA,-,-
naman.23bce11560,Naman Porwal,J3N9K4Y2,23BCE11560,-,-,8.1,CGPA,-,-
syed.23bce10981,SYED TAHA RIZVI,F3A0C7C5,23BCE10981,-,-,8.1,CGPA,-,-
tanush.23bai10320,Tanush Aggarwal,G5E8K4J9,23BAI10320,85.2,Percentage,8.07,CGPA,76.0,Percentage
tushit.23bey10049,Tushit Tiwari,T3F9E3G6,23BEY10049,-,-,8.1,CGPA,-,-
shubh.23bce11032,Shubh Gupta,H2L0J7T7,23BCE11032,89.4,Percentage,8.09,CGPA,86.0,Percentage
kumar.23bsa10005,Kumar Aryan,R4Q2M5S8,23BSA10005,95.4,Percentage,8.09,CGPA,83.6,Percentage
riya.23bce11499,Riya Agarwal,H4T4B9P2,23BCE11499,94.0,Percentage,8.09,CGPA,79.0,Percentage
hardik.23bce10740,HARDIK JAIN,V6L9T3V8,23BCE10740,89.0,Percentage,8.09,CGPA,78.0,Percentage
himanshu.23bai10855,HIMANSHU MISHRA,E3W4V3B7,23BAI10855,80.83,Percentage,8.09,CGPA,76.8,Percentage
suryansh.23bai11318,Suryansh Soni,I4A6D9H4,23BAI11318,88.0,Percentage,8.09,CGPA,76.2,Percentage
ayasha.23bce10798,Ayasha Mishra,U3X3S4T5,23BCE10798,94.0,Percentage,8.09,CGPA,75.4,Percentage
abhashchakraborty2022,Abhash Chakraborty,I6K2W3F9,22MIM10045,-,-,8.09,CGPA,-,-
birajdar.23bce10820,Abhinav Birajdar,W2H2J3W5,23BCE10820,-,-,8.09,CGPA,-,-
kartik.23bce11133,Kartik Saxena,J1O4G2N5,23BCE11133,-,-,8.09,CGPA,-,-
dhruv.23bai10773,Dhruv Kumar Singh,S4Y3O3J3,23BAI10773,87.0,Percentage,8.08,CGPA,83.0,Percentage
aditsinghrathore1,Adit Singh Rathore,W4A6V4W3,23BCE10238,-,-,8.08,CGPA,-,-
deshmukh.23bai10918,Dhara Deshmukh,N1H3K1T6,23BAI10918,-,-,8.08,CGPA,-,-
safal.23bcy10248,Safal Chaturvedi,Y3S2T8X5,23BCY10248,-,-,8.08,CGPA,-,-
shaik.25mcf10003,SK LATHEEF BABA,F8H7R9O3,25MCF10003,-,-,8.08,CGPA,-,-
sushmitamandloi2022,Sushmita Mandloi,U4WITOR3,22MIP10099,-,-,8.08,CGPA,-,-
anshika.23bai10144,Anshika Garg,Z4Q4K0B5,23BAI10144,92.8,Percentage,8.07,CGPA,81.0,Percentage
nitin.23bce10581,Nitin Yadav,T1D4P1U9,23BCE10581,85.8,Percentage,8.07,CGPA,79.8,Percentage
pranav.23bce11621,Pranav Dubey,K1A4E2U6,23BCE11621,89.0,Percentage,8.07,CGPA,78.8,Percentage
kousumi.23bce11147,Kousumi Mondal,L4K9G7R6,23BCE11147,-,-,8.07,CGPA,-,-
niharika.23bce11230,Niharika Pandey,F6C4R5Q2,23BCE11230,-,-,8.07,CGPA,-,-
pratik.23bce11399,Pratik Kolhe,I1X9M4U8,23BCE11399,-,-,8.07,CGPA,-,-
rishabh.23bcy10271,Rishabh Arora,T4J5M6F1,23BCY10271,-,-,8.07,CGPA,-,-
simran.23bce11525,Simran Vinodkumar Ahirwar,P5P6C4A4,23BCE11525,-,-,8.07,CGPA,-,-
anvitha.23bai10942,Anvitha Chaganti,V2F1N3A2,23BAI10942,-,-,8.06,CGPA,-,-
aryanam.23bce10329,Aryaman Sharma,D6Q9J4K2,23BCE10329,-,-,8.06,CGPA,-,-
avnish.23bai10628,Avnish Agrawal,VILIY9D8,23BAI10628,-,-,8.06,CGPA,-,-
diksha.23bai11342,Diksha Damahe,Z1V6G8O0,23BAI11342,-,-,8.06,CGPA,-,-
nehal.23bet10030,Nehal Yadav,N2J8C5G2,23BET10030,-,-,8.06,CGPA,-,-
shaik.23bai11096,SM IRFAN,F3V7C8M2,23BAI11096,-,-,8.06,CGPA,-,-
kavyansh.23bce11762,KAVYANSH KAPOOR,J9E0R8N5,23BCE11762,92.0,Percentage,8.05,CGPA,85.2,Percentage
aryansh.23bai10824,Aryansh Dutta,C4U9W3R4,23BAI10824,90.0,Percentage,8.05,CGPA,79.4,Percentage
vaishnavi.23bce11488,Vaishnavi Ubarhande,G5W1H8G9,23BCE11488,-,-,8.05,CGPA,-,-
vikram.23bce10670,VIKRAM YADAV,B4F0D9C3,23BCE10670,91.6,Percentage,8.04,CGPA,92.2,Percentage
sagnik.23bai10627,Sagnik Chowdhury,R5K9K7E0,23BAI10627,95.8,Percentage,8.04,CGPA,88.4,Percentage
amit.23bcg10004,Amit Kumar Gupta,B6D1P2I1,23BCG10004,-,-,8.04,CGPA,-,-
sshikhar2005,Shikhar Sharma,U2X9K5R5,23BCE10108,-,-,8.04,CGPA,-,-
shivkumar2022,Shiv Kumar,U3X9C4A6,22MIP10050,-,-,8.04,CGPA,-,-
saksham.23bai10129,Saksham Trivedi,U2R0Y9G8,23BAI10129,94.0,Percentage,8.03,CGPA,89.8,Percentage
uday.23bce11299,UDAY PRATAP SINGH CHAUHAN,Q5X1F9Z5,23BCE11299,78.2,Percentage,8.03,CGPA,85.2,Percentage
saiyam.23bce11173,Saiyam Thakur,X3N4I3J4,23BCE11173,89.4,Percentage,8.03,CGPA,79.6,Percentage
shlok.23bai10289,SHLOK DHANOKAR,L6Z9L7L4,23BAI10289,86.0,Percentage,8.03,CGPA,78.0,Percentage
harsh.23bce11192,Harsh Shringi,D3Z8Y8D0,23BCE11192,-,-,8.03,CGPA,-,-
lovesh.23bai10985,Lovesh Chittora,Z5L8Z7T8,23BAI10985,-,-,8.03,CGPA,-,-
sparsh.23bai10631,Sparsh Srivastava,C4E2A8F5,23BAI10631,-,-,8.03,CGPA,-,-
vaibhavi.23bce11552,Vaibhavi Sachin Pathak,L4B5S9G8,23BCE11552,-,-,8.03,CGPA,-,-
krishna.25mca10012,Krishna Prajapati,X3U8A5S6,25MCA10012,-,-,8.02,CGPA,-,-
sejal.23bai10851,Sejal Srivastava,V6Y9W9G5,23BAI10851,-,-,8.02,CGPA,-,-
arush.23bce10472,Arush Nandakumar Menon,I4W0P0K8,23BCE10472,77.4,Percentage,8.01,CGPA,87.0,Percentage
akshaya.23bcy10304,Akshaya Verma,O5H5K0K7,23BCY10304,81.0,Percentage,8.01,CGPA,76.8,Percentage
aasim.23bcy10035,Aasim ullah khan,G3V0Q5Y2,23BCY10035,-,-,8.01,CGPA,-,-
abhinandangavali310,Abhinandan Anil Gavali,Q3R4UIN7,22MEI10071,-,-,8.01,CGPA,-,-
adhirajsengar2601,Adhiraj Sengar,I3G3W2E2,23BCE11345,-,-,8.01,CGPA,-,-
ashutosh.23bce10394,Ashutosh Kumar Singh,L3J8G8P7,23BCE10394,-,-,8.01,CGPA,-,-
dipanjan.23bai11188,Dipanjan Choudhury,E4E3Y3S3,23BAI11188,-,-,8.01,CGPA,-,-
divyanshuprakashsharma2022,DIVYANSHU PRAKASH SHARMA,G3Q0P7U1,22MIP10098,-,-,8.01,CGPA,-,-
harsh.23bce10736,Harsh Kumar,B4Q8W5C5,23BCE10736,-,-,8.01,CGPA,-,-
harshit.23bcg10017,Harshit Raj Ratan Singh,C6R8E3V5,23BCG10017,-,-,8.01,CGPA,-,-
munish.23bce10925,Munish Upadhyay,Q3G4R1R3,23BCE10925,-,-,8.01,CGPA,-,-
vansh.23bai10078,Vansh jain,R1Z0A6O2,23BAI10078,-,-,8.01,CGPA,-,-
vaibhav.23bai10108,Vaibhav Tiwari,N1B7J5V6,23BAI10108,92.4,Percentage,8.0,CGPA,97.0,Percentage
ishan.23bce11718,Ishan Rai,P3D1A6H8,23BCE11718,86.2,Percentage,8.0,CGPA,79.6,Percentage
saksham.23bai11244,Saksham Agarwal,I1K9C7P3,23BAI11244,-,-,8.0,CGPA,-,-
vedantsachindeshmukh2022,Vedant Deshmukh,I4F2B6W8,22MIM10043,-,-,8.0,CGPA,-,-
akul.23bai10193,Akul chaudhary,L6V2B1B7,23BAI10193,82.0,Percentage,7.99,CGPA,87.0,Percentage
deviyansh.23bce11167,Deviyansh Rajpurohit,B4P9F4D4,23BCE11167,89.6,Percentage,7.99,CGPA,84.4,Percentage
atharva.23bai10583,Atharva Vijay Deore,L5H2X4B3,23BAI10583,89.6,Percentage,7.99,CGPA,82.0,Percentage
aditya.23bai10902,Aditya Hatwar,Q3U4N6Z0,23BAI10902,-,-,7.99,CGPA,-,-
mukul.23bce10297,Mukul Singhal,F1M0Q8T0,23BCE10297,-,-,7.99,CGPA,-,-
rahul.23bey10082,Rahul Kumar,F3W3Z1O1,23BEY10082,-,-,7.99,CGPA,-,-
rishabh.23bce11507,Rishabh Chaturvedi,H4M7M2T0,23BCE11507,-,-,7.99,CGPA,-,-
shyam.23bce10146,Shyam Chore,E1G6U8E4,23BCE10146,-,-,7.99,CGPA,-,-
prathvi.23bsa10100,Prathvi Raj Singh Rathod,Z4V9I4B5,23BSA10100,92.6,Percentage,7.98,CGPA,85.2,Percentage
anadisatyam.23bce10615,Anadisatyam Hari Om,X5M4J6Y7,23BCE10615,95.0,Percentage,7.98,CGPA,80.0,Percentage
muskanyadav2022,Muskan Yadav,W5B3W5A9,22MIP10093,-,-,7.98,CGPA,-,-
kartik.23bce10916,Kartik Singh,K4H6F0L0,23BCE10916,91.6,Percentage,7.97,CGPA,79.0,Percentage
mohammad.23bai10510,Mohammad Kaif,B2F7A1Z1,23BAI10510,84.17,Percentage,7.97,CGPA,77.83,Percentage
ashmit.23bcg10023,Ashmit saxena,F2Y6Y2J5,23BCG10023,-,-,7.97,CGPA,-,-
malluvalasa.23bce11144,M SATHWIK,D5F2M0G0,23BCE11144,-,-,7.97,CGPA,-,-
manjeet.23bai10447,Manjeet Singh,T2K3T0B0,23BAI10447,-,-,7.97,CGPA,-,-
sanskar.23bce11578,Sanskar Kumawat,H4G8B9V9,23BCE11578,-,-,7.97,CGPA,-,-
shikhar.23bce11064,Shikhar Shukla,E3T0U4A5,23BCE11064,-,-,7.97,CGPA,-,-
siddhesh.23bsa10048,Siddhesh Vilas Avhad,Y3J3H2L6,23BSA10048,-,-,7.97,CGPA,-,-
rohit20456,Thiruveedula Rohit,Q1N0D0D7,22MIM10056,-,-,7.97,CGPA,-,-
manish.23bcy10046,Manish Satish Payaprapp,Z4X5Z2D0,23BCY10046,85.44,Percentage,7.96,CGPA,80.66,Percentage
shashank.23bce10760,Shashank Pandey,O2Z2O8F3,23BCE10760,90.5,Percentage,7.96,CGPA,76.34,Percentage
akshjeet.23bai10910,Akshjeet Gakrey,S4M8Z2D2,23BAI10910,-,-,7.96,CGPA,-,-
pravarsh.23bce11025,PRAVARSH PRATEEK,I3H1U8F5,23BCE11025,92.0,Percentage,7.95,CGPA,77.0,Percentage
deshdeep.23bai11333,Deshdeep Negi,F3W3R0L2,23BAI11333,-,-,7.95,CGPA,-,-
mahijith.23bce11465,Mahijith Chowdhury,Q6Y2L7D3,23BCE11465,-,-,7.95,CGPA,-,-
pragyan.23bce10905,Pragyan Bhatt,Y9D6U3H5,23BCE10905,-,-,7.95,CGPA,-,-
tanmay.23bcy10346,Tanmay sharma,X5R1V4Y3,23BCY10346,-,-,7.95,CGPA,-,-
yash.23bce11008,Yash Shivnani,U2T5F1F7,23BCE11008,-,-,7.95,CGPA,-,-
yashita.23bai10368,yashita sharma,P4G6Y2Y5,23BAI10368,93.8,Percentage,7.94,CGPA,78.6,Percentage
aditya.23bce11030,Aditya Rajkumar Singh,J1O9V6J1,23BCE11030,-,-,7.94,CGPA,-,-
amreshwar.23bai10265,AMRESHWAR SINGH,G3K8D8Y2,23BAI10265,90.33,Percentage,7.97,CGPA,81.8,Percentage
aditya.23bai10338,Aditya Pradhan,S3Q8X9B5,23BAI10338,-,-,7.93,CGPA,-,-
nikhilvangaveti2022,Nikhil Vangaveti,L3H7S0X0,22MIM10116,-,-,7.93,CGPA,-,-
rivi.23bai11301,Rivi Gaur,C3G2Z8T4,23BAI11301,-,-,7.93,CGPA,-,-
diwakar.23bai10253,Diwakar Mishra,T5D1U9Z0,23BAI10253,92.0,Percentage,7.92,CGPA,83.4,Percentage
mrinal.23bce11280,Mrinal Puri,X2P7G1J2,23BCE11280,-,-,7.92,CGPA,-,-
nikhil.23bai10597,NIKHIL KUMAR,K5X5N8V3,23BAI10597,-,-,7.92,CGPA,-,-
upparapalli.23bce11593,Rohith Sreepathi,H5B1N3T8,23BCE11593,100.0,Percentage,7.91,CGPA,94.0,Percentage
shubham.23bai10600,shubham kumar,K4K6Z7L1,23BAI10600,90.2,Percentage,7.91,CGPA,87.6,Percentage
vaibhav.23bai10482,Vaibhav Gupta,T2M8E9M1,23BAI10482,93.8,Percentage,7.91,CGPA,80.4,Percentage
nandini.23bce11414,Nandini Srivastava,E4N9X1S6,23BCE11414,90.1,Percentage,7.91,CGPA,77.67,Percentage
saaksham.23bsa10166,Saaksham Kindra,O5K5I4R4,23BSA10166,93.0,Percentage,7.91,CGPA,75.4,Percentage
jaabir.23bhi10150,Md Jaabir Islam,L5W4U9K9,23BHI10150,-,-,7.91,CGPA,-,-
samarth.23bce11710,Samarth Srivastava,H1Z2N3F2,23BCE11710,-,-,7.91,CGPA,-,-
mazumdaraishwarya3722,Aishwarya Mazumdar,L3H1W3V0,23BAI11041,-,-,7.9,CGPA,-,-
vishwaschouhan1284,Vishwas Chouhan,B6D4I2C6,23BCE10111,-,-,7.9,CGPA,-,-
vedant.23bai11349,Vedant Vyas,V1Y3W3W5,23BAI11349,88.0,Percentage,7.89,CGPA,77.4,Percentage
varnikumar.23bai10974,Patel Varnikumar Rajendrakumar,J5G4B4M3,23BAI10974,-,-,7.88,CGPA,-,-
sayan.23bcy10058,Sayan Ghosh,E2F9A6P5,23BCY10058,-,-,7.88,CGPA,-,-
sayan.23bce11702,SAYAN SAHA,G4U9V3G4,23BCE11702,82.0,Percentage,7.87,CGPA,86.0,Percentage
arnav.23bce10464,Arnav Raj,C4D5D2W4,23BCE10464,88.0,Percentage,7.87,CGPA,82.0,Percentage
akshata.23bce10652,Akshata Yadav,S5X6B5Y7,23BCE10652,-,-,7.87,CGPA,-,-
aryan.ajwani,Aryan Ajwani,F2L0P2B7,23BCE10557,-,-,7.86,CGPA,-,-
krishna.23bce10339,Krishna,L5Z5S7L2,23bce10339,-,-,7.86,CGPA,-,-
tanishq.23bce10131,Tanishq Kumar Gupta,U1G1F5J5,23BCE10131,-,-,7.86,CGPA,-,-
utkarsh.23bai11049,Utkarsh Sharma,S4K0R2T1,23BAI11049,-,-,7.86,CGPA,-,-
uddhav.23bai10146,Uddhav Gupta,O5F7B4M4,23BAI10146,88.0,Percentage,7.85,CGPA,86.0,Percentage
riya.23bai10432,RIYA GARG,F4X3H4R6,23BAI10432,84.0,Percentage,7.85,CGPA,80.0,Percentage
pranavkarra2006,Pranav Karra,W2R2X2K2,23BCE10775,-,-,7.85,CGPA,-,-
ashlesha.23bsa10207,Ashlesha Kamal,V4Z5F2W0,23BSA10207,-,-,7.84,CGPA,-,-
harsh.23bai10199,Harsh Sahu,K6C9L6A3,23BAI10199,-,-,7.84,CGPA,-,-
sarthak.23bcy10077,Sarthak Singh,X1I5F3A1,23BCY10077,91.0,Percentage,7.83,CGPA,81.4,Percentage
aryan.23bce10675,Aryan Khandelwal,Q3B5A2Z8,23BCE10675,83.6,Percentage,7.83,CGPA,77.6,Percentage
sheth.23bhi10181,Jiya Sheth,I5X0I7M5,23BHI10181,-,-,7.83,CGPA,-,-
suryansh.23bce11409,Suryansh Kumar,A2X1J5X4,23BCE11409,-,-,7.83,CGPA,-,-
ninad.23bce10350,Ninad Nemawarkar,D2Q6D9Z1,23BCE10350,85.16,Percentage,7.82,CGPA,81.2,Percentage
yash.23bce10699,Yash Saxena,C3H3T4E2,23BCE10699,90.4,Percentage,7.82,CGPA,79.4,Percentage
sumit.23bce10330,Sumit Kumar Panika,P2P8R8I9,23BCE10330,-,-,7.82,CGPA,-,-
ankit.23bce10519,Ankit kumar,J1Q3B5H7,23BCE10519,88.4,Percentage,7.81,CGPA,92.6,Percentage
sj666526,Shreya Jain,H2L4O0U2,22MIM10112,-,-,7.81,CGPA,-,-
prateek.23bai10374,Prateek Ranjan,Q4L5V9V8,23BAI10374,-,-,7.8,CGPA,-,-
bhugul.23bai11149,Trupti Bhugul,L4W4N0J7,23BAI11149,-,-,7.8,CGPA,-,-
adish.23bai10268,Adish Hussain,D5D8P4F8,23BAI10268,84.4,Percentage,7.8,CGPA,75.2,Percentage
anurag.23bai11143,Anurag Goyal,R3J1R8F9,23BAI11143,-,-,7.79,CGPA,-,-
gopalmakwana2022,Gopal Makwana,P4W7K6L9,22MIP10088,-,-,7.79,CGPA,-,-
himanshukesarwani0654,Himanshu Kesarwani,W4I9T4L8,23BCY10044,-,-,7.79,CGPA,-,-
ravi.23bce10573,Ravi Vishwakarma,M6F3E8Q4,23BCE10573,-,-,7.79,CGPA,-,-
vishal.23bsa10209,Vishal yadav,H2V2U3L1,23BSA10209,-,-,7.79,CGPA,-,-
alisha.23bce10239,Alisha Basa,A8D3Q7D2,23BCE10239,97.0,Percentage,7.78,CGPA,93.8,Percentage
Shubham.23bai11144,Shubham Yadav,E4Y0I6T0,23BAI11144,86.66,Percentage,7.78,CGPA,77.6,Percentage
sunil.23bce11250,Sunil Yadav,Z3B7X3J4,23BCE11250,-,-,7.78,CGPA,-,-
sumit.23bce10559,SUMIT,Z4M5W9S8,23BCE10559,87.6,Percentage,7.76,CGPA,91.6,Percentage
impankajshuk,Pankaj Shukla,P1U2T5R9,23BAI10047,93.8,Percentage,7.74,CGPA,82.2,Percentage
aditya.23bai10061,Aditya .,A3Z7W4X9,23BAI10061,83.2,Percentage,7.74,CGPA,76.8,Percentage
kataru.23bcy10225,Kataru Saiheramb Sreedhar,M4L9K2Z8,23BCY10225,-,-,7.74,CGPA,-,-
partha.23bce11271,Partha Pratim Bhakat,J3Y7I8C0,23BCE11271,-,-,7.74,CGPA,-,-
sanjith.23bce11149,Sanjith moos,C5A4D3K7,23bce11149,-,-,7.74,CGPA,-,-
snehasish.23bcy10142,Snehasish Shaw,Y3O1L7G3,23BCY10142,88.6,Percentage,7.73,CGPA,87.5,Percentage
akash.23bce10070,AKASH KUMAR,F2Q5P5H9,23BCE10070,-,-,7.73,CGPA,-,-
Tejasvi.23bai10681,Tejasvi Gupta,G4V6Y7Z2,23BAI10681,94.3,Percentage,7.72,CGPA,91.4,Percentage
ronit.23bsa10174,Ronit Mishra,W1X0K7A9,23BSA10174,91.0,Percentage,7.72,CGPA,77.0,Percentage
yash.23bcy10144,Yash Singh Rajput,P2P2K5V3,23BCY10144,80.0,Percentage,7.72,CGPA,75.0,Percentage
mayank.23bce10576,Mayank Soni,P9E1F3Q1,23BCE10576,-,-,7.72,CGPA,-,-
amarmani.23bce11179,Amarmani Yadav,V2T4I4H5,23BCE11179,89.5,Percentage,7.71,CGPA,76.3,Percentage
manish.23bce10243,Manish Jhajhda,W3E3J0E6,23BCE10243,85.6,Percentage,7.7,CGPA,85.4,Percentage
kasanagottukeerthankumar2022,Kasanagottu Keerthan Kumar,P6Z2M7S8,22MIM10039,-,-,7.69,CGPA,-,-
rathod.23bai10074,Riya Rathod,C3K3C3D6,23BAI10074,86.6,Percentage,8.68,CGPA,79.0,Percentage
lakshya.23bai10250,Lakshya Sahu,S5J7K5S4,23BAI10250,-,-,7.68,CGPA,-,-
chaitanya.23bcy10168,Chaitanya Tiwari,T4H8Y7E9,23BCY10168,-,-,7.67,CGPA,-,-
gaurav.23bcy10096,Gaurav Singh,Y5O1X8Q3,23BCY10096,84.6,Percentage,7.66,CGPA,77.2,Percentage
krishna.23bce11490,Krishna Sen,N5L3C7N7,23BCE11490,-,-,7.66,CGPA,-,-
tanya.23bce11555,Tanya Bharti,V3X1J0X2,23BCE11555,-,-,7.66,CGPA,-,-
pratyush.23bcy10033,Pratyush Srivastava,O3O8Z4W3,23BCY10033,86.0,Percentage,7.65,CGPA,76.0,Percentage
shreshtha.23bhi10044,Shreshtha Ranjan,P1Z5A6D2,23BHI10044,-,-,7.65,CGPA,-,-
shriyam.23bce11586,Shriyam Rastogi,Y1W7K8Q7,23BCE11586,-,-,7.64,CGPA,-,-
ayush.23bce11135,Ayush Kushwah,J3D6Z3P8,23BCE11135,-,-,7.63,CGPA,-,-
milind.23bce10517,Milind Sharma,V2E9E6P2,23BCE10517,86.6,Percentage,7.62,CGPA,86.0,Percentage
muhammed.23bai10788,Muhammad Sajjad,X1M9A3A4,23BAI10788,-,-,7.62,CGPA,-,-
rakendu.23bhi10019,Rakendu K M,B1K5Q5I2,23BHI10019,-,-,7.62,CGPA,-,-
eklavya.23bce11199,Eklavya Shinde,F4H7E0T1,23BCE11199,-,-,7.59,CGPA,-,-
vansh.23bcy10113,Vansh Patel,G1A0M3U0,23BCY10113,-,-,7.58,CGPA,-,-
allen.23bce11302,Allen Mathews BK,T3M0B0Z9,23BCE11302,94.0,Percentage,7.57,CGPA,77.0,Percentage
pratyush.23bai10226,Pratyush Shukla,Y2F6G4O1,23BAI10226,82.8,Percentage,7.56,CGPA,84.8,Percentage
mohd.23bai10866,Mohd. Belal .,F2E3C3O9,23BAI10866,90.5,Percentage,7.56,CGPA,84.2,Percentage
apoorvgoyal31,Apoorv Goyal,N6L7U1K2,23BCG10116,-,-,7.56,CGPA,-,-
kushaagraverma2022,Kushaagra Verma,N3K1I9L2,22MIM10046,-,-,7.56,CGPA,-,-
devesh.23bai10387,Devesh Rathore,Y5T3D1J9,23BAI10387,98.0,Percentage,7.55,CGPA,88.8,Percentage
aadersh.23bai10433,Aadersh kumar,D6F5B4Q5,23BAI10433,79.33,Percentage,7.54,CGPA,75.0,Percentage
shubham.23bai11061,Shubham Kumar,Z2C4F9S4,23BAI11061,-,-,7.53,CGPA,-,-
abhyudai.23bai10702,Abhyudai Singh,I2Q8W4R2,23BAI10702,92.16,Percentage,7.51,CGPA,81.0,Percentage
akhil.23bai10913,Akhil joshi,S8M9C307,23BAI10913,-,-,7.51,CGPA,-,-
satendra.23bai11142,Satendra Gupta,V5I2H0R1,23BAI11142,-,-,7.51,CGPA,-,-
saksham.23bai10834,Saksham Singh,X3O7V1B9,23BAI10834,91.4,Percentage,7.5,CGPA,79.0,Percentage
priyavrat.23bce10640,Priyavrat Tripathi,L1X3L2L3,23BCE10640,-,-,7.5,CGPA,-,-
mahajan.23bai10222,Avneesh Yogesh Mahajan,B4L3M0B1,23BAI10222,-,-,7.48,CGPA,-,-
samyaksam331,Samyak Sahay,O1X9B3P4,23BHI10115,-,-,7.47,CGPA,-,-
vaibhav.23bai10619,Vaibhav Kumar Pal,X1I0P7P6,23BAI10619,-,-,7.47,CGPA,-,-
ailesh.23bai11108,Ailesh Kumar Verma,O1K8V0H4,23BAI11108,-,-,7.43,CGPA,-,-
anshularohi31072004,Anshul Arohi,I1N5I5N4,23BAI10147,-,-,7.43,CGPA,-,-
kamran.23bai10745,Kamran Ansari,J2O1N5X0,23BAI10745,-,-,7.38,CGPA,-,-
rachit.23bce10770,Rachit Shrivastava,D3N7B8A7,23BCE10770,-,-,7.38,CGPA,-,-
arpit.23bce11038,Arpit Dhiman,A2D9N0B4,23BCE11038,-,-,7.34,CGPA,-,-
sarik.23bai10926,Sarik Srivastava,Z6Y2B4Y3,23BAI10926,-,-,7.34,CGPA,-,-
rudranshu.23bai11102,Rudranshu pandey,Z3O3O4U7,23BAI11102,-,-,7.32,CGPA,-,-
nakul.23bce11694,Nakul Gaur,I3D1Z5X3,23BCE11694,-,-,7.22,CGPA,-,-
aldrinjosekurian69,Aldrin Jose Kurian,X1I3O5R1,23BHI10100,-,-,7.21,CGPA,-,-
tanisha.23bai11037,Tanisha,P3W8I4Z2,23BAI11037,-,-,7.21,CGPA,-,-
mishra.23bce11685,Anuj Pravesh Mishra,T1N6E5B2,23BCE11685,-,-,7.16,CGPA,-,-
jayeshkeswani2022,Jayesh Keswani,U3Y2Z7Z8,22MIM10015,-,-,6.99,CGPA,-,-
raj.23bcy10305,Raj Sen,S6Y3G9I4,23BCY10305,-,-,6.91,CGPA,-,-
anjali.23bai10209,Anjali Sevkani,U4R4J6O2,23BAI10209,98.2,Percentage,9.01,CGPA,94.0,Percentage
shruti.23bai10242,Shruti Mehkarkar,F4D4C4U1,23BAI10242,90.6,Percentage,8.98,CGPA,77.83,Percentage
satyam.23bai10273,satyam jaiswal,W2Y7U3F2,23BAI10273,91.6,Percentage,8.52,CGPA,80.8,Percentage
mohd.23bai10293,Mohd Tabrez Hussain,B6M5X7L6,23BAI10293,87.16,Percentage,8.11,CGPA,83.33,Percentage
pankaj.23bai10047,Pankaj Shukla,P1U2T5R9,23bai10047,93.8,Percentage,7.74,CGPA,82.2,Percentage
chiranjeev.23bce10071,Chiranjeev Tripathi,N5G3Q8V2,23bce10071,86.4,Percentage,8.82,CGPA,93.8,Percentage
nikhil.23bce10889,Nikhil Tiwari,R1J6I0W7,23bce10889,94.6,Percentage,8.4,CGPA,78.2,Percentage
sumaiya.23bce11406,Sumaiya Shabab,O3L0T6M2,23bce11406,83.6,Percentage,8.28,CGPA,75.4,Percentage
peddinti.23bcy10136,Peddinti Vishnu Rithvik,X2N0G6Y3,23BCY10136,89.2,Percentage,8.19,CGPA,77.4,Percentage
ananya.23bcy10059,Ananya Jain,O4J3H2L8,23BcY10059,82.6,Percentage,9.4,CGPA,87.6,Percentage
shrey.23bce11659,Shrey Mittal,Q3Q2H3J8,23BCE11659,88.0,Percentage,8.36,CGPA,75.0,Percentage
suhani.23bsa10026,Suhani Malani,I5C8E5R0,23BSA10026,92.6,Percentage,8.72,CGPA,90.4,Percentage
dev.23bai10255,Dev Jain,Y1W9D2S1,23BAI10255,91.4,Percentage,8.91,CGPA,80.4,Percentage
priyansh.23bce11242,Priyansh Aggarwal,I5D6O5P7,23BCE11242,94.4,Percentage,8.8,CGPA,75.2,Percentage
lavanya.23bai11040,Lavanya Kataria,Y7Z6W6P4,23BAI11040,95.2,Percentage,8.28,CGPA,77.6,Percentage
harshit.23bce10186,Harshit Gupta,P3K7U7L5,23BCE10186,91.4,Percentage,8.71,CGPA,85.6,Percentage
anushri.23bce11730,Anushri Bajpai,Z3O3Q6N6,23BCE11730,97.2,Percentage,9.3,CGPA,93.4,Percentage
shrestha.23bai10465,Shrestha Dey,V3X4R6J5,23BAI10465,95.0,Percentage,9.02,CGPA,87.8,Percentage
yash.23bai10937,Yash Srivastava,A2F9I1L0,23bai10937,89.0,Percentage,8.98,CGPA,83.0,Percentage
skand.23bai11386,Skand Ashwani Singh,E3C1H2C1,23BAI11386,90.16,Percentage,8.91,CGPA,92.2,Percentage
ashwinrajan.23bsa10102,Ashwin Rajan R,S5H6S9G5,23bsa10102,100.0,Percentage,8.36,CGPA,85.3,Percentage
anupama.23bai10279,Anupama Kumari,P1I3L9G7,23BAI10279,92.8,Percentage,9.17,CGPA,76.2,Percentage
saumil.23bai11005,Saumil Singhal,L5N6G5D2,23BAI11005,92.6,Percentage,7.72,CGPA,75.0,Percentage
harsh.23bai10382,Harsh Dhoriyani,G3B5R6L7,23BAI10382,92.33,Percentage,9.01,CGPA,84.4,Percentage
raj.23bce10201,Raj Gaurav,B3N2H6R7,23BCE10201,91.0,Percentage,8.53,CGPA,83.0,Percentage
hrishita.23bai11294,Hrishita Pundir,X4Z5B5E7,23BAI11294,-,-,-,-,-,-
abhishek.23bai10571,Abhishek Singh,Y3T8S6J0,23BAI10571,-,-,-,-,-,-
kunal.23bce10544,Kunal Aggarwal,M3T3X7E1,23BCE10544,-,-,-,-,-,-
ishita.23bey10040,Ishita Kunjekar,K5X2I8Q0,23BEY10040,-,-,-,-,-,-
mayanksuryavanshi2022,Mayank Suryavanshi,F2V9O6U6,22MIM10133,-,-,-,-,-,-
gauravsharma2022,Gaurav Sharma,W5Z2N4N3,22MEI10079,-,-,-,-,-,-
devbrat.23bec10056,Devbrat Yadav,G6H9J0W3,23BEC10056,-,-,-,-,-,-
suryanshi.23bce11634,Suryanshi Ranawat,I2B8P0I1,23BCE11634,-,-,-,-,-,-
atharv.24bba10010,Atharv Vikram Singh,B6D6G6U0,24BBA10010,-,-,-,-,-,-
bhavesh.24bba10028,Bhavesh Soni,R4A4K1A9,24BBA10028,-,-,-,-,-,-
harshit.24bba10017,Harshit Sharma,A6U5U7Y5,24BBA10017,-,-,-,-,-,-
khushi.24bba10013,Khushi Shukla,K5W6F1W5,24BBA10013,-,-,-,-,-,-
Surbhi.24BBA10022,Surbhi Namdev,T5L6X0M8,24BBA10022,-,-,-,-,-,-
priyanshu.24bba10008,Priyanshu Gupta,J9K0A5B7,24BBA10008,-,-,-,-,-,-
matrupriya2004,-,C4B8L6R5,-,-,-,-,-,-,-
tanishka.24bba10011,Tanishka Rajput,X4G9H0U6,24BBA10011,-,-,-,-,-,-
tanya.24bba10031,Tanya Pandey,L2Z4A8E4,24BBA10031,-,-,-,-,-,-
harshvardhan.23bai11261,Harshvardhan Singh Ahluwalia,O3X2G3Q1,23BAI11261,-,-,-,-,-,-
uday.25mba10013,Uday Parmar,Z2J0X1R2,25MBA10013,-,-,-,-,-,-
ankit.25mba10012,Ankit Parmar,P4Z4I1C5,25MBA10012,-,-,-,-,-,-
prashant.23bce10426,Prashant Bhardwaj,C5S6Y3K5,23BCE10426,-,-,-,-,-,-
Vishalverma2022,Vishal Verma,X1Q4K1X6,22MIM10126,-,-,-,-,-,-
harshitchimaniya2022,Harshit Chimaniya,N3Q9S8A5,22MEI10069,-,-,-,-,-,-
tanishq.23bai10397,Tanishq Nandwal,G5R0I4P4,23BAI10397,-,-,-,-,-,-
astitva.23bcy10329,Astitva Yeotikar,S1C7W3W6,23BCY10329,-,-,-,-,-,-
satwikbasu2022,Satwik Basu,L3G7W6Z3,22MEI10008,-,-,-,-,-,-
harshit.23bai10094,Harshit Singh Rao,T2F4Q7M8,23BAI10094,-,-,-,-,-,-
tarun.23bce10932,TARUN ASHILYA,V4L9G0B2,23BCE10932,-,-,-,-,-,-
harsh2022,Harsh,O3T1P5J5,22MIM10136,-,-,-,-,-,-
mohammadahmedsiddiqui2022,Mohammad Ahmed Siddiqui,A3O7P3N3,22MIM10081,-,-,-,-,-,-
navjot.23bai11355,NAVJOT SINGH GILL,J3A5S4T7,23BAI11355,-,-,-,-,-,-
ayushverma2022,Ayush Verma,T5M1Z5I2,22MIM10123,-,-,-,-,-,-
pritamverma2022,Preetam Verma,L3Q3H4B6,22MIM10115,-,-,-,-,-,-
vipinverma2022,Vipin Verma,D5P1S4G1,22MIM10118,-,-,-,-,-,-
aryanshrivastava.2022,Aryan Shrivastava,Q5X5L1O5,22MIP10067,-,-,-,-,-,-
avinash.23bai10237,Avinash Kushwaha,Q2L9X3Z2,23BAI10237,-,-,-,-,-,-
mokshi.23bai10275,Mokshi Jain,K3D1M5V3,23BAI10275,-,-,-,-,-,-
kousthubh.23bcy10120,Kousthubh Vasudevan,P4V8Z1R2,23BCY10120,-,-,-,-,-,-
siddharth.23bhi10031,siddharth yadav,M1F3P0L1,23BHI10031,-,-,-,-,-,-
divya.25mba10010,Divya B,V1I7O5E2,25MBA10010,-,-,-,-,-,-
harinath.25mba10002,Harinath S,Q8A2L5Q7,25MBA10002,-,-,-,-,-,-
purvee.25mba10004,Purvee Phoolwani,K4U5O0Y0,25MBA10004,-,-,-,-,-,-
sanskriti.25mba10015,Sanskriti Ranka,D2Y7E8R7,25MBA10015,-,-,-,-,-,-
sanjay2003vlr,Sanjay A,P2J6N7R4,25MBA10007,-,-,-,-,-,-
shatakshi.25mba10005,Shatakshi Awasthy,R3A7K5L0,25MBA10005,-,-,-,-,-,-
abhishek.25mba10014,Abhishek Verma,P2E1Z5D0,25MBA10014,-,-,-,-,-,-
ajayjain2022,Ajay Jain,M1Z9N9B0,22MIM10105,-,-,-,-,-,-
shivamparmar2022,Shivam Parmar,A5C5X5C0,22MIM10109,-,-,-,-,-,-
vishalverma.2022,Vishal Verma,Y5X7D7Y8,22MIM10127,-,-,-,-,-,-
vanshbhardwaj2022,Vansh Bhardwaj,D4S3Y7X1,22MIM10048,-,-,-,-,-,-
sivaraaman2022,Sivaraaman K V,W2G5H2Y3,22MIM10057,-,-,-,-,-,-
rishi.23bai11264,Rishi Raj,L5B9K0P2,23BAI11264,-,-,-,-,-,-
rida.23bhi10015,Rida Husain,D4T2K4D6,23BHI10015,-,-,-,-,-,-
rajat.23bce11111,Rajat Ranjan Misra,S1B4J3N8,23BCE11111,-,-,-,-,-,-
akshat.23bce10463,Akshat Bansal,L1U6M6A9,23BCE10463,-,-,-,-,-,-
lokesh.23bcg10015,Lokesh Sharma,R1A2V1X3,23BCG10015,-,-,-,-,-,-
somya.23bai10140,Somya Paniya,K1T4M3Q0,23BAI10140,-,-,-,-,-,-
prateek.23bai10169,Prateek Chhabra,H6M6T4Y8,23BAI10169,-,-,-,-,-,-
aarav.23bai10574,Aarav Tripathi,K4E3O2R9,23BAI10574,-,-,-,-,-,-
dhontika.23bec10067,Dhontika Pavani,Y2H6M9A9,23BEC10067,-,-,-,-,-,-
tejus.23bce11334,Tejus Gupta,B3U3R9C4,23BCE11334,-,-,-,-,-,-
atharva.23bhi10142,Atharva Amle,P4O6M1G1,23BHI10142,-,-,-,-,-,-
kambhamsettyakhil2022,Kambhamsetty Akhil,Q1Q2R2S7,22MEI10013,-,-,-,-,-,-
meyhul.23bai10719,Meyhul Hatwal,G1N8D3P8,23BAI10719,-,-,-,-,-,-
chirayu.23bce11752,Chirayu Zalke,S3V8X8U5,23BCE11752,-,-,-,-,-,-
anupkasanya2022,Anup Kasanya,X4J0D1D5,22MIM10104,-,-,-,-,-,-
drishti.23bce10369,Drishti .,T4B2R7S4,23BCE10369,-,-,-,-,-,-
sambit.23bce10621,Sambit Mahapatra,Y4C6W1M6,23BCE10621,-,-,-,-,-,-
lucky.23bcg10089,Lucky Kumar,T2D4R9N9,23BCG10089,-,-,-,-,-,-
tanishq.23bcg10062,Tanishq Pandey,K2V9Y0E7,23BCG10062,-,-,-,-,-,-
palakh.23bhi10195,Palakh Vyas,Q5E1T4V2,23BHI10195,-,-,-,-,-,-
parv.23bsa10211,Parv Chauhan,X7V4T1B0,23BSA10211,-,-,-,-,-,-
priyanshu.23bsa10175,Priyanshu Sahu,K5W1B3S9,23BSA10175,-,-,-,-,-,-
ayushman.23bce11474,Ayushman Agrawal,G5Y5A0Z4,23BCE11474,-,-,-,-,-,-
suwarnika.23bsa10092,Suwarnika Srivastava,D3D3R2V5,23BSA10092,-,-,-,-,-,-
aditya.23boe10064,Aditya Kumar,P5B3S6P2,23BOE10064,-,-,-,-,-,-
akanksha.23boe10037,Akanksha Singh,B6S9D3H8,23BOE10037,-,-,-,-,-,-
yashika.23bcy10254,Yashika Changrani,M1Z7Z6W8,23BCY10254,-,-,-,-,-,-
ayush.23bcg10110,Ayush Prajapati,T5M2L5G9,23BCG10110,-,-,-,-,-,-
aniket.23bcg10005,Aniket Rawat,N6N9T7A6,23BCG10005,-,-,-,-,-,-
bhagya.23bce11171,Bhagya Morabia,N3H1P8E4,23BCE11171,-,-,-,-,-,-
manish.23bai10409,Manish Yadav,C2W0W4O8,23BAI10409,-,-,-,-,-,-
rishabh.23bai10740,Rishabh Arya,R1I6O3M5,23BAI10740,-,-,-,-,-,-
anmol.23bai10825,Anmol Choudhary,I2M5W2U5,23BAI10825,-,-,-,-,-,-
Krish.23bcy10313,Krish Goyat,Q1E6L4L8,23BCY10313,-,-,-,-,-,-
akash.23bce10665,Akash Amar,L5A3U3Z1,23BCE10665,-,-,-,-,-,-
aditya.23bce11643,Aditya Mishra,M5E5X8V3,23BCE11643,-,-,-,-,-,-
pranjalsingh2022,Pranjal Singh,X3Y1H5D0,22MEI10081,-,-,-,-,-,-
londhe.23bai10445,Anushka Londhe,V2A0U7D7,23BAI10445,-,-,-,-,-,-
tanish.23bai10450,Tanish Gupta,L5M0P2N5,23BAI10450,-,-,-,-,-,-
aadishpankajdabhade2022,Aadish Dabhade,B2C9H2X1,22MIP10053,-,-,-,-,-,-
anshulverma2022,Anshul Verma,D6O4M9K5,22MIP10076,-,-,-,-,-,-
bhupendrayadav2022,bhupendra yadav,U1U9T4V3,22MIM10097,-,-,-,-,-,-
apoorva.23bsa10046,Apoorva Pratap Singh,A2E6D0A7,23BSA10046,-,-,-,-,-,-
gopikrishna.23bsa10162,Gopikrishna G,T1J2S5Q0,23BSA10162,-,-,-,-,-,-
shashwati.23bsa10101,Shashwati Ingle,T5B4D8D3,23BSA10101,-,-,-,-,-,-
ishaan.23bsa10190,Ishaan Maurya,D0D7A1X8,23BSA10190,-,-,-,-,-,-
poras.23bsa10020,Poras Ravindra Barhate,U2E2N4D1,23BSA10020,-,-,-,-,-,-
rudranil.23bsa10013,Rudranil Sengupta,V5D2Z7H4,23BSA10013,-,-,-,-,-,-
chaitanya.23bsa10067,Chaitanya Thakkar,I4P6N8D9,23BSA10067,-,-,-,-,-,-
ishika.23boe10090,ishika das,W7H1R1Q6,23BOE10090,-,-,-,-,-,-
umang.23boe10096,Umang Kumar,B3R3D5E4,23BOE10096,-,-,-,-,-,-
manav.23bmr10015,Manav Myangar,Q2A5W3V9,23BMR10015,-,-,-,-,-,-
sambhav.23bme10014,Sambhav Chiraya,T3T9T3L2,23BME10014,-,-,-,-,-,-
amriteshwar.23bhi10027,Amriteshwar Pandey,G1S7U8J1,23BHI10027,-,-,-,-,-,-
aryaman.23bhi10132,Aryaman Singh,D1J8R7B2,23BHI10132,-,-,-,-,-,-
gayatri.23bhi10025,Gayatri Mishra,S5Q6W0N1,23BHI10025,-,-,-,-,-,-
gitanjali.23bhi10012,Gitanjali Nair,A2B4T9A5,23BHI10012,-,-,-,-,-,-
lingareddy.23bhi10152,Lingareddy Chaitanya Chakravarti Reddy,C5I7K9S6,23BHI10152,-,-,-,-,-,-
naveen.23bhi10083,Naveen Menon,Y3I9O5R5,23BHI10083,-,-,-,-,-,-
rajnandini.23bhi10041,Rajnandini Ghosh,R5Q4F6G4,23BHI10041,-,-,-,-,-,-
riya.23bhi10189,Riya Jain,U3J7G7A9,23bhi10189,-,-,-,-,-,-
sameeksha.23bhi10028,Sameeksha Sharma,G5O2W5N5,23BHI10028,-,-,-,-,-,-
urjarshi.23bhi10053,Urjarshi Nandy,K5X9P6R8,23BHI10053,-,-,-,-,-,-
aalok.23bey10022,Aalok Aalok,F2A8H8Y8,23BEY10022,-,-,-,-,-,-
mayank.23bey10053,Mayank Chirag Vora,E7V0Y4G2,23BEY10053,-,-,-,-,-,-
shah.23bet10011,Om Shah,L2U6Q7K3,23BET10011,-,-,-,-,-,-
siddhart.23bet10003,Sidharth Mukherjee,F4Z2S1V7,23BET10003,-,-,-,-,-,-
sneha.23bet10015,Sneha Agarwal,S1N1V7U2,23BET10015,-,-,-,-,-,-
vikas.23bet10013,Vikas Jethani,Z3S7U0S6,23BET10013,-,-,-,-,-,-
gaurav.23bet10036,Gaurav Sharma,B4J2H2P2,23BET10036,-,-,-,-,-,-
mohamad.23bcy10125,MOHAMAD NAHAL S,U6C8E7X7,23BCY10125,-,-,-,-,-,-
om.23bcy10327,Om Pandey,Q3Z8S3A4,23BCY10327,-,-,-,-,-,-
soumil.23bcy10165,Soumil Chaurasia,X2Z8S8H9,23BCY10165,-,-,-,-,-,-
vedanshdixit1617,VEDANSH Dixit,H1X5U2G0,23BCY10317,-,-,-,-,-,-
abel.23bcy10219,ABEL GEBU ABRAHAM,Q6V4B9X1,23BCY10219,-,-,-,-,-,-
abhinav.23bcy10166,Abhinav Saxena,S2U2Z9U0,23BCY10166,-,-,-,-,-,-
aditya.23bcy10111,ADITYA RAJ,K1Z4K3S7,23BCY10111,-,-,-,-,-,-
dheeraj.23bcy10146,Dheeraj Saraswat,Z3A9H6D7,23BCY10146,-,-,-,-,-,-
harshal.23bcy10348,Harshal Jangra,U5A8H9Y6,23BCY10348,-,-,-,-,-,-
prasad.23bcg10091,Om Prasad,W1I4O3C3,23BCG10091,-,-,-,-,-,-
kulkarni.23bcg10037,Sharvil Kulkarni,M2G5P3U5,23BCG10037,-,-,-,-,-,-
kush.23bcg10034,Kush Sharma,X1W6N1F2,23BCG10034,-,-,-,-,-,-
utkarsh.23bcg10006,Utkarsh Singh,X2N9K6Y3,23BCG10006,-,-,-,-,-,-
ajay.23bcg10011,AJAY c,N1K0H2A6,23BCG10011,-,-,-,-,-,-
deepak.23bcg10077,Deepak Verma,C3H2L7B5,23BCG10077,-,-,-,-,-,-
diksha.23bcg10093,Diksha Tahilyani,V2G7V8H1,23BCG10093,-,-,-,-,-,-
yashvardhan.23bce11079,Yashvardhan Yadav,C6Q6F6A5,23BCE11079,-,-,-,-,-,-
yuvraj.23bce10527,Yuvraj Singh,Q5M0D7N1,23BCE10527,-,-,-,-,-,-
priyavrat.23bce10640,Priyavrat Tripathi,L1X3L2L3,23bce10640,-,-,-,-,-,-
udit.23bce11013,Udit Narayan Rout,E2I9P4G5,23BCE11013,-,-,-,-,-,-
vaibhav.23bce11814,Vaibhav Kumar,I3U4C3X8,23BCE11814,-,-,-,-,-,-
vineetchaniyara1702,Vineet Chaniyara,J3J5H8D7,23BCE11464,-,-,-,-,-,-
shivam.23bce11292,shivam sharma,C6C6Q1S9,23BCE11292,-,-,-,-,-,-
siddhartha.23bce11143,Siddhartha Singh,A3F5I8D3,23BCE11143,-,-,-,-,-,-
jagatjit.23bce11114,Jagatjit Sahoo,B4V4T4O2,23BCE11114,-,-,-,-,-,-
soumyadeep.23bce11048,Soumyadeep Roy,C3F7X3P1,23BCE11048,-,-,-,-,-,-
sparsh.23bce10718,sparsh joshi,J1Q3G0H5,23BCE10718,-,-,-,-,-,-
sridharahal.23bce10543,Sridharahal Aishwarya,U1O8C4L6,23BCE10543,-,-,-,-,-,-
srijan.23bce11799,Srijan Verma,G8Y0Q6Y0,23BCE11799,-,-,-,-,-,-
srishty.23bce11645,Srishty Sharma,J5D1E8U6,23BCE11645,-,-,-,-,-,-
chavan.23bce10218,Suchit Chavan,N3I1D5G5,23BCE10218,-,-,-,-,-,-
sumit.23bce10226,Sumit Kumar Singh,T3S9S9P8,23BCE10226,-,-,-,-,-,-
priya.23bce11177,Priya Singh,G3I1O9F7,23BCE11177,-,-,-,-,-,-
revanta.23bce10937,Revanta Choudhary,F9Q2C6P5,23BCE10937,-,-,-,-,-,-
ritabrata.23bce11258,Ritabrata Patra,U3A0R5C3,23BCE11258,-,-,-,-,-,-
debasish.23bce11178,DEBASISH SAHOO,Z3N8C7L4,23BCE11178,-,-,-,-,-,-
sanchiagarwal2005,Sanchi Agarwal,E2Y4O2I0,23BCE11564,-,-,-,-,-,-
shashwat.23bce10120,shashwat vashista,A1X7H7S2,23BCE10120,-,-,-,-,-,-
naman.23bce11240,Naman Vats,X4I1C0V0,23BCE11240,-,-,-,-,-,-
nilanj.23bce11607,Nilanj Awasthi,U5Z3S7T2,23BCE11607,-,-,-,-,-,-
nivedita.23bce10556,Nivedita Soni,R1E4Z8W7,23BCE10556,-,-,-,-,-,-
palak.23bce11763,Palak Soni,L4J2C1J9,23BCE11763,-,-,-,-,-,-
parmeet.23bce10726,Parmeet Singh Bagga,U2W7O5O7,23BCE10726,-,-,-,-,-,-
prabhanshu.23bce11361,Prabhanshu Saxena,F3B9C1K8,23BCE11361,-,-,-,-,-,-
preeyansh.23bce10813,Preeyansh Arora,P2L2U4V3,23bce10813,-,-,-,-,-,-
prince.23bce10687,Prince Negi,G1W4L9G2,23BCE10687,-,-,-,-,-,-
priyansh.23bce11332,Priyansh Singh,P8Q0A4C3,23BCE11332,-,-,-,-,-,-
kawade.23bce11534,Jayesh Kawade,I1F0R5J5,23BCE11534,-,-,-,-,-,-
jesse.23bce11393,Jesse Simes,B3M2A2L1,23BCE11393,-,-,-,-,-,-
krishna.23bce10339,Krishna .,L5Z5S7L2,23BCE10339,-,-,-,-,-,-
manisha.23bce11274,Manisha Mitra,M6Y0T6T8,23BCE11274,-,-,-,-,-,-
metarya.23bce11622,Metarya Jain,V5S6A9A6,23BCE11622,-,-,-,-,-,-
mohit.23bce10830,Mohit Kumar,N5F8H9C3,23BCE10830,-,-,-,-,-,-
harshit.23bce10911,Harshit Arora,A4U6V5L3,23BCE10911,-,-,-,-,-,-
manav.23bce11002,Manav Sharma,H4R1J6B4,23BCE11002,-,-,-,-,-,-
itisha.23bce10851,Itisha Maheshwari,A5M9O0W0,23BCE10851,-,-,-,-,-,-
jayant.23bce10602,Jayant Singh Jakhar,I3K0B2C4,23BCE10602,-,-,-,-,-,-
dev.23bce10880,DEV ANURAG VARSHNEY,Y5C9S2J1,23BCE10880,-,-,-,-,-,-
dravya.23bce10445,Dravya Shah,K5G0O2T4,23BCE10445,-,-,-,-,-,-
yash.23bce11283,Yash Dubey,Q6E2W2O0,23BCE11283,-,-,-,-,-,-
eaman.23bce10510,Md Eaman Adeep,B6F2U4C8,23BCE10510,-,-,-,-,-,-
eshika.23bce11435,ESHIKA DHAKAD,G2Z8I4Y1,23BCE11435,-,-,-,-,-,-
gargi.23bce11020,Gargi Verma,T8X6O8E0,23BCE11020,-,-,-,-,-,-
gopal.23bce11506,Gopal ji Mishra,N2N3R2Q4,23BCE11506,-,-,-,-,-,-
bhavesh.23bce11070,Bhavesh Saini,B2W3P0A3,23BCE11070,-,-,-,-,-,-
bhavna.23bce10511,Bhavna Rathi,B9P6U9T9,23BCE10511,-,-,-,-,-,-
bhrat.23bce11388,Bhrat Verma,D2T4I4T1,23BCE11388,-,-,-,-,-,-
anshika.23bce11523,Anshika Chauhan,X2A2X6N6,23BCE11523,-,-,-,-,-,-
chirag.23bce11344,Chirag Sharma,L6Z1G6U1,23BCE11344,-,-,-,-,-,-
aman.23bce11581,aman dadhich,O2X0V4F7,23BCE11581,-,-,-,-,-,-
ananya.23bce11616,Ananya Singh,F5F7O7O8,23BCE11616,-,-,-,-,-,-
anish.23bce11329,Anish Pawar,X4V4L5N6,23BCE11329,-,-,-,-,-,-
ankit.23bce11568,Ankit Kumar,Q4Q8U9G1,23BCE11568,-,-,-,-,-,-
Arin.23Bce11106,Arin Arora,A3X4O3Y2,23BCE11106,-,-,-,-,-,-
arjun.23bce11644,Arjun Vashishtha,O8K7M6Y9,23BCE11644,-,-,-,-,-,-
aryan.23bce10686,Aryan Gaikwad,O3C4L1Z5,23BCE10686,-,-,-,-,-,-
aviral.23bce11165,Aviral Srivastava,E7R4N7C7,23BCE11165,-,-,-,-,-,-
ayush.23bce11826,Ayush Raj,Z5P8U5H4,23bce11826,-,-,-,-,-,-
abhijit.23bce11493,Abhijit Kumar Sharma,Z3B9G4I0,23BCE11493,-,-,-,-,-,-
shreyash.23bce10730,Shreyash Sharma,O4O5O0S4,23BCE10730,-,-,-,-,-,-
adhithyan.23bce10139,R Adhithyan,Y1S8J9I2,23BCE10139,-,-,-,-,-,-
shwaas.23bce10939,Shwaas Adlakha,N5D2L0O8,23BCE10939,-,-,-,-,-,-
devansh.23bce11654,Devansh Agrawal,D2K9V2M3,23BCE11654,-,-,-,-,-,-
srajal.23bce10773,Srajal Jain,C1V1X4U6,23BCE10773,-,-,-,-,-,-
varun.23bai10939,Varun Tiwari,S1Q1J9B2,23BAI10939,-,-,-,-,-,-
vritant.23bai11370,Vritant Jain,N6O0Z1F9,23BAI11370,-,-,-,-,-,-
sanskruti.23bai10684,Sanskruti Udage,F3D1N1C3,23BAI10684,-,-,-,-,-,-
yash.23bai10484,yash yadav,Q3G9U0W3,23BAI10484,-,-,-,-,-,-
soubhik.23bai11077,Soubhik Roy,R5A0T9Z8,23BAI11077,-,-,-,-,-,-
sounak.23bai10467,Sounak Pal,I5M8J3J3,23BAI10467,-,-,-,-,-,-
sreeraj.23bai10021,Sreeraj A,T3W1D8G1,23BAI10021,-,-,-,-,-,-
sujal.23bai11292,Sujal Sakhare,E5F8T2K4,23BAI11292,-,-,-,-,-,-
tanishk.23bai10933,Tanishk Kapoor,Y2G2V8M5,23BAI10933,-,-,-,-,-,-
utkarsh.23bai10660,Utkarsh Pandey,U3I5X3B1,23BAI10660,-,-,-,-,-,-
vaibhav.23bai11335,Vaibhav Sharma,T2E5E8P3,23BAI11335,-,-,-,-,-,-
sahu.23bai11146,Samiksha Sahu,B5X1O6O8,23BAI11146,-,-,-,-,-,-
sarthak.23bai10827,Sarthak Verma,G2A0X5B6,23BAI10827,-,-,-,-,-,-
satwik.23bai11046,Satwik Telang,T4N8R5X0,23BAI11046,-,-,-,-,-,-
sawan.23bai10393,Sawan Gupta,D2E2X8S1,23BAI10393,-,-,-,-,-,-
shaun.23bai10549,Shaun Thomas,I3T6I2B9,23BAI10549,-,-,-,-,-,-
shivansh.23bai10457,Shivansh Shukla,M4W6I1A3,23BAI10457,-,-,-,-,-,-
shravni.23bai10821,Shravni Jehurkar,V5S6T0J5,23BAI10821,-,-,-,-,-,-
shubham.23bai10229,Shubham Sharma,G3J9E0B6,23BAI10229,-,-,-,-,-,-
aradhaya.23bai10892,Aradhaya Singh,A3U7S9T3,23BAI10892,-,-,-,-,-,-
vanshika.23bai11395,Vanshika Rathore,O1L5V9W2,23BAI11395,-,-,-,-,-,-
rhishabh.23bai11092,Rhishabh Parmar,S6V5W5C3,23BAI11092,-,-,-,-,-,-
ritik.23bai11039,Ritik Kumar Singh,E1Z0V9I8,23BAI11039,-,-,-,-,-,-
rudransh.23bai10996,Rudransh Choubey,S1Z4E2D7,23BAI10996,-,-,-,-,-,-
rudra.23bai11189,Rudra Parmar,B3S5Q9C7,23BAI11189,-,-,-,-,-,-
kartik.23bai10577,Kartik Sharma,W3Y6Q7Z1,23BAI10577,-,-,-,-,-,-
samarth.23bai10929,Samarth Jai Singh,N4S6C6F1,23BAI10929,-,-,-,-,-,-
mayank.23bai10464,Mayank Singh Bhadouria,Y4D6I4F1,23BAI10464,-,-,-,-,-,-
mishita.23bai10899,Mishita Verma,P6E5Y9M4,23BAI10899,-,-,-,-,-,-
misthi.23bai10491,MISTHI SETHI,Q5N6X2E0,23BAI10491,-,-,-,-,-,-
mohd.23bai11169,Mohd Shariq,J1R0R3D1,23BAI11169,-,-,-,-,-,-
nayan.23bai11136,Nayan Pise,A1H4G0D4,23BAI11136,-,-,-,-,-,-
sharma.23bai10862,Om Sharma,B1V8H5F5,23BAI10862,-,-,-,-,-,-
vandit.23bai11282,Vandit Parekh,U3Q4K5T5,23BAI11282,-,-,-,-,-,-
prakhar.23bai10962,Prakhar Verma,E3M1U3R0,23BAI10962,-,-,-,-,-,-
puja.23bai11123,Puja Archana Jena,A4Y7K3G1,23BAI11123,-,-,-,-,-,-
ekansh.23bai10119,Ekansh Singh,C6C6G1X5,23BAI10119,-,-,-,-,-,-
harshvardhan.23bai10947,Harshvardhan Singh,F5R7U8H5,23BAI10947,-,-,-,-,-,-
henry.23bai11206,Henry Pramod N,O2G8Y8V9,23BAI11206,-,-,-,-,-,-
hitesh.23bai10732,Hitesh Kaushik,C1E0F5M9,23BAI10732,-,-,-,-,-,-
krishna.23bai10621,Krishna Yadav,Y1Q4X4Z7,23BAI10621,-,-,-,-,-,-
lakshya.23bai10520,Lakshya Paneri,K1T8E5D3,23BAI10520,-,-,-,-,-,-
gnanendra.23bai11111,Gnanendra M,K1W5O7T9,23BAI11111,-,-,-,-,-,-
shete.23bai10954,Atharv Shete,U4U0A2R5,23BAI10954,-,-,-,-,-,-
ayush.23bai11372,Ayush Kamal,F2W7B9A7,23BAI11372,-,-,-,-,-,-
aman.23bai10378,Aman Prakash,X3B8A1Y3,23BAI10378,-,-,-,-,-,-
arpit.23bai10768,Arpit Ambastha,T4C6X6A9,23BAI10768,-,-,-,-,-,-
ananya.23bai11315,Ananya Rathore,A3K8B5M0,23BAI11315,-,-,-,-,-,-
arunim.23bai11381,Arunim Gogoi,A2W0Q3U2,23BAI11381,-,-,-,-,-,-
ashhar.d10,Mohammed Ashhar Desnavi,K5D2X9I5,23BAI11293,-,-,-,-,-,-
atharva.23bai10578,Atharva Gawas,X2Y5N4H8,23BAI10578,-,-,-,-,-,-
adharsh.23bai10829,ADHARSH Dubey,U3B7N2E5,23BAI10829,-,-,-,-,-,-
aditi.23bai11371,Aditi Sahu,D2O1E6Q6,23BAI11371,-,-,-,-,-,-
aditya.23bai10257,Aditya Singh,D6O6B3H3,23BAI10257,-,-,-,-,-,-
adarsh.23bai10877,Adarsh Sarathy,H3I0M9M2,23BAI10877,-,-,-,-,-,-
ananjan.23bac10008,Ananjan Das Poddar,Y4T6Z6E0,23BAC10008,-,-,-,-,-,-
rede.23bas10009,Harshal Rede,B4C1V2J5,23BAS10009,-,-,-,-,-,-
prathmesh.23bec10046,Prathmesh Chedge,I1N1N2A8,23BEC10046,-,-,-,-,-,-
satendra.23bec10073,satendra singh,K2J5Z8Z9,23BEC10073,-,-,-,-,-,-
mohammad.23bec10034,Mohammad Zakiullah Mallick,U1A7K2W5,23BEC10034,-,-,-,-,-,-
harshvardhan.23bec10072,Harshvardhan Singh Parihar,Z6D1B4T6,23BEC10072,-,-,-,-,-,-
kaustav.23bec10045,Kaustav Kalita,P4S1H7H9,23BEC10045,-,-,-,-,-,-
asularahulkuamr2022,Asula Rahul Kumar,A2O9S1U8,22MIM10072,-,-,-,-,-,-
patildevendraprashant2022,Devendra Patil,Z3L3P2L0,22MIP10063,-,-,-,-,-,-
adityadama2022,Aditya Dama,D6E0Q9D3,22MIM10066,-,-,-,-,-,-
prashantjagannathkakde2022,Prashant Kakde,D1V9Q2Y2,22MIM10122,-,-,-,-,-,-
joybiswas2022,Joy Biswas,I6W5F6N5,22MIP10096,-,-,-,-,-,-
anushikamalviya2022,Anushika Malviya,Y2Z7L1A8,22MIP10100,-,-,-,-,-,-
rahulkumaryadav2022,Rahul Kumar Yadav,F3B4H4P6,22MEI10028,-,-,-,-,-,-
ambikasharma2022,Ambika Sharma,E5F1P5H4,22MEI10016,-,-,-,-,-,-
dakshish.23bce11713,Dakshish Abrol,O5L1C1G4,23BCE11713,-,-,-,-,-,-
prathameshshrirampangarkar2022,Prathmesh Pangarkar,U2G9V2N1,22MIP10089,-,-,-,-,-,-
saiyedalwazhussain2022,Saiyed Alwaz Hussain,N3B4W8N1,22MEI10027,-,-,-,-,-,-
athira.23boe10093,Athira M,M6Q5M2J6,23BOE10093,-,-,-,-,-,-
suriti.23bet10005,Suriti Joshi,D2L4U2N4,23BET10005,-,-,-,-,-,-
sumant.23bce11306,Sumant Kumar,X3W9E7Y2,23BCE11306,-,-,-,-,-,-
bhuvnesh.23bce11261,Bhuvnesh Pratap Singh,Z2B2W8X5,23BCE11261,-,-,-,-,-,-
hrithema.23bce11243,Hrithema .,N1A2R3V7,23BCE11243,-,-,-,-,-,-
nandika.ugc2023,Nandika Sharma,A1U6D8J7,23BCE1173,-,-,-,-,-,-
devansh.23bai11203,DEVANSH PHOUGAT,X2N1Q8P7,23BAI11203,-,-,-,-,-,-
ayushman.23bsa10023,Ayushman Rai,Z2C6R0P0,23BSA10023,-,-,-,-,-,-
shreya.23bhi10168,shreya raj,N5L6G9H8,23bhi10168,-,-,-,-,-,-
nancy.23bai11392,Nancy Khandelwal,M2C0V4R0,23BAI11392,-,-,-,-,-,-
anushka.23bai10168,Anushka Yadav,W2E4M9E5,23BAI10168,-,-,-,-,-,-
raj.23boe10080,Rajkumar Aanchal,A3K0B7V2,23BOE10080,-,-,-,-,-,-
mansi.23boe10115,MANSI PAGAR,I4T1L2Z9,23BOE10115,-,-,-,-,-,-
ashika.23bey10067,Ashika Tiwari,R2J5B9Q1,23BEY10067,-,-,-,-,-,-
divyansh.23bce11067,Divyansh Shekhar,P3T6S0N8,23BCE11067,-,-,-,-,-,-
rishikarajpoot.13,Rishika Rajpoot,U1X4E5T5,23BCE11526,-,-,-,-,-,-
barun.23bce11391,Barun Kumar Pattanaik,L3D0N3T6,23BCE11391,-,-,-,-,-,-
harsh.23bai10453,Harsh Rathore,H2A4J3F5,23BAI10453,-,-,-,-,-,-
srishtikumari2022,Srishti Kumari,C4P6E4J9,22MIP10010,-,-,-,-,-,-
leonardofernandes2022,Leonardo Fernandes,S1H5G2P6,22MEI10064,-,-,-,-,-,-
lipitanishq,Tanishq Sharma,V1Q0T0H1,23BOE10046,-,-,-,-,-,-
sai.23bcg10047,SAI GANESH NAGAMALLA,Z5E9K8Z2,23BCG10047,-,-,-,-,-,-
sharma.23bce11263,Ishan sharma,S2V7J9R3,23BCE11263,-,-,-,-,-,-
aditya.23bce10420,Aditya Jain,D2R7N8A8,23BCE10420,-,-,-,-,-,-
jayita.23bai11253,Jayita Saikia,C6X1N1P3,23BAI11253,-,-,-,-,-,-
jatin.23bai10884,Jatin Mittal,Z1K6F6Z5,23BAI10884,-,-,-,-,-,-
Vaishnavi.23bai10401,Vaishnavi Jha,K3J7E8P1,23BAI10401,-,-,-,-,-,-
vanshika.23bai10475,Vanshika Sharma,P2V3E3D3,23BAI10475,-,-,-,-,-,-
gurkirat.23bai10203,Gurkirat Singh Dhillon,M3K9B5A4,23BAI10203,-,-,-,-,-,-
janmejai.23bai10247,Janmejai Gehlot,M4U9W7D6,23BAI10247,-,-,-,-,-,-
chetnapal2022,Chetna Pal,V5S9S3T6,22MIP10054,-,-,-,-,-,-
sabakarim2022,Saba Karim,C1Y0Y9F3,22MIP10018,-,-,-,-,-,-
ankitsinghchouhan2022,Ankit Singh Chouhan,W5F7B0C5,22MIP10090,-,-,-,-,-,-
chandansingh87911,Chandan Singh,T2V8E0M9,22MIM10091,-,-,-,-,-,-
parthgoyal2022,Parth Goyal,J3P1J8B9,22MIM10041,-,-,-,-,-,-
yashpalsinghchouhan2022,Yashpal Singh Chouhan,C5M5G4S1,22MIM10100,-,-,-,-,-,-
ankur2022,Ankur .,F5V2C1K1,22MIM10075,-,-,-,-,-,-
bharatraghuvanshi2022,Bharat Raghuvashi,L9O8E8G5,22MEI10006,-,-,-,-,-,-
shreya.23bcy10169,Shreya Singh,D4Z5W1I9,23BCY10169,-,-,-,-,-,-
pracheer.23bcy10126,Pracheer Srivastava,J3U4T8X9,23BCY10126,-,-,-,-,-,-
saloni.23bhi10130,Saloni Bhati,J3W7I7C0,23BHI10130,-,-,-,-,-,-
saloni.23bai11305,Saloni Pokharna,F3O9Y4Q0,23BAI11305,-,-,-,-,-,-
harshan.23bai10451,Harshan Kumar Potti,A2D4L6D7,23BAI10451,-,-,-,-,-,-
amit.23bai10607,Amit Khurana,G4O6E3W5,23BAI10607,-,-,-,-,-,-
nishi.23boe10070,Nishi Agrawal,E4K4E5G8,23BOE10070,-,-,-,-,-,-
anubhav.23bai11112,Anubhav Jha,H2G6G5Y4,23BAI11112,-,-,-,-,-,-
anisha.23bai10992,Anisha Amar Srivastava,C3K5V1E1,23BAI10992,-,-,-,-,-,-
ayush.25mca10010,Ayush Yadav,L3V3Z7L3,25MCA10010,-,-,-,-,-,-
mahi.23bai11267,Mahi Saxena,D2U5Z4L9,23BAI11267,-,-,-,-,-,-
satendra.23bce11423,Satendra Soraiya,O2D6B2O8,23bce11423,-,-,-,-,-,-
duggineninikhilendra2022,DUGGINENI NIKHILENDRA,I0Z3P8O0,22MIP10051,-,-,-,-,-,-
Sabnam.25MCA10035,sabnam Sultana,S3Y5P2Z4,25MCA10035,-,-,-,-,-,-
tanu.25mca10112,Tanu Rai,V1I6X2H0,25MCA10112,-,-,-,-,-,-
omikasingh2022,Omika Singh,E2V9X9F8,22MEI10018,-,-,-,-,-,-
sanjog.23bcy10105,Sanjog Gupta,O2S4R9Z7,23BCY10105,-,-,-,-,-,-
aparnayadav2022,Aparna Yadav,F4R1I6T8,22MIM10052,-,-,-,-,-,-
sapna.23bsa10202,Sapna Tiwari,P0B2U2G5,23BSA10202,-,-,-,-,-,-
kushagra.23bsa10072,Kushagra Raghuvanshi,Y4K8R6S9,23BSA10072,-,-,-,-,-,-
aastha.23bsa10195,Aastha Kumari,F1R8T9L9,23BSA10195,-,-,-,-,-,-
haris.23bsa10085,Haris K Sumesh,G6L0X4P6,23BSA10085,-,-,-,-,-,-
harsh.23boe10099,Harsh Chitransh,P1D4X1Q7,23BOE10099,-,-,-,-,-,-
suddershan.23boe10062,Suddershan S,Q5G4E2X5,23BOE10062,-,-,-,-,-,-
sanika.23bhi10056,Sanika Sangvai,N1E5Z8J7,23BHI10056,-,-,-,-,-,-
soham.23bhi10157,SOHAM JAGTAP,L3S5B9B0,23BHI10157,-,-,-,-,-,-
shishir.23bey10033,SHISHIR SINGH,Y4Y1A8T2,23BEY10033,-,-,-,-,-,-
pranav.23bcy10018,Pranav Bhardwaj,M2D5Z9T7,23BCY10018,-,-,-,-,-,-
shreyansh.23bcy10217,Shreyansh Saha,A1X6A1P1,23BCY10217,-,-,-,-,-,-
ipshita.23bcy10325,Ipshita Gupta,A5B6E0V0,23BCY10325,-,-,-,-,-,-
aman.23bcg10104,AMAN KUMAR SINGH,I1A7X4Q4,23BCG10104,-,-,-,-,-,-
gautham.23bcg10022,Gautham Suresh,I4X4N6T7,23BCG10022,-,-,-,-,-,-
abhineet.23bce10144,Abhineet Sharma,Z1Z7P5H7,23BCE10144,-,-,-,-,-,-
anuj.23bce10476,Anuj Rai,X9L9P7X7,23BCE10476,-,-,-,-,-,-
anwesa.23bce10349,Anwesa Ray,R5H1X6F9,23BCE10349,-,-,-,-,-,-
arnav.23bce11186,Arnav Sharma,A4D7E6U8,23BCE11186,-,-,-,-,-,-
ayan.23bce11580,Ayan Tiwari,Z6W7E0G3,23BCE11580,-,-,-,-,-,-
diya.23bce10486,Diya Mittal,K1Z9C6Y0,23BCE10486,-,-,-,-,-,-
kalpaang.23bce11249,KALPAANG SEN,X5E0E2E6,23BCE11249,-,-,-,-,-,-
maanas.23bce10567,Maanas Brahme,I0F3R3C7,23BCE10567,-,-,-,-,-,-
sachin.23bce10625,Om Fulsundar,X5Y3U6T0,23BCE10625,-,-,-,-,-,-
saurabh.23bce10992,Saurabh Sharma,R5T3Y7K5,23BCE10992,-,-,-,-,-,-
siya.23bce11734,Siya Bojewar,V2F1Q0V9,23BCE11734,-,-,-,-,-,-
vaishnavi.23bce11253,Vaishnavi Gupta,D4I6N7M7,23BCE11253,-,-,-,-,-,-
vikas.23bai10864,VIKAS CHAUHAN,X4J6Z3C0,23bai10864,-,-,-,-,-,-
aana.23bai10707,Aana Jain,O4A8R1X2,23BAI10707,-,-,-,-,-,-
anshu.23bai10519,Anshu Kumar,H9D9C8F9,23BAI10519,-,-,-,-,-,-
dhruv.23bai10438,Dhruv Choudhary,Y6A5M8B7,23BAI10438,-,-,-,-,-,-
sagun.23bai10958,Sagun Ishan Jha,O2Q2E0I4,23BAI10958,-,-,-,-,-,-
luvkush.23bai11229,LUVKUSH SINGH,C4Z7Q9Q4,23BAI11229,-,-,-,-,-,-
rishit.23bai10329,Rishit Aggarwal,C1F8X7K5,23BAI10329,-,-,-,-,-,-
shashwat.23bai11174,Shashwat Pratap Singh,S4Z5F7U9,23BAI11174,-,-,-,-,-,-
aditya.23bai10232,Aditya Sudan,B2F0U7Y0,23BAI10232,-,-,-,-,-,-
gaurang.23bme10013,Gaurang Gupta,D2M5V6M0,23BME10013,-,-,-,-,-,-
nalin.23bme10005,Nalin Jain,G5S8X8W3,23BME10005,-,-,-,-,-,-
niraj.23bme10009,Niraj Smiti Ranjan Roy,Y1B1Z3J0,23BME10009,-,-,-,-,-,-
sachin.23bme10007,Sachin Tomar,I4E1F9W9,23BME10007,-,-,-,-,-,-
omkar.23bsa10083,Omkar Mahesh,N1H2R6B9,23BSA10083,-,-,-,-,-,-
piyush.23bsa10184,Piyush Raj,I3V3B6I2,23BSA10184,-,-,-,-,-,-
saksham.23bsa10055,Saksham Rai,H6R6Q2M3,23BSA10055,-,-,-,-,-,-
riyansh.23bsa10136,Riyansh Kumar,K3R3D6I8,23BSA10136,-,-,-,-,-,-
sarthak.23bsa10099,SARTHAK CHAURASIA,K4S0U8L3,23BSA10099,-,-,-,-,-,-
sarthak.23bsa10058,Sarthak Jalan,Q2D7V1C1,23BSA10058,-,-,-,-,-,-
shikhar.23bsa10035,Shikhar Gupta,K4O9S4L6,23BSA10035,-,-,-,-,-,-
mani.23bsa10066,Shreena Mani,M4G6E7J3,23BSA10066,-,-,-,-,-,-
vaibhvee.23bsa10137,Vaibhvee Prakash,K4L6P3E8,23BSA10137,-,-,-,-,-,-
aditya.23bsa10171,Aditya Kulkarni,F4S2B2L6,23BSA10171,-,-,-,-,-,-
amarjit.23bsa10138,Amarjit Paul,S4M1Y9E9,23BSA10138,-,-,-,-,-,-
apurwa.23bsa10206,Apurwa Sharma,U5X8B0O4,23BSA10206,-,-,-,-,-,-
patil.23bsa10028,Atharv Patil,W5O0R3U2,23BSA10028,-,-,-,-,-,-
devansh.23bsa10199,Devansh Soni,D4S9O2L9,23BSA10199,-,-,-,-,-,-
dev.23bsa10189,Dev Kumar Rastogi,X3K6R6D9,23BSA10189,-,-,-,-,-,-
nakshatra.23bsa10057,NAKSHATRA JAIN,G3U2E7M3,23BSA10057,-,-,-,-,-,-
aarav.23bsa10098,Aarav Singh,Q4P7C6T4,23BSA10098,-,-,-,-,-,-
aarushi.23bsa10110,Aarushi Sharma,Y3C8H3F1,23BSA10110,-,-,-,-,-,-
Prateek.23bas10082,Prateek Singh,P1T4H8Z7,23BAS10082,-,-,-,-,-,-
riya.23bas10108,RIYA VERMA,C6C6J7R4,23BAS10108,-,-,-,-,-,-
sayani.23boe10042,Sayani Chatterjee,V5M6G9W1,23BOE10042,-,-,-,-,-,-
divyanshi.23boe10078,Divyanshi Mohanty,M5Z3D4Z0,23BOE10078,-,-,-,-,-,-
anushka.23boe10072,Anushka Gora,Y1S7R8P3,23BOE10072,-,-,-,-,-,-
namrata.23boe10087,Namrata Vishwakarma,R2B0A1W7,23BOE10087,-,-,-,-,-,-
shreya.23boe10022,Shreya Gupta,H1R8C2Z7,23BOE10022,-,-,-,-,-,-
sofiya.23boe10086,Sofiya Chavarekar,R5Z3D5B8,23BOE10086,-,-,-,-,-,-
ayush.23boe10128,Ayush Tiwari,I3T9V1O6,23BOE10128,-,-,-,-,-,-
anshika.23bmr10019,Anshika Debroy,N2V6A1G8,23BMR10019,-,-,-,-,-,-
sonal.23bmr10013,Sonal Suresh Dhurwe,Y4K2U5X4,23BMR10013,-,-,-,-,-,-
milan.23bey10055,Milan Panwar,D2I2S8B4,23BEY10055,-,-,-,-,-,-
prashant.23bey10027,Prashant Vishwakarma,V5I9V7A7,23BEY10027,-,-,-,-,-,-
ritu.23bey10050,Ritu Raj Singh,Z3M2B2Y0,23BEY10050,-,-,-,-,-,-
vaibhav.23bey10081,vaibhav bhatt,K5G0Q7M9,23BEY10081,-,-,-,-,-,-
vinayak.23bey10021,Vinayak Sharma,B8Q6R5Z7,23BEY10021,-,-,-,-,-,-
aastha.23bey10088,Aastha Kumari,K2D4U9S3,23BEY10088,-,-,-,-,-,-
abhishek.23bey10025,Abhishek Pradhan,P2X7M1N0,23BEY10025,-,-,-,-,-,-
aditi.23bey10006,Aditi Verma,T4L9I6Q2,23BEY10006,-,-,-,-,-,-
Anshika.23bey10056,Anshika Shukla,I3D9C7O9,23BEY10056,-,-,-,-,-,-
anshul.23bey10069,Anshul Rastogi,X4L4F3Y8,23BEY10069,-,-,-,-,-,-
anshuman.23bey10083,Anshuman Kashyap,S4G1R3G9,23BEY10083,-,-,-,-,-,-
bhaskar.23bey10012,Bhaskar Ojha,Q3M7J9P3,23BEY10012,-,-,-,-,-,-
diksha.23bey10036,DIKSHA AGRAWAL,Q3O6B3G5,23BEY10036,-,-,-,-,-,-
gaurav.23bey10041,Gaurav Kumar,K8P3X4L0,23BEY10041,-,-,-,-,-,-
gouri.23bey10087,Gouri saxena,R4U3M9N4,23BEY10087,-,-,-,-,-,-
pranav.23bey10032,G V Pranav Sharma,L4M9T0V5,23BEY10032,-,-,-,-,-,-
mridul.23bey10031,Mridul Jain,V3F8I5L8,23BEY10031,-,-,-,-,-,-
madhura.23bey10070,Madhura meenakshi Chettukunta,J1D4U6R5,23BEY10070,-,-,-,-,-,-
bilaiya.23bey10008,Om Bilaiya,T4V9I9T8,23BEY10008,-,-,-,-,-,-
rakshitha.23bey10014,P Rakshitha,E2F3K6G0,23BEY10014,-,-,-,-,-,-
arsh.23bcg10032,Arsh Ansari,Q3F9Q7G3,23BCG10032,-,-,-,-,-,-
kumar.23bcg10105,Kumar Ayush,A1R0J2X5,23BCG10105,-,-,-,-,-,-
dibyansh.23bcg10059,Dibyansh Garg,N5V7S6G6,23BCG10059,-,-,-,-,-,-
deeksha.23bcg10065,Deeksha Sharma,L3M9I0Q9,23BCG10065,-,-,-,-,-,-
shivansh.23bcg10081,Shivansh Chauhan,M2N7O1Y1,23BCG10081,-,-,-,-,-,-
kunal.23bcg10101,Kunal Kumar,F1G3L8K8,23BCG10101,-,-,-,-,-,-
jagadeesh.23bcg10013,Chappa Jagadeesh,P2W5B4Y6,23BCG10013,-,-,-,-,-,-
janmajay.23bcg10115,Janmajay Sahani,N1I9B6E5,23BCG10115,-,-,-,-,-,-
rama.23bcg10042,Rama Mangtani,L4B2U3G5,23BCG10042,-,-,-,-,-,-
mohd.23bcg10134,Mohd Ayaz Khan,Q4N0N0G4,23BCG10134,-,-,-,-,-,-
paurush.23bcg10085,Paurush Nimje,V1S7Q6Z6,23BCG10085,-,-,-,-,-,-
prakamya.23bcg10118,Prakamya Srivastav,P6K2U3G3,23BCG10118,-,-,-,-,-,-
prateek.23bcg10010,Prateek Vashishtha,X1T3Y6T3,23BCG10010,-,-,-,-,-,-
rishit.23bcg10008,Rishit Singh,A6U5C0G7,23BCG10008,-,-,-,-,-,-
prithvi.23bcg10026,PRITHVI NARAYAN SINGH,Q7F0O6G4,23BCG10026,-,-,-,-,-,-
shruti.23bcg10099,Shruti Rathi,M2P7F9X6,23BCG10099,-,-,-,-,-,-
riya.23bcg10080,Riya Patel,W1X1J2M9,23BCG10080,-,-,-,-,-,-
ruchika.23bcg10108,Ruchika Shekokar,R2R4G5J9,23BCG10108,-,-,-,-,-,-
sakshi.23bcg10019,Sakshi Shaw,C2K7J6Y1,23BCG10019,-,-,-,-,-,-
shiva.23bcg10041,Shiva Singh,G4P9X4O4,23BCG10041,-,-,-,-,-,-
shubham.23bcg10021,Shubham Shubham,V5R0T6J0,23BCG10021,-,-,-,-,-,-
shlok.23bcg10094,Shlok Shukla,C5K4U7Z3,23BCG10094,-,-,-,-,-,-
aayush.23bcg10098,Aayush Kumar Singh,W4N4K3F2,23BCG10098,-,-,-,-,-,-
aditya.23bcg10109,Aditya Ahuja,M3Q7F4W5,23BCG10109,-,-,-,-,-,-
aman.23bcg10057,Aman kumar Singh,J1O3E6D2,23BCG10057,-,-,-,-,-,-
anuradha.23bcg10043,Anuradha Kumari,F6K2R5T8,23BCG10043,-,-,-,-,-,-
aribah.23bcg10044,Aribah Armin,W5Z2F6W1,23BCG10044,-,-,-,-,-,-
ansh.23bet10008,Ansh Lachhwani,Q5K8L9J5,23BET10008,-,-,-,-,-,-
kulmeet.23bet10047,Kulmeet Singh Makkar,F1J8H4W9,23BET10047,-,-,-,-,-,-
vanshul.23bet10023,Vanshul Lalwani,V1E6E0B8,23BET10023,-,-,-,-,-,-
aditi.23bet10035,Aditi Lande,E1B2H7P7,23BET10035,-,-,-,-,-,-
vishwajeet.23bhi10085,Vishwajeet Deshmukh,M5D8A8C6,23BHI10085,-,-,-,-,-,-
abhishek.23bhi10052,Abhishek Kumar,H6Q7O2K1,23BHI10052,-,-,-,-,-,-
Vishal.23bhi10067,Vishal Ojha,P1H3U9V6,23BHI10067,-,-,-,-,-,-
aurko.23bhi10074,Aurko Chatterjee,N4K1X1U5,23BHI10074,-,-,-,-,-,-
ayusi.23bhi10004,AYUSI PARIDA,F1C6R0J9,23BHI10004,-,-,-,-,-,-
anurag.23bhi10036,Anurag Bhattacharjee,A5L3T2R5,23BHI10036,-,-,-,-,-,-
bhavit.23bhi10021,bhavit arora,O7O2K5Q9,23BHI10021,-,-,-,-,-,-
ghaziah.23bhi10034,Ghaziah Shoeb,B4Z2I8L2,23BHI10034,-,-,-,-,-,-
gauri.23bhi10001,Gauri Gupta,X1Z2N0D6,23BHI10001,-,-,-,-,-,-
krupa.23bhi10128,Krupa Joshi,W2D0Z6F2,23BHI10128,-,-,-,-,-,-
maanavi.23bhi10180,Maanavi Chawla,I4R4E3Y6,23BHI10180,-,-,-,-,-,-
mansi.23bhi10002,Mansi Kaushik,F3G3C4K0,23BHI10002,-,-,-,-,-,-
mohanish.23bhi10049,Mohanish Pattanaik,F4A7B7B4,23BHI10049,-,-,-,-,-,-
prashasti.23bhi10059,Prashasti Satpathi,Y3U3K7F5,23BHI10059,-,-,-,-,-,-
nancy.23bhi10194,Nancy Sharma,U3W1L3D7,23BHI10194,-,-,-,-,-,-
yash.23bhi10126,Yash Richhariya,O2C5B4J2,23BHI10126,-,-,-,-,-,-
rishabh.23bhi10166,Rishabh Nayak,I5K3O1I3,23BHI10166,-,-,-,-,-,-
shreya.23bhi10129,Shreya Roy,G5I2U1X9,23BHI10129,-,-,-,-,-,-
saral.23bhi10123,Saral Singhal,V1T1M6L2,23BHI10123,-,-,-,-,-,-
saniya.23bhi10022,Saniya Saw,O3U0E4N5,23BHI10022,-,-,-,-,-,-
sujal.23bhi10071,SUJAL GUPTA,B3K9Q5I4,23BHI10071,-,-,-,-,-,-
shristi.23bhi10125,Shristi Jha,D1P4V9U7,23BHI10125,-,-,-,-,-,-
ayushi.23bhi10057,Ayushi Taralkar,J1E6L7J0,23BHI10057,-,-,-,-,-,-
vidhu.23bhi10040,Vidhu Vinod,M4M5E1A0,23BHI10040,-,-,-,-,-,-
aadira.23bhi10136,Aadira Rajeev,P3X0U6M5,23BHI10136,-,-,-,-,-,-
aarya.23bhi10151,Aarya Bajaj,D9Q8S4E3,23BHI10151,-,-,-,-,-,-
abhidha.23bhi10060,Abhidha Gupta,Y2F4K1X1,23BHI10060,-,-,-,-,-,-
shindadkar.23bhi10119,Aditi Satish Shindadkar,I3Q4S5V4,23BHI10119,-,-,-,-,-,-
aditi.23bhi10121,Aditi .,I5S5L8N5,23BHI10121,-,-,-,-,-,-
ADITISRIVASTAVA816,ADITI SRIVASTAVA,D6D0S8X9,23BHI10054,-,-,-,-,-,-
akshaya.23bhi10047,Akshaya Murugan,F2O9A7O4,23BHI10047,-,-,-,-,-,-
alby.23bhi10149,Alby Benny,V3X9K9L2,23BHI10149,-,-,-,-,-,-
amrit.23bhi10192,Amrit raj,R6S6K6D9,23BHI10192,-,-,-,-,-,-
ananya.23bhi10109,Ananya Sinha,V1P0V9T2,23BHI10109,-,-,-,-,-,-
ankit.23bhi10069,Ankit Pattanaik,K4H7U5Z7,23BHI10069,-,-,-,-,-,-
anubhab.23bhi10051,Anubhab Bhattacharjee,Z2V3Z3G7,23BHI10051,-,-,-,-,-,-
anuja.23bhi10158,Anuja Rawat,R4N2A3Q1,23BHI10158,-,-,-,-,-,-
apratim.23bhi10167,APRATIM RASHMI,A4Y1O0E6,23BHI10167,-,-,-,-,-,-
arpit.23bhi10081,Arpit Pattanaik,H6T0U2R2,23BHI10081,-,-,-,-,-,-
atharv.23bhi10188,Atharv Tripathi,Q4T6K2L4,23BHI10188,-,-,-,-,-,-
abhilasha.25mca10081,Abhilasha Sahu,X2L8D9F1,25MCA10081,-,-,-,-,-,-
akhil.25mca10045,Akhil Trivedi,Z2G3Y1L2,25MCA10045,-,-,-,-,-,-
barsa.25mca10099,S Barsa Patro,I2J6S2Z6,25MCA10099,-,-,-,-,-,-
natalina.25mca10067,Natalina .,O6N8N0P0,25mca10067,-,-,-,-,-,-
abhijeet.25mca10005,Abhijeet Dey,R4G1B8H4,25MCA10005,-,-,-,-,-,-
gurinddersingh77,Gurinder Singh,V2T4V7L8,25MCA10097,-,-,-,-,-,-
shivangi.25mca10108,Shivangi Paliwal,U4M7H1N9,25MCA10108,-,-,-,-,-,-
rishi.25mca10100,RISHI KUMAR,J2V5P0R6,25MCA10100,-,-,-,-,-,-
Suraj.25mca10030,Suraj Yadav,E6R4S1E6,25MCA10030,-,-,-,-,-,-
vinit.25mca10051,Vinit Gupta,E3O3I8S7,25MCA10051,-,-,-,-,-,-
vishal.25mca10102,Vishal Mishra,J1R8P7S2,25MCA10102,-,-,-,-,-,-
akshat.23bcy10019,Akshat Singh,X4P4I8K0,23BCY10019,-,-,-,-,-,-
shreyas.23bcy10351,Shreyas Desai,V1J1V6B3,23BCY10351,-,-,-,-,-,-
karan.23bcy10232,Karan Singh,F4C9G4I5,23BCY10232,-,-,-,-,-,-
sneha.23bcy10024,Sneha Shaji,S2W5G8A1,23BCY10024,-,-,-,-,-,-
samarth.23bcy10192,Samarth Srivastava,A1I2H3O2,23BCY10192,-,-,-,-,-,-
srujan.23bcy10009,Srujan Varma,L3G3U2Q2,23BCY10009,-,-,-,-,-,-
varsha.23bcy10182,Varsha Vaishnav,J4I2U0L4,23BCY10182,-,-,-,-,-,-
vyshnav.23bcy10147,Vyshnav M,S5E6A1T0,23BCY10147,-,-,-,-,-,-
hamza.23bcy10069,Hamza Ali Ashrafi,U8J7J5B1,23BCY10069,-,-,-,-,-,-
harshita.23bcy10060,Harshita Swarnkar,Z3A0G1Q8,23BCY10060,-,-,-,-,-,-
hemant.23bcy10178,Hemant Kumar,B2G4C1L9,23BCY10178,-,-,-,-,-,-
ayan.23bcy10295,Ayan Gupta,E3I7T5N5,23BCY10295,-,-,-,-,-,-
kavya.23bcy10158,Kavya Gyanchandani,Q6R5T4B3,23BCY10158,-,-,-,-,-,-
mayank.23bcy10106,Mayank Rawat,T3F4L6W8,23BCY10106,-,-,-,-,-,-
mayank.23bcy10224,Mayank Verma,K4S2Q5F6,23BCY10224,-,-,-,-,-,-
mithesh.23bcy10269,Mithesh R Mohan,O3P5P4I2,23BCY10269,-,-,-,-,-,-
pranjal.23bcy10200,PRANJAL MEHRA,V4A9X5T4,23BCY10200,-,-,-,-,-,-
kashyap.23bcy10124,Om Kashyap,G6F3L1M7,23BCY10124,-,-,-,-,-,-
patkar.23bcy10221,Atharv Patkar,K1U0E1M6,23BCY10221,-,-,-,-,-,-
pranjul.23bcy10227,Pranjul Parashar,G2W9I5Q6,23BCY10227,-,-,-,-,-,-
prashant.23bcy10236,Prashant Kumar,X7A6I6G9,23BCY10236,-,-,-,-,-,-
rishima.23bcy10231,Rishima Sharma,F5V9M9H0,23BCY10231,-,-,-,-,-,-
rouhan.23bcy10347,Rouhan Iqbal,F3E7P0H7,23BCY10347,-,-,-,-,-,-
abhi.23bcy10311,Abhi Singh,Y1P8Q9G9,23BCY10311,-,-,-,-,-,-
adi.23bcy10045,Adi Kulkarni,E5O3N7S2,23BCY10045,-,-,-,-,-,-
anuj.23bcy10312,Anuj kekre,T2P6Z4X0,23BCY10312,-,-,-,-,-,-
aryaman.23bcy10189,Aryaman Jha,X5J3O7C1,23BCY10189,-,-,-,-,-,-
aegananthen.23bcy10301,AEGANANTHEN SAI,M5L7X4W7,23BCY10301,-,-,-,-,-,-
cheruvu.23bcy10213,Cheruvu Surya Sai Anushka,K4B0E7R8,23BCY10213,-,-,-,-,-,-
devkrishna.23bcy10123,Devkrishna U S,B2J7X8X4,23BCY10123,-,-,-,-,-,-
gunal.23bcy10129,B GUNAL,V5U8C2S1,23BCY10129,-,-,-,-,-,-
Vraj.23bce11796,Vraj shah,S2B6T0O4,23BCE11796,-,-,-,-,-,-
bhoovesh.23bce10242,Bhoovesh Vyas,Z2Q2Q7Z2,23BCE10242,-,-,-,-,-,-
yash.23bce11477,Yash Gupta,D2Q9A2P9,23BCE11477,-,-,-,-,-,-
yash.23bce10603,Yash Beniwal,M2W0V9W6,23BCE10603,-,-,-,-,-,-
yash.23bce10902,Yash Sethi,U6B7K4B9,23BCE10902,-,-,-,-,-,-
yashswani.23bce10500,Yashswani Soni,M4X6M3F9,23BCE10500,-,-,-,-,-,-
shravani.23bce10293,Shravani Sanjay Tayade,S4W5M8X8,23BCE10293,-,-,-,-,-,-
kartikey.23bce11650,Kartikey Tiwari,A5A6D8E9,23BCE11650,-,-,-,-,-,-
suryansh.23bce11113,Suryansh Tiwari,J9A9L5H0,23BCE11113,-,-,-,-,-,-
vaibhavi.23bce10875,Vaibhavi Singh,G5O6Z8B7,23BCE10875,-,-,-,-,-,-
vaidant.23bce11471,Vaidant Hundet,P5X5O7P4,23BCE11471,-,-,-,-,-,-
varda.23bce10345,Varda Joshi,P4X2T6P4,23BCE10345,-,-,-,-,-,-
vishu.23bce10348,Vishu Kumar Singh,J2T8X9O5,23BCE10348,-,-,-,-,-,-
vivaswan.23bce11672,Vivaswan Nanda,L6J5R8N2,23BCE11672,-,-,-,-,-,-
siddhant.23bce10050,SIDDHANT DHAKA,I4O6Q3J6,23BCE10050,-,-,-,-,-,-
siddharth.23bce10209,SIDDHARTH SINGH,M2H0E9X2,23BCE10209,-,-,-,-,-,-
tanay.23bce11211,Tanay Singh,M5B4B8X3,23BCE11211,-,-,-,-,-,-
yashvardhan.23bce10849,Yashvardhan Singh Sarangdevot,R4S7R0Z4,23BCE10849,-,-,-,-,-,-
patel.23bce11773,Patel Sneh Ketankumar,B5S7Y6M5,23BCE11773,-,-,-,-,-,-
sonam.23bce10654,Sonam Sharan,J3P5U3L8,23BCE10654,-,-,-,-,-,-
sudeeksha.23bce11136,Sudeeksha Pachori,F4Y2T2Q6,23BCE11136,-,-,-,-,-,-
swagat.23bce10351,Swagat Kumar Panda Panda,U4G1V3E1,23BCE10351,-,-,-,-,-,-
tanisha.23bce11785,Tanisha Likhitkar,Q5C4O6H9,23BCE11785,-,-,-,-,-,-
tanishka.23bce11219,Tanishka Kumari,X5O0X4B2,23BCE11219,-,-,-,-,-,-
tanya.23bce11140,Tanya Bhagunde,B4E6K3X0,23BCE11140,-,-,-,-,-,-
alok.23bce11541,Alok Kumar Shah,M9X3E9A8,23BCE11541,-,-,-,-,-,-
shinde.23bce11549,Shivam Uttamrao Shinde,I4G7L3M6,23BCE11549,-,-,-,-,-,-
Shivansh.23bce10812,Shivansh Shivansh,W1V0D9N8,23bce10812,-,-,-,-,-,-
shorya.23bce10614,Shorya Dixit,Z2J3R1R5,23BCE10614,-,-,-,-,-,-
shrey.23bce10388,Shrey Gupta,Z2E6I4B4,23BCE10388,-,-,-,-,-,-
shreyansh.23bce10701,Shreyansh Pande,E1M5B3C0,23BCE10701,-,-,-,-,-,-
shreyash.23bce11081,Shreyash Singh Raghuwanshi,T1E1H1T6,23BCE11081,-,-,-,-,-,-
shreya.23bce11701,Shreya Shukla,G2U4L6M3,23BCE11701,-,-,-,-,-,-
shrey.23bce10643,SHREY RAJ,Z3U0J7A4,23bce10643,-,-,-,-,-,-
shubh.23bce10910,Shubh Pratap Singh,S1G1C0W3,23BCE10910,-,-,-,-,-,-
samiul.23bce10842,Samiul Haque Azmi,G3S6M0W3,23BCE10842,-,-,-,-,-,-
sahaj.23bce11787,Sahaj Kothari,M2Q0C1I7,23BCE11787,-,-,-,-,-,-
sahil.23bce10212,Sahil Shukre,S5V0J6R2,23BCE10212,-,-,-,-,-,-
saksham.23bce11216,Saksham Agarwal,Q5I1E2U0,23BCE11216,-,-,-,-,-,-
sakshi.23bce11121,Sakshi Sharma,T8I5V4J4,23BCE11121,-,-,-,-,-,-
samarth.23bce11323,Samarth Kadam,E4K6G5V7,23BCE11323,-,-,-,-,-,-
tiwari.23bce11556,Samarth Tiwari,L2I3F6S2,23BCE11556,-,-,-,-,-,-
sameen.23bce10753,Sameen Dhanimisetti,P3S6Q0D0,23BCE10753,-,-,-,-,-,-
sameer.23bce11241,Sameer Chaudhary,B2U2Y2R2,23BCE11241,-,-,-,-,-,-
samiksha.23bce10088,Samiksha Tiwari,Z6Y4C0L6,23BCE10088,-,-,-,-,-,-
samriddhi.23bce10140,SAMRIDDHI TRIPATHI,R5E8E6X4,23bce10140,-,-,-,-,-,-
samsritha.23bce10782,P Samsritha,F6D3G4E8,23BCE10782,-,-,-,-,-,-
sara.23bce11454,Sara Mollick,Y1A5E3L4,23BCE11454,-,-,-,-,-,-
sayan.23bce11380,Sayan Laha,M2F2Z1F1,23BCE11380,-,-,-,-,-,-
dhanush.23bce11429,S DHANUSH,W3H2V3D8,23BCE11429,-,-,-,-,-,-
priyansh.23bce10184,Priyansh Chaudhary,T1Z6Z7E2,23BCE10184,-,-,-,-,-,-
purushrut.23bce11084,Purushrut Pandey,A4S5X5X5,23BCE11084,-,-,-,-,-,-
rahul.23bce11623,Rahul Jena,C5G5O5F4,23BCE11623,-,-,-,-,-,-
utsav.23bce10920,Utsav Raj,L3P3Z4V6,23BCE10920,-,-,-,-,-,-
rimzim.23bce11076,Rimzim Kumari,T5L7Y1T2,23BCE11076,-,-,-,-,-,-
ritik.23bce10385,Ritik Mangawa,J3Q2P7Q3,23BCE10385,-,-,-,-,-,-
shlok.23bce11457,Shlok Kumar,T3S9Q4R8,23BCE11457,-,-,-,-,-,-
prachi.23bce11342,Prachi Singh,U3V7D4U7,23BCE11342,-,-,-,-,-,-
sumit.23bce10122,Sumit Prajapati,L1D8J3L9,23BCE10122,-,-,-,-,-,-
pranav.23bce10660,Pranav Kulkarni,X2O6W7H4,23BCE10660,-,-,-,-,-,-
pranjal.23bce10052,Pranjal Jha,Z2T1W3S8,23BCE10052,-,-,-,-,-,-
prashant.23bce10508,Prashant Kumawat,Q5Y3Y9E3,23BCE10508,-,-,-,-,-,-
prasoon.23bce10488,Prasoon Saraswat,L6J6B8L9,23BCE10488,-,-,-,-,-,-
prathistha.23bce11107,Prathistha Beniwal,M4P7S6O0,23BCE11107,-,-,-,-,-,-
priyal.23bce11485,Priyal Saxena,B3A5J7V6,23BCE11485,-,-,-,-,-,-
mrityunjay.23bce10008,Mrityunjay Singh,E3M9E3C5,23BCE10008,-,-,-,-,-,-
muskan.23bce10927,Muskan Bundela,U1G1I8V8,23BCE10927,-,-,-,-,-,-
myisha.23bce11519,Myisha Porwal,S4Z7E1G6,23BCE11519,-,-,-,-,-,-
naman.23bce11430,Naman Mittal,Q4M6V5O5,23BCE11430,-,-,-,-,-,-
naman.23bce10338,Naman Shrivastava,N6A3P0K4,23BCE10338,-,-,-,-,-,-
nehal.23bce10180,Nehal Fating,E8X4T6V3,23BCE10180,-,-,-,-,-,-
nilesh.23bce10915,Nilesh Raj,D1C2P3A8,23BCE10915,-,-,-,-,-,-
sadique.23bce11535,Sadique Nomani,L5U6U7Q3,23BCE11535,-,-,-,-,-,-
nureet.23bce10468,Nureet Kaur,M5F9Y8O5,23BCE10468,-,-,-,-,-,-
ojas.23bce11189,Ojas Manakapure,Z1I6S7I5,23BCE11189,-,-,-,-,-,-
ojas.23bce10063,Ojas Patil,D6F2E6D3,23BCE10063,-,-,-,-,-,-
ansh.23bce11825,Ansh Pandey,S6W8U4F7,23BCE11825,-,-,-,-,-,-
divya.23bce10929,Divya Lokwani,C9W0S5H6,23BCE10929,-,-,-,-,-,-
mahima.23bce10867,Mahima Pal,H5X3D6K6,23BCE10867,-,-,-,-,-,-
malay.23bce11077,Malay Maru,O5P1W3R9,23BCE11077,-,-,-,-,-,-
manan.23bce10810,Manan Mittal,U1P7J9B1,23BCE1081P,-,-,-,-,-,-
meshwa.23bce11207,Meshwa Verma,Q1M3Y1B3,23BCE11207,-,-,-,-,-,-
jyotsna.23bce11062,Jyotsna Pandey,X6K2D7Y9,23BCE11062,-,-,-,-,-,-
rathlavath.23bce11601,Karthik Rathlavath,B3L3D3V7,23BCE11601,-,-,-,-,-,-
kartikey.23bce11756,Kartikey Verma,M2N2V9N6,23BCE11756,-,-,-,-,-,-
ashreen.23bce11238,Ashreen Kaur,M3D7P8F3,23BCE11238,-,-,-,-,-,-
kaushal.23bce10428,Kaushal Chandola,C5H9W5X4,23BCE10428,-,-,-,-,-,-
dhruv.23bce10117,Dhruv Kumar,Q1Z0J2K2,23BCE10117,-,-,-,-,-,-
keya.23bce11410,Keya Dave,X1P4G5J5,23BCE11410,-,-,-,-,-,-
priyam.23bce10953,Priyam Koley,T3D6Y7K1,23BCE10953,-,-,-,-,-,-
koneru.23bce11161,Koneru Charan,D5Z0E2A4,23BCE11161,-,-,-,-,-,-
harsh.23bce10828,harsh chelani,O2M0V1G8,23BCE10828,-,-,-,-,-,-
harshit.23bce11738,Harshit Singh Bisht,T1R7W8E1,23BCE11738,-,-,-,-,-,-
harshit.23bce10386,Harshit Kumar,J0V3X9E1,23BCE10386,-,-,-,-,-,-
harshita.23bce10890,Harshita Rathor,T5M6V2W4,23BCE10890,-,-,-,-,-,-
ayush.23bce10332,Ayush Patel,C6V1K3N0,23BCE10332,-,-,-,-,-,-
ishit.23bce10958,Ishit Chhabra,T2L1N8A1,23BCE10958,-,-,-,-,-,-
devesh.23bce10202,Devesh Sakre,G2O4K0R7,23BCE10202,-,-,-,-,-,-
devyanshu.23bce10205,Devyanshu Negi,X5J5B7M1,23BCE10205,-,-,-,-,-,-
devya.23bce10961,Devya Saigal,U6Y6U6O7,23BCE10961,-,-,-,-,-,-
mrityudaman.23bce10164,Mrityudaman Dhaka,Z5M4O8L5,23BCE10164,-,-,-,-,-,-
dhriti.23bce10704,Dhriti Mittal,U1P2K3B9,23BCE10704,-,-,-,-,-,-
dhruv.23bce11041,Dhruv Chutani,H5I3H2I1,23BCE11041,-,-,-,-,-,-
dhruv.23bce10259,Dhruv .,D4N7G9D2,23BCE10259,-,-,-,-,-,-
dibyadyuti.23bce10564,Dibyadyuti Chowdhury,Q2Z0W3C7,23BCE10564,-,-,-,-,-,-
divyansh.23bce10093,Divyansh Bhatt,M2Y1T0I7,23BCE10093,-,-,-,-,-,-
Dorothy.23bce10941,Dorothy,I5U8V7L3,23BCE10941,-,-,-,-,-,-
shreya.23bce10516,Shreya Dubey,W4U6U2Z1,23BCE10516,-,-,-,-,-,-
eashna.23bce10549,Eashna Jain,B4A4U3B0,23BCE10549,-,-,-,-,-,-
falguni.23bce11816,Falguni Ameta,M3G6Z5H6,23BCE11816,-,-,-,-,-,-
farooque.23bce10418,Farooque Azam,A4A8K4O5,23BCE10418,-,-,-,-,-,-
devansh.23bce11696,Devansh Garg,R1N5K2X5,23BCE11696,-,-,-,-,-,-
gaurav.23bce11765,GAURAV GARG,Q2B8F8I8,23BCE11765,-,-,-,-,-,-
gauri.23bce11131,Gauri Makker,T1U9H7B2,23BCE11131,-,-,-,-,-,-
gautam.23bce10106,Gautam Kumar Yadav,E1C6S2P7,23BCE10106,-,-,-,-,-,-
george.23bce10392,George Jibin Verghese,Z3I5A5O7,23BCE10392,-,-,-,-,-,-
gokul.23bce11291,Gokul Santhosh,S3P1C0X2,23BCE11291,-,-,-,-,-,-
ayush.23bce11017,Ayush Arvind,M1K9I1X2,23BCE11017,-,-,-,-,-,-
ayush.23bce10592,Ayush Jha,S3J1C8L3,23BCE10592,-,-,-,-,-,-
mirza.23bce11254,Mirza Marookh Baig,E5U5U5X3,23BCE11254,-,-,-,-,-,-
poosarla.23bce11760,Poosarla Balaji,O4X4T7C9,23BCE11760,-,-,-,-,-,-
ananya.23bce10533,Ananya Bhalerao,L3B0Q9W8,23BCE10533,-,-,-,-,-,-
bharat.23bce10061,Bharat Mishra,S1Q4K6A2,23BCE10061,-,-,-,-,-,-
dhruv.23bce11093,Dhruv Sharma,Y1H0D2L8,23BCE11093,-,-,-,-,-,-
daksh.23bce10667,Daksh Dugar,M3H0H6M1,23BCE10667,-,-,-,-,-,-
dev.23bce10534,Dev Asati,L5P1E2R0,23BCE10534,-,-,-,-,-,-
aashish.23bce11066,Aashish Pandey,P1P7D8P7,23BCE11066,-,-,-,-,-,-
aroan.23bce11619,Aroan Victor,V2H1Y5K0,23BCE11619,-,-,-,-,-,-
arsh.23bce10430,Arsh Baktoo,V5X0T5G6,23BCE10430,-,-,-,-,-,-
arya.23bce10217,Arya Jain,R2Z4N9Q1,23BCE10217,-,-,-,-,-,-
aryaman.23bce11309,Aryaman Kushwaha,Z2N0E6Z5,23BCE11309,-,-,-,-,-,-
avijit.23bce10391,Avijit Singh Chauhan,R6G7K8Y0,23BCE10391,-,-,-,-,-,-
asher.23bce11159,Asher Sabu Joseph,C6Z8G3N8,23BCE11159,-,-,-,-,-,-
mohd.23bce10748,Mohd Asim Ansari,A5C4J2Z7,23BCE10748,-,-,-,-,-,-
akshita.23BCE10892,Akshita Katyal,L3Z2G6F9,23BCE10892,-,-,-,-,-,-
akshat.23bce10641,Akshat Garg,R5W8D4Z6,23BCE10641,-,-,-,-,-,-
akshay.23bce10997,Akshay Mishra,V4W7P6Y7,23BCE10997,-,-,-,-,-,-
amogh.23bce10220,Amogh Agarwal,X4X8T3I4,23BCE10220,-,-,-,-,-,-
ananya.23bce10659,Ananya Kumari,A3A3Y3I6,23bce10659,-,-,-,-,-,-
ansh.23bce11808,Ansh Gaur,S3G4B6Y5,23bce11808,-,-,-,-,-,-
anshika.23bce10768,Anshika Singh,P1F3A7T2,23BCE10768,-,-,-,-,-,-
anshika.23bce11209,Anshika Singh,L3Q8Y8N3,23BCE11209,-,-,-,-,-,-
anshika.23bce11353,Anshika Singh,D3P7X3V1,23BCE11353,-,-,-,-,-,-
milind.23bce11695,Milind Verma,D2T2Z4M0,23BCE11695,-,-,-,-,-,-
anuja.23bce11448,Anuja Nag,P2A7N8B8,23BCE11448,-,-,-,-,-,-
anusha.23bce10926,Anusha Agrawal,F4I4L8P9,23BCE10926,-,-,-,-,-,-
anushka.23bce10733,Anushka Joshi,A6J3G2U1,23BCE10733,-,-,-,-,-,-
abhijeet.23bce11312,Abhijeet Kumar,Y5E9W3W5,23BCE113122,-,-,-,-,-,-
abhinav.23bce10651,Abhinav Anand,J1Z4H1I3,23BCE10651,-,-,-,-,-,-
Abhyudit.23bce11479,Abhyudit Deo Singh,I2C6A5F4,23BCE11479,-,-,-,-,-,-
adarsh.23bce10566,Adarsh Kumar Singh,G1J2I7M1,23BCE10566,-,-,-,-,-,-
adithya.23bce11624,Adithya Bijoy,R1C0N1N3,23BCE11624,-,-,-,-,-,-
aditya.23bce10237,Aditya Chaudhary,Z1S3O7H9,23BCE10237,-,-,-,-,-,-
aditya.23bce10515,Aditya Hargunani,R3S8J1H7,23BCE10515,-,-,-,-,-,-
aditya.23bce11715,ADITYA MESHRAM,N2F5H7V7,23BCE11715,-,-,-,-,-,-
aditya.23bce10787,Aditya Pandey,A3O5J8I7,23BCE10787,-,-,-,-,-,-
aditya.23bce10772,Aditya Raj,P3P1C9I7,23BCE10772,-,-,-,-,-,-
aditya.23bce11042,Aditya Sharma,Y4E4P8I8,23BCE11042,-,-,-,-,-,-
adnan.23bce11834,Adnan Shakil,S2Q0T3P8,23BCE11834,-,-,-,-,-,-
snigdha.23bce10327,Snigdha Gupta,J5H7T3W2,23BCE10327,-,-,-,-,-,-
mansi.23bce10047,Mansi Singh,O1W5N7S3,23BCE10047,-,-,-,-,-,-
ashish.23bce10183,Ashish Modhawala,F4C1F0X7,23BCE10183,-,-,-,-,-,-
aastha.23bce10398,Aastha Patel,B2C5L8G0,23BCE10398,-,-,-,-,-,-
vivekanand.23bec10020,Vivekanand Vivekanand,V3D5G6G8,23BEC10020,-,-,-,-,-,-
aditya.23bec10029,Aditya Srivastava,K5H7A0C7,23BEC10029,-,-,-,-,-,-
Akshat.23bec10053,Akshat Sharma,M1E4Q5M9,23BEC10053,-,-,-,-,-,-
anugrah.23bec10039,ANUGRAH PETERS,G4T4K2Q5,23BEC10039,-,-,-,-,-,-
avinash.23bec10028,Avinash Raj,G6K7S1P3,23BEC10028,-,-,-,-,-,-
krishangee.23bec10030,Krishangee Handique,J5I9A2U4,23BEC10030,-,-,-,-,-,-
vijay.23bai10917,Vijay Rajesh R,I3O7Z0G2,23BAI10917,-,-,-,-,-,-
vikas.23bai10650,Vikas kumar,J3H2N5D3,23BAI10650,-,-,-,-,-,-
vishal.23bai11035,Vishal Kumar,E4Y8U4C1,23BAI11035,-,-,-,-,-,-
vishesh.23bai11374,Vishesh Mani Tripathi,L5K1S9T0,23BAI11374,-,-,-,-,-,-
vivshwan.23bai10792,Vivshwan Krishna Tomar,H5G7Q5K9,23BAI10792,-,-,-,-,-,-
yash.23bai11393,YASH VERMA,V3Y4Z0O9,23BAI11393,-,-,-,-,-,-
yesh.23bai10524,Yesh Sharma,V1E5G2V8,23BAI10524,-,-,-,-,-,-
yogesh.23bai10816,yogesh kawar,C5Z7X4M2,23BAI10816,-,-,-,-,-,-
abhay.23bai10760,Abhay Choudhary,V6G9O3U3,23BAI10760,-,-,-,-,-,-
soumili.23bai11195,SOUMILI PAL,U1S6D3V5,23BAI11195,-,-,-,-,-,-
harshit.23bai10435,Harshit Tiwari,Z6T1W0Z0,23BAI10435,-,-,-,-,-,-
ayushi.23bai10811,Ayushi .,B3O1I5W9,23BAI10811,-,-,-,-,-,-
tushar.23bai10831,Tushar Saxena,K3H8K4E9,23BAI10831,-,-,-,-,-,-
ujjwal.23bai10443,Ujjwal Pathak,S1B0Q0W1,23BAI10443,-,-,-,-,-,-
urmi.23bai10102,Urmi Barman,V1I6Y9C7,23BAI10102,-,-,-,-,-,-
vaibhav.23bai10406,Vaibhav Arora,R1H2P1Q2,23BAI10406,-,-,-,-,-,-
vansh.23bai10586,Vansh Kashyap,G2E5Z3Q7,23BAI10586,-,-,-,-,-,-
yogesh.23bai10056,Yogesh,Y4J6O1K2,23BAI10056,-,-,-,-,-,-
sneha.23bai10659,Sneha Mandal,L1F2W7D6,23BAI10659,-,-,-,-,-,-
sree.23bai10844,Sree Parvathy P Nair,V2W4I2R8,23BAI10844,-,-,-,-,-,-
sreenand.23bai10132,Sreenand Rajeev,N3F9K4X6,23BAI10132,-,-,-,-,-,-
akshat.23bai10865,Akshat Srivastava,P1M8J1T7,23BAI10865,-,-,-,-,-,-
subhadeep.23bai10977,Subhadeep Sarkar,R4V0Y3Q6,23BAI10977,-,-,-,-,-,-
subhranshu.23bai10252,Subhranshu Sharma,K2M4Z5I9,23BAI10252,-,-,-,-,-,-
suryansh.23bai11228,Suryansh Sapehia,E2V6U6Y5,23bai11228,-,-,-,-,-,-
swaroop.23bai10722,Swaroop Bhowmik,M1N2K0N0,23BAI10722,-,-,-,-,-,-
swayam.23bai10606,Swayam Burde,F4R5V3G1,23BAI10606,-,-,-,-,-,-
tanishk.23bai10415,Tanishk Jain,W3C9J7I6,23BAI10415,-,-,-,-,-,-
tanishq.23bai10587,Tanishq das,C3R4S2X2,23BAI10587,-,-,-,-,-,-
tanush.23bai10073,Tanush Chawla,H6C4L1I2,23BAI10073,-,-,-,-,-,-
sankarsha.23bai10440,Sankarsha S,B3I0H7K1,23BAI10440,-,-,-,-,-,-
satvik.23bai10651,Satvik Sharma,I3O6T9R4,23BAI10651,-,-,-,-,-,-
samridhi.23bai10271,Samridhi Saxena,L2D5C8H8,23BAI10271,-,-,-,-,-,-
shadaan.23bai10399,Md Shadaan Ashraf,G4N5U2X9,23BAI10399,-,-,-,-,-,-
ayushi.23bai10569,Ayushi sharma,C1M3K2R8,23BAI10569,-,-,-,-,-,-
shatakshi.23bai10394,Shatakshi Prasad,V3M9P6E8,23BAI10394,-,-,-,-,-,-
shresth.23bai11216,Shresth Kumar Jha,T3F9C5X3,23BAI11216,-,-,-,-,-,-
shreyansh.23bai10027,Shreyansh Uttam,F3H7H4R0,23BAI10027,-,-,-,-,-,-
shweta.23bai10946,Shweta Gupta,Z3A6D6Y9,23BAI10946,-,-,-,-,-,-
rishi.23bai10490,RISHI SINGH,N4A1F2J2,23BAI10490,-,-,-,-,-,-
shivam.23bai10975,Shivam Sinha,S1P6U4W9,23BAI10975,-,-,-,-,-,-
rachit.23bai10969,Rachit Patel,J6S9F0P8,23BAI10969,-,-,-,-,-,-
purunjay.23bai11067,Purunjay Pratap Singh,V5P8Q4A7,23BAI11067,-,-,-,-,-,-
pushkar.23bai10421,Pushkar Lakshakar,N4C4Y3Q4,23BAI10421,-,-,-,-,-,-
nikhil.23bai10123,Nikhil Rajput,H5R0E5X6,23BAI10123,-,-,-,-,-,-
tanman.23bai11341,Tanman Raj,N4L8T4S2,23BAI11341,-,-,-,-,-,-
rashi.23bai10779,Rashi Sahu,Z4T5N6G8,23BAI10779,-,-,-,-,-,-
rishabh.23bai10039,Rishabh Tanwar,M4F5O1A5,23BAI10039,-,-,-,-,-,-
rohan.23bai11223,Rohan Mishra,J4G7T5H4,23BAI11223,-,-,-,-,-,-
roshmik.23bai10014,Roshmik Agrawal,U1P4N9N3,23BAI10014,-,-,-,-,-,-
sai.23bai11068,SAI SIDDARDHA,T3J6W3X4,23BAI11068,-,-,-,-,-,-
niharika.23bai11048,Niharika Patil,I3P2S3R6,23BAI11048,-,-,-,-,-,-
arsh.23bai10379,Arsh Raj,V3F0W5I9,23BAI10379,-,-,-,-,-,-
raksha.23bai11089,Raksha Ojha,V1Q8A8X3,23BAI11089,-,-,-,-,-,-
mohith.23bai11382,MOHITH P,U4I3P4W4,23BAI11382,-,-,-,-,-,-
divyansh.23bai11020,Divyansh Pandey,A5H9Z6E7,23BAI11020,-,-,-,-,-,-
paramjyot.23bai11270,Paramjyot Kaur,L3D3B5Y4,23BAI11270,-,-,-,-,-,-
parth.23bai10539,Parth Mishra,V4V7F4Z1,23BAI10539,-,-,-,-,-,-
payal.23bai10173,Payal Mohanty,W5R5V3B6,23BAI10173,-,-,-,-,-,-
prabhmehar.23bai10655,Prabhmehar Dhalio,I3K9Y9C2,23BAI10655,-,-,-,-,-,-
prakhar.23bai11055,Prakhar Shrivastava,J3Q0H4Y5,23BAI11055,-,-,-,-,-,-
prakriti.23bai10529,Prakriti Srivastava,E2R9C1I0,23BAI10529,-,-,-,-,-,-
pranay.23bai11236,Pranay Gupta,X5F3Z8U8,23BAI11236,-,-,-,-,-,-
prashant.23bai11124,Prashant Rai,L4W7A9G7,23BAI11124,-,-,-,-,-,-
pratik.23bai10729,Pratik Pandey,H5Z2P6F0,23BAI10729,-,-,-,-,-,-
preksha.23bai10463,Preksha Prachee Bharadwaj,Y2T4N1R2,23BAI10463,-,-,-,-,-,-
soumil.23bai10898,Soumil Manhas,V0E7U6J4,23BAI10898,-,-,-,-,-,-
kunwar.23bai10979,Kunwar Manvendra Pratap Singh,Q6N5Q9E2,23BAI10979,-,-,-,-,-,-
priyanshu.23bai10686,Priyanshu Singh,T1T1P3P6,23BAI10686,-,-,-,-,-,-
sankalp.23BAI11319,Sankalp Mishra,P2P8H9G8,23BAI11319,-,-,-,-,-,-
shreya.23bai10652,Shreya Mishra,W2J0T0G2,23BAI10652,-,-,-,-,-,-
mayank.23bai10841,Mayank Yadav,P6W6I5J7,23BAI10841,-,-,-,-,-,-
mohur.23bai11091,Mohur Datta,B6C0H4J7,23BAI11091,-,-,-,-,-,-
mohit.23bai11175,Mohit Nimje,D8O5V7H0,23BAI11175,-,-,-,-,-,-
shashwat.23bai10448,Shashwat Mishra,D5D2F2I4,23BAI10448,-,-,-,-,-,-
muskan.23bai11155,Muskan Sharma,B6X4G1L2,23BAI11155,-,-,-,-,-,-
nandana.23bai10751,Nandana P Bain,U3C4Y9K5,23BAI10751,-,-,-,-,-,-
navneet.23bai10799,Navneet Kumar,N4S4E1O4,23BAI10799,-,-,-,-,-,-
karan.23bai10904,Karan Singh Negi,A2I0S6Q3,23BAI10904,-,-,-,-,-,-
nikhil.23bai10718,Nikhil Mohammed,B5W2A4U5,23BAI10718,-,-,-,-,-,-
akshat.23bai10373,Akshat Jaiswal,E5U6Y0U4,23BAI10373,-,-,-,-,-,-
harshvardhan.23bai10330,Harshvardhan Jajoo,U4H5G7T0,23BAI10330,-,-,-,-,-,-
rana.23bai10186,Rana Talukdar,D3C0Z1R5,23BAI10186,-,-,-,-,-,-
kela.23bai10420,Kapish Kela,T8D8K8Z6,23BAI10420,-,-,-,-,-,-
kartik.23bai10360,Kartik Tyagi,N2G6S3O9,23BAI10360,-,-,-,-,-,-
kashish.23bai10848,Kashish Bhalla,X2B2I1P0,23BAI10848,-,-,-,-,-,-
kavya.23bai10538,Kavya Gupta,E5U9Q4E7,23BAI10538,-,-,-,-,-,-
khushi.23bai10579,Khushi Gupta,E3C7C5W2,23BAI10579,-,-,-,-,-,-
khushi.23bai10298,Khushi Pal,O4V0I2O3,23BAI10298,-,-,-,-,-,-
abhishek.23bai10067,Abhishek .,Y2B6B2B7,23BAI10067,-,-,-,-,-,-
kopal.23bai10907,Kopal Khare,R5Y8H1B0,23BAI10907,-,-,-,-,-,-
kunsh.23bai10558,Kunsh Viraj Singh Guleria,X1W6B4I4,23BAI10558,-,-,-,-,-,-
tanvi.23bai11031,Tanvi Lalsare,B5D2M7F9,23BAI11031,-,-,-,-,-,-
lavanya.23bai10088,Lavanya Karna,P6X8V4G8,23BAI10088,-,-,-,-,-,-
malav.23bai10160,Malav Mevada,C5Z6P2D0,23BAI10160,-,-,-,-,-,-
harshit.23bai10754,Harshit Kumar Singh,O2W3I6F8,23BAI10754,-,-,-,-,-,-
harsh.23bai10772,Harsh Pandit,C6K4E9X9,23BAI10772,-,-,-,-,-,-
hirdesh.23bai11345,Hirdesh Raghuwanshi,M2G9L9Z5,23BAI11345,-,-,-,-,-,-
ishaan.23bai10462,Ishaan Mittal,R5A6F7N1,23BAI10462,-,-,-,-,-,-
ayush.23bai10783,Ayush Thakur,S1W5J7Q8,23BAI10783,-,-,-,-,-,-
jain.23bai10784,Krish Jain,G3I3Y7T5,23BAI10784,-,-,-,-,-,-
mayank.23bai10413,Mayank Bhagat,I3P0D4D3,23BAI10413,-,-,-,-,-,-
bhumi.23bai10617,Bhumi Upadhyay,X5U4V8Z0,23BAI10617,-,-,-,-,-,-
prishvi.23bai11295,Prishvi Dalal,X5J7O3M1,23bai11295,-,-,-,-,-,-
bhamini.23bai10771,Bhamini Deshpande,U3M8K3E1,23BAI10771,-,-,-,-,-,-
divyansh.23bai10818,Divyansh Malav,V4H5B9D5,23BAI10818,-,-,-,-,-,-
divyansh.23bai10514,Divyansh Kumar,E2P8Y0H6,23BAI10514,-,-,-,-,-,-
divyanshu.23bai10116,Divyanshu Yadav,J3I0Y6P6,23BAI10116,-,-,-,-,-,-
lavish.23bai11192,Lavish Dixit,S2Z1P5K5,23BAI11192,-,-,-,-,-,-
ganga.23bai11154,Vamsi Krishna,F2M0W8I9,23BAI11154,-,-,-,-,-,-
garv.23bai10605,Garv Anand,M6E1X5I0,23BAI10605,-,-,-,-,-,-
gaurav.23bai11272,Gaurav Lodhi,S2S9R7M2,23BAI11272,-,-,-,-,-,-
anshu.23bai10604,Anshu Anshu,P7F0B6Y2,23BAI10604,-,-,-,-,-,-
anushka.23bai10563,Anushka Dhiman,W5J1I5G1,23BAI10563,-,-,-,-,-,-
anushka.23bai10995,Anushka Modi,O6F6H5W6,23BAI10995,-,-,-,-,-,-
arpit.23bai11069,Arpit Singh,M2T9W0P9,23BAI11069,-,-,-,-,-,-
arya.23bai11249,Arya Bardhan Singh Chauhan,I2T6M2K5,23BAI11249,-,-,-,-,-,-
aryan.23bai10383,Aryan Shandilya,F8T9N3Q9,23BAI10383,-,-,-,-,-,-
atishay.23bai10785,Atishay Jain,H1C4X6B2,23BAI10785,-,-,-,-,-,-
garvit.23bai10142,Garvit Audichya,C1R8J3O6,23BAI10142,-,-,-,-,-,-
ankit.23bai10503,ANKIT,I1W2M8S3,23BAI10503,-,-,-,-,-,-
faraz.23bai10314,Faraz Mohammad,A1P9H4X4,23BAI10314,-,-,-,-,-,-
ayush.23bai10900,Ayush Mishra,X1D0P9B9,23BAI10900,-,-,-,-,-,-
shikhar.23bai10613,Shikhar Srivastava,H5C3U3P2,23BAI10613,-,-,-,-,-,-
ayush.23bai10183,Ayush Kumar,D1H9D3N4,23BAI10183,-,-,-,-,-,-
ayushmaan.23bai10244,Ayushmaan Singhal,L6T7N4G0,23BAI10244,-,-,-,-,-,-
aditi.23bai10178,Aditi Raj,R2E7L7S0,23BAI10178,-,-,-,-,-,-
keshav.23bai10327,Keshav Agarwal,I2L3R1L1,23BAI10327,-,-,-,-,-,-
abhinav.23bai10835,Abhinav Ashish,H3Q3H2S6,23BAI10835,-,-,-,-,-,-
aiman.23bai10986,Aiman Ansari,O8V6P8Z5,23BAI10986,-,-,-,-,-,-
anuranjan.23bai10334,Anuranjan Jain,F9G6G2U0,23BAI10334,-,-,-,-,-,-
ayaan.23bai10476,Ayaan Akhter,A1C0O2F9,23BAI10476,-,-,-,-,-,-
aldrin.23bai11298,Aldrin Joan Pandian W,T4L1Z4V9,23BAI11298,-,-,-,-,-,-
alline.23bai10808,Alline Rathore,G1Z6J9R3,23BAI10808,-,-,-,-,-,-
aman.23bai10294,Aman Goswami,Q2U7W7Q7,23BAI10294,-,-,-,-,-,-
abhay.23bai10313,Abhay Negi,N3E5I3H0,23BAI10313,-,-,-,-,-,-
anish.23bai10887,Anish Anish,D5U7E5J1,23BAI10887,-,-,-,-,-,-
anjali.23bai10943,Anjali Singh,H3D4N7Z5,23BAI10943,-,-,-,-,-,-
aarav.23bai10325,Aarav Joshi,R5P0H8Z3,23BAI10325,-,-,-,-,-,-
aayushi.23bai11384,Aayushi Bisht,L4Q8H9W7,23BAI11384,-,-,-,-,-,-
bhavya.23bai11400,Bhavya Agrawal,R6O8T4T8,23BAI11400,-,-,-,-,-,-
abhijith.23bai10459,Abhijith MR,T2T7F8E3,23BAI10459,-,-,-,-,-,-
abhi.23bai10909,Abhi Pandey,X9P9R4X1,23BAI10909,-,-,-,-,-,-
abhishek.23bai11006,Abhishek Kumar,G2F3T6I1,23BAI11006,-,-,-,-,-,-
ganit.23bac10033,Ganit Yadav,R2K4M9P1,23BAC10033,-,-,-,-,-,-
shivaraman.23bac10009,SHIVARAMAN THANGARAJ,A6D7G5P9,23BAC10009,-,-,-,-,-,-
manthan.23bac10034,MANTHAN SONTAKKE,C6Z9L9D3,23BAC10034,-,-,-,-,-,-
raadhesh.23bac10023,Raadhesh Bajoria,L2F3O4S0,23BAC10023,-,-,-,-,-,-
siddharth.23bac10012,Siddharth Dubey,F2P7R5K8,23BAC10012,-,-,-,-,-,-
yug.23bac10022,YUG PAREEK,R5G3M8O8,23BAC10022,-,-,-,-,-,-
abhinav.23bac10037,Abhinav Narayan,W6E4Y9B8,23BAC10037,-,-,-,-,-,-
mohammad.23bac10038,Mohammad Arman Hanif,H5Y1E8M5,23BAC10038,-,-,-,-,-,-
vishwashagarwal2022,Vishwash Agarwal,Q4F8X1E3,22MIP10049,-,-,-,-,-,-
ashishverma2022,Ashish Verma,Q2E1J0V2,22MIM10113,-,-,-,-,-,-
prasidhinandwani2022,Prasidhi Nandwani,S2O9L0T5,22MIM10065,-,-,-,-,-,-
vikasshukla2022,Vikas Shukla,N4K7X2F2,22MEI10041,-,-,-,-,-,-
Riyarathore2022,Riya Rathore,L7R9T6B1,22MIP10068,-,-,-,-,-,-
kulkarnisanvimanish2022,Sanvi Kulkarni,P2R6J7F9,22MIP10045,-,-,-,-,-,-
saurabhkumarsingh2022,Saurabh Singh,C2R0X0Y4,22MIP10024,-,-,-,-,-,-
Sheetalkumarjain2022,Sheetal Kumar Jain,F4U2I7Y2,22MIP10069,-,-,-,-,-,-
syedmohammadzohaadaseem2022,Syed Mohammad Zohaad Aseem,X2F0A2A8,22MIP10021,-,-,-,-,-,-
tushitagakkhar2022,Tushita Gakkhar,D1W8Y1O7,22MIP10032,-,-,-,-,-,-
vaasuchandra2022,VAASU CHANDRA,K4Y3Y6O2,22MIP10007,-,-,-,-,-,-
vanshikasharma2022,Vanshika Sharma,W4C6E2Z3,22MIP10014,-,-,-,-,-,-
vedantkanoje2022,Vedant Kanoje,Q1X5S8B9,22MIP10037,-,-,-,-,-,-
vidhisahay2022,Vidhi Sahay,U6I8V0G6,22MIP10041,-,-,-,-,-,-
vinitkarlekar2022,Vinit Karlekar,K1T6N8D7,22MIP10071,-,-,-,-,-,-
ishanshmaurya2022,Ishansh Maurya,E1R6V1Z7,22MIP10034,-,-,-,-,-,-
nishitajain2022,Nishita Jain,R5D0A6F8,22MIP10077,-,-,-,-,-,-
abhiyankyadav2022,Abhiyank Yadav,N2B9V4D9,22MIP10074,-,-,-,-,-,-
anushikapayasi2022,Anushika Payasi,H2A0W0S1,22MIP10085,-,-,-,-,-,-
anushkasoni2022,Anushka soni,K3J1G5L5,22MIP10087,-,-,-,-,-,-
arpitarajput2022,Arpita Rajput,P6U2J9I6,22MIP10001,-,-,-,-,-,-
atharvavyas2022,Atharva Vyas,F1J8L1B2,22MIP10033,-,-,-,-,-,-
avadheshkumarshah2022,Avadhesh Shah,D6B5C1P4,22MIP10004,-,-,-,-,-,-
mahakdwivedi2022,Mahak Dwivedi,P2G7S7M4,22MIP10005,-,-,-,-,-,-
manasdas2022,Manas Das,V2I1K3W0,22MIP10062,-,-,-,-,-,-
sakshideshpande2022,Sakshi Deshpande,I1J1M1X4,22MIP10038,-,-,-,-,-,-
