Username,Name,Neo ID,Reg No,10th marks,Type 1,CGPA,Type 2,12th marks,Type 3
shivkant.23bcg10140,Shivakant Kurmi,N7M0J0R9,23BCG10140,-,-,9.83,CGPA,-,-
khushi.25mca10019,Khushi Gupta,P2S2C5Q2,25MCA10019,-,-,9.61,CGPA,-,-
vaibhav.23bec10009,Vaibhav Dikshit,G9Q7A8X7,23BEC10009,-,-,9.55,CGPA,-,-
pkmail2005,Pratham Kashyap,J1P6O5Z7,23BAI10455,91.2,Percentage,9.49,CGPA,78.6,Percentage
anugyachaub,Anugya Chaubey,G3F0P0B8,23BAI10550,92.8,Percentage,9.46,CGPA,90.6,Percentage
mateen.23bec10048,Mateen Qureshi,A1S5J6G1,23BEC10048,-,-,9.46,CGPA,-,-
anshika.23bey10039,Anshika Mittal,E4C5Q3G4,23BEY10039,-,-,9.45,CGPA,-,-
samarthkhan,Samarth Khare,J4T2U9F4,23BCE10647,97.4,Percentage,9.42,CGPA,92.8,Percentage
parisangamn,Pari Sangamneri,Q5X8V9C4,23BCE11057,90.6,Percentage,9.42,CGPA,83.4,Percentage
vaibhav.23bce10972,Vaibhav Kumar,T5I9W6L8,23BCE10972,-,-,9.42,CGPA,-,-
ankita.23bac10032,Ankita Soni,N4X9J8L2,23BAC10032,-,-,9.41,CGPA,-,-
anshika.23bai10033,Anshika Shrivastava,M3E3W5B0,23BAI10033,-,-,9.41,CGPA,-,-
anjalikushwal,Anjali Kushwaha,U3H5H1S5,23BCE10067,96.8,Percentage,9.4,CGPA,97,Percentage
jainananya28,Ananya Jain,O4J3H2L8,23BCY10059,82.6,Percentage,9.4,CGPA,87.6,Percentage
learnwithabhi,Abhijeet Dubey,M9O9Q0J8,23BAI11308,94.4,Percentage,9.4,CGPA,83,Percentage
komal135.sin,Komal Singh,L4W2P4L8,23BAI10561,95,Percentage,9.39,CGPA,84.4,Percentage
kabir.23bce10815,Kabir Roy,G1I1X5K4,23BCE10815,-,-,9.39,CGPA,-,-
shri.23bce11629,Shri Ram Prince Mishra,V5D2T9I9,23BCE11629,-,-,9.39,CGPA,-,-
sanchari.mah,Sanchari Mahato,N2I1K2E2,23BSA10045,96.4,Percentage,9.37,CGPA,92.6,Percentage
shreya.23bai10620,Shreya Goyal,M3B8Y5L3,23BAI10620,-,-,9.36,CGPA,-,-
k29paliwal,Kanak Paliwal,P3D1E5C1,23BCE10084,93.2,Percentage,9.35,CGPA,93.2,Percentage
mishra123be,Mukul Mishra,H4W4L8Q4,23BAI10016,92.67,Percentage,9.34,CGPA,94.4,Percentage
sanskritisingh,Sanskriti Singh,Q6D0C0Y3,23BAI10269,96.4,Percentage,9.34,CGPA,93.4,Percentage
dheerajksever,K Dheeraj,S6N8K0V2,23BCE10723,95.4,Percentage,9.34,CGPA,90.4,Percentage
ritikkr274,Ritik Kumar,O1K1S1D5,23BCE10979,87.2,Percentage,9.33,CGPA,91.4,Percentage
mananmittal2,Manan Mittal,L3N8G1G0,23BAI10011,94.33,Percentage,9.33,CGPA,78.6,Percentage
theshubhamtr,Shubham Tripathi,G2V9R4S1,23BCE11262,90,Percentage,9.32,CGPA,88,Percentage
ritik.23bce10979,RITIK KUMAR,01K1S1D5,23BCE10979,-,-,9.32,CGPA,-,-
rishikathakor,Rishika Thakur,K7P2K9P2,23BCE10009,99,Percentage,9.31,CGPA,93,Percentage
dhochakvartik,Vartika Dhochak,E4Q2B5N9,23BCE10344,97.6,Percentage,9.31,CGPA,91.4,Percentage
smritiprajapat,Smriti Prajapati,W2O0A2N3,23BCE11456,91.4,Percentage,9.31,CGPA,81.4,Percentage
aastha.23bai10049,Aastha Adhikari,L1V0G4X6,23BAI10049,-,-,9.31,CGPA,-,-
satyam12303,Satyam,S1Y8P8X4,23BAI10557,94,Percentage,9.3,CGPA,95,Percentage
aashiiaggarw,Aashi Aggarwal,S2A7O5M9,23BAI10156,97.6,Percentage,9.3,CGPA,94.8,Percentage
shrutijain237,Shruti Jain,T4R3H1B1,23BSA10074,96.2,Percentage,9.3,CGPA,94.2,Percentage
aditi.040613,Aditi Mishra,H3S1F0B5,23BCE10435,91.4,Percentage,9.3,CGPA,94,Percentage
abhishekchau,Abhishek Chauhan,P5T8F6J0,23BCE10577,96.8,Percentage,9.29,CGPA,91.2,Percentage
anwesh.23bce11821,Anwesh Bhattacharya,X1Q1V2O6,23BCE11821,-,-,9.29,CGPA,-,-
anveshirasto,Anvesha Rastogi,M2O8Y6K3,23BAI10355,87,Percentage,9.28,CGPA,92.8,Percentage
pranavchturve,Pranav Chaturvedi,K5G8A0E8,23BCE10563,93,Percentage,9.28,CGPA,92,Percentage
shivangi.tiwar,Shivangi Tiwari,Q4T8X2E0,23BCE10053,92.4,Percentage,9.28,CGPA,87.6,Percentage
abhilashakan,Abhilasha Kandpal,V3R6C8N4,23BCY10140,92,Percentage,9.28,CGPA,83.2,Percentage
shweta.25mca10039,Shweta Dwivedi,A7K2Y5O9,25MCA10039,-,-,9.28,CGPA,-,-
tanpreet.23bce10159,Tanpreet Singh,Y5L2U1W1,23BCE10159,-,-,9.28,CGPA,-,-
aditiparthasa,Aditi Parthasarathy,C6P8Q2P0,23BCE10233,95.4,Percentage,9.27,CGPA,91.2,Percentage
nishthaja,Nishtha Jain,H1T5B8N4,23BCE10335,93.8,Percentage,9.27,CGPA,88.6,Percentage
anchalkatira0,Anchal,O4I8N5M4,23BAI10315,93.4,Percentage,9.27,CGPA,85.8,Percentage
devansh.23bce11680,Devansh Dahiya,R3E3I3J5,23BCE11680,-,-,9.27,CGPA,-,-
suryaprakashsiddina.25mas10019,SIDDINA SURYA PRAKASH,G5S1M1U4,25mas10019,-,-,9.27,CGPA,-,-
mailtosoumya.7,SOUMYA,L5X8N1V1,23BCE10806,-,-,9.27,CGPA,-,-
arpitananda.1,Arpita Nanda,H2N2M7K7,23BCE11660,93,Percentage,9.26,CGPA,95.2,Percentage
parthbhanti22,Parth Bhanti,T3W7X6V8,23BCE11758,96.4,Percentage,9.26,CGPA,93.6,Percentage
ishitagautam2,Ishita Gautam,S3V5Z7V5,23BCE11316,94.16,Percentage,9.26,CGPA,89.8,Percentage
amitrahar728,Amit Amit,J5H7I4R7,23BCE10692,87.6,Percentage,9.26,CGPA,87.2,Percentage
diya.sambhar,Diya Sambhar,S1P2M6O9,23BCE11317,91.4,Percentage,9.26,CGPA,84.8,Percentage
namitha.23bce11620,NAMITHA L,N1B9M8Y8,23BCE11620,-,-,9.26,CGPA,-,-
jain.gaurav04,Gaurav Jain,L4S2U1A1,23BAI10053,92,Percentage,9.25,CGPA,90.2,Percentage
bhaktichopra,Bhakti Chopra,M1U9A2O9,23BCY10097,95.4,Percentage,9.25,CGPA,89.8,Percentage
devanshrawa,Devansh Rawat,A1U5I6H2,23BCE10872,95,Percentage,9.25,CGPA,89.4,Percentage
namdeosomiy,Somiya Namdeo,A5U9V4W8,23BAI10689,97,Percentage,9.25,CGPA,82.2,Percentage
veronikadhinc,Veronika Dhingra,S1D1D0A2,23BCE11218,95.8,Percentage,9.24,CGPA,89.4,Percentage
smriti.shaurya,Smriti Singh,W0R6H4N9,23BAI11385,94,Percentage,9.24,CGPA,86.8,Percentage
rehmat.23bai10970,Rehmat Kaur,D1K1I9E4,23BAI10970,-,-,9.24,CGPA,-,-
msanjaykuma,Shubrat Mishra,A1M7T2Y2,23BCE10340,92.8,Percentage,9.23,CGPA,95.4,Percentage
gargdiya359,Diya Garg,J5E8N1S3,23BCE10125,92.5,Percentage,9.23,CGPA,95.2,Percentage
ritika.rsinha,Ritika Sinha,T1E0A0E5,23BCE10196,97.2,Percentage,9.23,CGPA,91.6,Percentage
aditya.23bai11218,ADITYA GUPTA,I1R5I9I2,23BAI11218,-,-,9.23,CGPA,-,-
navya.23bcy10079,Navya Srivastava,U4O5O2Q0,23BCY10079,-,-,9.23,CGPA,-,-
pragati.23bce10271,Pragati Tripathi,J4A2S4E0,23BCE10271,-,-,9.23,CGPA,-,-
kanikakumarC,Kanika Kumar,X4F1Y7F1,23BCE10252,94.8,Percentage,9.22,CGPA,91,Percentage
rupali.23bec10081,Rupali Patel,O4M7D3P6,23BEC10081,-,-,9.22,CGPA,-,-
patel.23bce10057,Yash Patel,M5O0U6D7,23BCE10057,-,-,9.22,CGPA,-,-
avishasahu19,Avisha Sahu,N4B8I8I5,23BCE10650,96.83,Percentage,9.21,CGPA,94,Percentage
summarporw,Summar Porwal,G4C9L6I6,23BCE11378,93.8,Percentage,9.21,CGPA,91.6,Percentage
khushiy9811,Khushi Yadav,J9R9B3T5,23BAI10456,98,Percentage,9.21,CGPA,90.6,Percentage
rmehta1754,Riya Mehta,D3P3D0K2,23BCE10456,86.6,Percentage,9.21,CGPA,88.6,Percentage
achyuth.work,Achyuth Harsha,K3M9G6N7,23BAI10584,95.67,Percentage,9.21,CGPA,88.4,Percentage
himanshuydv,Himanshu Yadav,F8G6O1B7,23BCY10133,93,Percentage,9.21,CGPA,79.4,Percentage
m4n1kya2005,Manikya Nariya,Z7L8E6O2,23BCE11009,94.6,Percentage,9.21,CGPA,77.8,Percentage
praphull.23bce10231,Praphull Kumar Yadav,G1I6H4V1,23BCE10231,-,-,9.21,CGPA,-,-
sharikavipanc,Sharika P K,K9C2G8G2,23BAI10423,9.9,CGPA,9.2,CGPA,97.75,Percentage
pranjalibisht5,Pranjali Bisht,M4Z2C9J0,23BAI10050,97.2,Percentage,9.2,CGPA,96,Percentage
mahijyoti883,Mahima Jyoti,Q2P6X4V9,23BAI10470,93.33,Percentage,9.2,CGPA,93.67,Percentage
mahisinghh95,Mahi Singh,B1V2Z1A7,23BAI10306,95.4,Percentage,9.2,CGPA,89.75,Percentage
anusha.23bce10866,Anusha Gupta,T4O5R9K3,23BCE10866,-,-,9.2,CGPA,-,-
tejas.23bce10419,Tejas Ranjeet,F3U1W9H6,23BCE10419,-,-,9.2,CGPA,-,-
shrishtisingh,Shrishti Singh,I4B8V0C5,23BAI10114,96,Percentage,9.19,CGPA,91,Percentage
aaryabutolia,Aarya Butolia,K1K4B0N1,23BAI10414,94.6,Percentage,9.19,CGPA,90.8,Percentage
tulsishailesho,Tulsi Chaudhary,N1O2W1I0,23BCE11314,96.33,Percentage,9.19,CGPA,83,Percentage
saanyagarg40,Saanya Garg,L3C3V2A0,23BCE11295,96.6,Percentage,9.19,CGPA,82,Percentage
sagarchandra,Sagar Chandra,D2G5E9E9,23BAI10004,98.2,Percentage,9.19,CGPA,80,Percentage
aarushi.23bai10458,Aarushi Singh,F5Z2XOR4,23BAI10458,-,-,9.19,CGPA,-,-
ayush.23bce10325,Ayush Subhash Ghonge,D4W0D2J4,23BCE10325,-,-,9.19,CGPA,-,-
hitesh.23bce10363,Hitesh Kumar Patel,Q5I7C2Q8,23BCE10363,-,-,9.19,CGPA,-,-
khushi.23bai10456,Khushi Yadav,I9R9B3T5,23BAI10456,-,-,9.19,CGPA,-,-
prerna.23bhi10139,Prerna,K5W2H2G3,23BHI10139,-,-,9.19,CGPA,-,-
summar.23bce11378,SUMMAR PORWAL,G4C9L616,23BCE11378,-,-,9.19,CGPA,-,-
grnth05,Granth Satsangi,E2O1D1D5,23BAI10063,96.16,Percentage,9.18,CGPA,92,Percentage
ayushikarwa2,Ayushi Karwa,V2J0X2M3,23BCE11001,93.2,Percentage,9.18,CGPA,89.3,Percentage
prishabhatia4,Prisha Bhatia,C5H8R7T9,23BAI10881,94,Percentage,9.18,CGPA,89,Percentage
akshara1208,Akshara Srivastava,W5N1D5D0,23BAI10585,80.8,Percentage,9.18,CGPA,83.5,Percentage
shravan.jain1,Shravan Jain,A6C2Z9O4,23BCE10004,89,Percentage,9.18,CGPA,76,Percentage
anjali.23bcy10063,Anjali Arora,R7P0D7B5,23BCY10063,-,-,9.18,CGPA,-,-
riyaashukla30,Riya Shukla,B5S6M7U2,23BCE11293,94,Percentage,9.17,CGPA,91.8,Percentage
manas.23bsa10061,Manas Awasthi,W3E6O4R4,23BSA10061,-,-,9.17,CGPA,-,-
prachi.23bai10616,Prachi Sharma,F3X0Z2N6,23BAI10616,-,-,9.17,CGPA,-,-
vishal.23bhi10079,Vishal Dolasia,B2R3X1Q0,23BHI10079,-,-,9.17,CGPA,-,-
nishitaa369,Nishita Kawale,Y2R6H2Y0,23BCE11227,92.2,Percentage,9.16,CGPA,94.4,Percentage
kavyansh150,Kavyansh Vats,M1R5M1F1,23BCE10301,94.66,Percentage,9.16,CGPA,89.6,Percentage
ananyachaura,Ananya Chaurasia,N1J0D1D3,23BAI11178,95.2,Percentage,9.16,CGPA,84,Percentage
priyasahu898,Priya Sahu,V2W4R0V4,23BCE10422,91.6,Percentage,9.16,CGPA,81.2,Percentage
adarsh.yadav,Adarsh Yadav,H5G8Q6M5,23BCE10598,87.6,Percentage,9.16,CGPA,81,Percentage
atharva.23bce10698,Atharva Tanaji Nagane,F3N1A5G3,23BCE10698,-,-,9.16,CGPA,-,-
hitesh.23bcg10025,Hitesh Kumar,O4C0C9Z1,23BCG10025,-,-,9.16,CGPA,-,-
gokul.sn2005,Gokul Satheesh,T5J0O7W7,23BAI11403,95,Percentage,9.15,CGPA,96,Percentage
pranav.kr9835,Pranav Kumar,Y4U4C0O4,23BCE10906,96.4,Percentage,9.15,CGPA,94.6,Percentage
smritibisht02,Smriti Bisht,P2K5T2R7,23BCE10216,92.8,Percentage,9.15,CGPA,92.2,Percentage
kapsemansi8,Mansi Kapse,S5L3I2F7,23BCE10627,94.3,Percentage,9.15,CGPA,91.8,Percentage
iskc9838,Skand Kumar,E1J1I6B4,23BCE10639,96.6,Percentage,9.15,CGPA,90.6,Percentage
arushbhatnag,Arush Bhatnagar,V3D5Z8F0,23BCE11739,88.4,Percentage,9.15,CGPA,88.4,Percentage
harshikasharr,Harshika Sharma,M3L7C5E0,23BCE11313,93.2,Percentage,9.15,CGPA,88.2,Percentage
vaibhavsangh,Vaibhav Sangha,G4U7G2L8,23BCE10126,92.8,Percentage,9.15,CGPA,87.8,Percentage
alanvarghese,Alan Jiji Varghese,V3X4R6J5,23BAI10215,94.5,Percentage,9.15,CGPA,86.8,Percentage
devolinasingh,Devolina Singh,T4L0H2I2,23BCY10050,89.9,Percentage,9.15,CGPA,86.5,Percentage
mahi.prajapat,Mahi Prajapat,L2N1L9G1,23BCE10098,96,Percentage,9.15,CGPA,86,Percentage
romsha2303,Romsha Wadhwa,E1O9Z3W1,23BAI10239,92.8,Percentage,9.15,CGPA,84.2,Percentage
23rudragupta,Rudra Rudra,Q3S5Z2Z9,23BCE10068,95.4,Percentage,9.15,CGPA,80.8,Percentage
ishanpardhi5,Ishan Pardhi,O1U0X6H2,23BCE10597,94.6,Percentage,9.15,CGPA,78.6,Percentage
parthpatil260,Parth Patil,H0U6A0P7,23BCE10448,96.17,Percentage,9.15,CGPA,76.83,Percentage
maijorwarsal,Saloni Maijor,A2S0L6R5,23BAI10928,90.17,Percentage,9.15,CGPA,76.8,Percentage
joshiakshit29,Akshit Joshi,J3C9P3X3,23BCE11142,93.8,Percentage,9.14,CGPA,92,Percentage
vasudhasharr,Vasudha Sharma,L3W9C3V4,23BCE11688,90.8,Percentage,9.14,CGPA,88,Percentage
coderkumarsl,Pranjal Kumar,T1R0O9C4,23BAI10411,89.8,Percentage,9.14,CGPA,84.67,Percentage
chauhanpeeyi,Peeyush Chauhan,H5F4I3H6,23BAI10875,84.2,Percentage,9.14,CGPA,82.8,Percentage
hardik.23bai11153,Hardik Shailendra Pandey,M2H8V8Z9,23BAI11153,-,-,9.14,CGPA,-,-
jatin.23bai10278,Jatin Kumar Verma,W1T6S6T9,23BAI10278,-,-,9.14,CGPA,-,-
ziaur.23bce10130,Md Ziaur Rahman,T2K9U2B5,23BCE10130,-,-,9.14,CGPA,-,-
rohan.23bce10923,Rohan Ganesh Kharche,S4U4T7C4,23BCE10923,-,-,9.14,CGPA,-,-
suryansh.23bai11228,Suryansh Sapehia,E2V6U6Y5,23BAI11228,-,-,9.14,CGPA,-,-
vanshikamotv,Vanshika Motwani,J2N1C6N2,23BCE10036,84.67,Percentage,9.13,CGPA,94,Percentage
bhaveshpillai,Bhavesh Pillai,M1A5M9P1,23BCE10320,93,Percentage,9.13,CGPA,93.2,Percentage
alan.23bai10215,Alan Jiji Varghese,N7N7W2Z7,23BAI10215,-,-,9.13,CGPA,-,-
mansi.23bce11837,Mansi Sanodia,Z3X1Z9P0,23BCE11837,-,-,9.13,CGPA,-,-
oveiya.23bcy10309,Oveiya K,F2W1L7R7,23BCY10309,-,-,9.13,CGPA,-,-
pulkit.23bce10735,Pulkit Agrawal,G5V7T1B8,23BCE10735,-,-,9.13,CGPA,-,-
ridhima.23bai11404,Ridhima Sharma,D1L8D6Q9,23BAI11404,-,-,9.13,CGPA,-,-
sakshi.23bce11231,Sakshi Mittal,Y3L4P3L8,23BCE11231,-,-,9.13,CGPA,-,-
srinidhi.23bec10057,Srinidhi Thirukandalam Kidambi,Q2A2Z6E9,23BEC10057,-,-,9.13,CGPA,-,-
aryanmay130,Aryan Prajapati,C2M9Y9K5,23BAI10384,92.6,Percentage,9.12,CGPA,85.6,Percentage
srivastavavive,Vivek Srivastava,P2V6L3B1,23BAI10127,95.33,Percentage,9.12,CGPA,78.6,Percentage
sanskriti.23bai10988,Sanskriti Mittal,I5D1T5R9,23BAI10988,-,-,9.12,CGPA,-,-
vaishnavi.23bai11354,Vaishnavi Tiwari,C2A9U2K2,23BAI11354,-,-,9.12,CGPA,-,-
yatharth.23bce10354,Yatharth Yadav,S3K8H0O2,23BCE10354,-,-,9.12,CGPA,-,-
aarav.knp.08,Aarav Agarwal,Y4K0V8V5,23BCE10311,92.6,Percentage,9.11,CGPA,93.75,Percentage
14ksehaj,Sehajpreet,T4H1W4Q0,23BAI10664,92.2,Percentage,9.11,CGPA,93.2,Percentage
anshullakra8,Anshul Kumar,K6X1V1S0,23BCY10237,96.5,Percentage,9.11,CGPA,93,Percentage
ayushichauha,Ayushi Chauhan,Y1G4A0A1,23BAI10370,91.67,Percentage,9.11,CGPA,90.6,Percentage
tanishqvernel,Tanishq Verne,G4L1J7T0,23BCE10793,90.6,Percentage,9.11,CGPA,85.4,Percentage
rishaubkumar,Rishaub Kumar,X2U4B7R2,23BCE10060,90.16,Percentage,9.11,CGPA,83.6,Percentage
divyanshgkp3,Divyansh Kumar,O9S2A9F7,23BCE10887,83.6,Percentage,9.11,CGPA,82.6,Percentage
manik.pandey,Manik Pandey,S3K0V2G3,23BAI10426,92.4,Percentage,9.11,CGPA,78.16,Percentage
rishitmanu17,Rishit Shrivastava,N1J9U2S4,23BCE10373,91.8,Percentage,9.1,CGPA,95.6,Percentage
paulpriyanshu,Priyanshu Paul,A3E2T2K0,23BAI11389,96.4,Percentage,9.1,CGPA,94.2,Percentage
manvisharma,Manvi Sharma,D2S3J5D2,23BAI10777,97.4,Percentage,9.1,CGPA,93.6,Percentage
aritrapradhan,Aritra Pradhan,I5G9S0W1,23BCE11127,94.6,Percentage,9.1,CGPA,91.2,Percentage
vartika.23bce11137,Vartika Vashishtha,M1H1Z9B1,23BCE11137,-,-,9.1,CGPA,-,-
anet.23bhi10146,Anet Davis,A5L6T3G5,23BHI10146,-,-,9.1,CGPA,-,-
priyasingh2022,Priya Singh,H3D9F2Z8,22MIP10003,-,-,9.1,CGPA,-,-
yoshita.up200,Yoshita Upadhyay,J5K5E4Z3,23BCE11822,97.4,Percentage,9.09,CGPA,96.5,Percentage
saarthakrasto,Sarthak Rastogi,Y2Y9L4O9,23BCE10649,94.66,Percentage,9.09,CGPA,90.33,Percentage
khareishan12,Ishan Khare,C2W7E7Y2,23BCE10317,86,Percentage,9.09,CGPA,90.25,Percentage
swastiksharm,Swastik Sharma,Z1V0Y5K0,23BCY10012,97.2,Percentage,9.09,CGPA,88.6,Percentage
aryanmukhop,Aryan Mukhopadhyay,G6R1O9M5,23BCY10091,94.8,Percentage,9.09,CGPA,87.6,Percentage
mangeshsing,Mangesh Singh,D5O4K9P5,23BCE10204,94,Percentage,9.09,CGPA,87.2,Percentage
priyanka17.pa,Priyanka Pal,Q1X6M1C5,23BCE10141,93,Percentage,9.09,CGPA,87.2,Percentage
saumyadwive,Saumya Dwivedi,O2I0P5X9,23BCE10331,96.6,Percentage,9.09,CGPA,86.4,Percentage
giridhar.barga,Giridhar Barga,O9N8A6U3,23BAI10735,93.8,Percentage,9.09,CGPA,84.2,Percentage
agnikhil9897,Nikhil Agrawal,V2G3B8A0,23BAI11388,92.16,Percentage,9.09,CGPA,84,Percentage
mkdir.harsh1,Harsh Harshvardhan,U3Y5G4B8,23BCE10390,89.8,Percentage,9.09,CGPA,83.33,Percentage
ayushipandey,Ayushi,C7Q4J4P0,23BCE10307,93.4,Percentage,9.09,CGPA,83,Percentage
architabajpai,Archita Bajpai,X2T3Z9T1,23BAI10066,92.8,Percentage,9.09,CGPA,77.6,Percentage
ojasvi.23bai10164,OJASVI RAJ,D3E1Z6O5,23BAI10164,-,-,9.09,CGPA,-,-
ayushkt3,Ayush Kumar,J3V1P4T6,23BCE11831,94.2,Percentage,9.08,CGPA,91.2,Percentage
kapilkumarar,Kapil Arya,M1Q0X4K6,23BAI10089,95,Percentage,9.08,CGPA,91,Percentage
ajiteshshukla,Ajitesh Shukla,H1W6P5P2,23BAI10075,91,Percentage,9.08,CGPA,85.6,Percentage
adarsh.23bai11231,Adarsh Sharma,T1X6E6H0,23BAI11231,-,-,9.08,CGPA,-,-
sakshiverma.l,Sakshi Verma,K9P6Y0U4,23BCE11689,88.8,Percentage,9.07,CGPA,94,Percentage
shishodiayasl,Yashraj Shishodia,H4J3K9X1,23BCE10491,92.6,Percentage,9.07,CGPA,92.4,Percentage
mayanchaube,Mayan Chaube,T4D1E4V8,23BAI10880,95.17,Percentage,9.07,CGPA,91.2,Percentage
ppandey.rssp,Pranjal Pandey,J5D6M5A1,23BAI11001,95.6,Percentage,9.07,CGPA,90.8,Percentage
riddhimhadgu,Riddhi Mhadgut,I2P3D2E5,23BCE10110,95,Percentage,9.07,CGPA,85.6,Percentage
vaibhaviagrav,Vaibhavi Agrawal,Y4I0G4U4,23BCE11031,95.67,Percentage,9.07,CGPA,85.2,Percentage
hkgupta1604,Harsh Gupta,D2A8N9P3,23BAI11306,80,Percentage,9.07,CGPA,85,Percentage
sagar27sahu,Sagar Kumar Sahu,Q5O0D4K6,23BCE11298,92,Percentage,9.07,CGPA,84,Percentage
harshit.chugh,Harshit Chugh,H5G6G6K9,23BAI10101,95,Percentage,9.07,CGPA,83,Percentage
sweeta456ku,Sweta Kumari,K1I0Q1J8,23BCE11754,95,Percentage,9.07,CGPA,82.2,Percentage
aarya.shrivaa,Aarya Shrivastava,K5C6V7W9,23BCE10728,93.4,Percentage,9.07,CGPA,80.2,Percentage
shubhamjain6,Shubham Jain,Y5Z1V1A4,23BAI10843,94.66,Percentage,9.07,CGPA,78.4,Percentage
aryanbeniwal793,Aryan,O1Y8X6U0,23BCY10098,-,-,9.07,CGPA,-,-
mridul.23bce11832,Mridul Rajgaria,S5R0R2P8,23BCE11832,-,-,9.07,CGPA,-,-
sarthak.23bce10324,Sarthak kumar,L2Z7B4K5,23BCE10324,-,-,9.07,CGPA,-,-
shaswata.23bhi10018,Shaswata Mandal,B5V1M3A6,23BHI10018,-,-,9.07,CGPA,-,-
sparsh.23bce10512,Sparsh Jain,R3J3O5Z3,23BCE10512,-,-,9.07,CGPA,-,-
yashanshgupt,Yashansh Gupta,T5H7O7R0,23BAI10025,86.2,Percentage,9.06,CGPA,89.6,Percentage
akanshaa649,Akansha Gupta,B3B9J6I3,23BCE10298,94.17,Percentage,9.06,CGPA,81.4,Percentage
adarsh.23bce10246,Adarsh Mishra,H5A3O6T8,23BCE10246,-,-,9.06,CGPA,-,-
kalika.23bai10083,Kalika Mehtani,U2U1F5Z7,23BAI10083,-,-,9.06,CGPA,-,-
raushik.23bce10974,Raushik Gupta,L2I6LOD6,23BCE10974,-,-,9.06,CGPA,-,-
sanjoli.23bai11387,Sanjoli Gupta,G5N4B2Z8,23BAI11387,-,-,9.06,CGPA,-,-
sarthak.23bce10568,Sarthak Satish Borekar,L1E2N1X7,23BCE10568,-,-,9.06,CGPA,-,-
gourikripa4,Gourikripa M,F1X1F7W3,23BAI11327,9.8,CGPA,9.05,CGPA,99,Percentage
sahilkulhar01,Sahil Sahil,Z4V7J8N3,23BCY10104,92.8,Percentage,9.05,CGPA,96.4,Percentage
ayushsingh20,Ayush Singh,T2R2J3N0,23BAI10065,96.4,Percentage,9.05,CGPA,94.6,Percentage
palakkhurana,Palak,G6S8M7H8,23BAI10189,83.5,Percentage,9.05,CGPA,91.4,Percentage
atulyajuyal20,Atulya Juyal,W6B6Q1H1,23BCE10984,95,Percentage,9.05,CGPA,89,Percentage
avinash.kuma,Avinash Kumar,U2Y2C4R9,23BCE10901,75.66,Percentage,9.05,CGPA,88.8,Percentage
harsh074sing,Akshat Singh,S5P6Z9H4,23BCE11669,92.8,Percentage,9.05,CGPA,86.8,Percentage
io.sakshamgu,Saksham Gupta,P2W9D5Q3,23BCE10006,92.4,Percentage,9.05,CGPA,84,Percentage
sparsh.23bce10090,Sparsh Khatwani,T3R9T0E9,23BCE10090,-,-,9.05,CGPA,-,-
yash.23bai11050,Yash Kamal,A4A9T6Q1,23BAI11050,-,-,9.05,CGPA,-,-
dishitachatur,Dishita Chaturvedi,M6L7E0P8,23BAI10104,93.8,Percentage,9.04,CGPA,89,Percentage
yashpratap18,Yash Pratap Singh,X6F0U9A5,23BAI10012,82,Percentage,9.04,CGPA,86.6,Percentage
mkp151203,Mehul Patel,M4L6Z6A3,23BAI10105,89.67,Percentage,9.04,CGPA,85.83,Percentage
anushreedixit,Anushree Dixit,M4T4D0O7,23BSA10029,92.2,Percentage,9.04,CGPA,85.4,Percentage
aksharasingh,Akshara Singh,E2R3Y0F7,23BAI10392,91.25,Percentage,9.04,CGPA,84.75,Percentage
muhammadk,Mohammad,V1L7Y6K7,23BCE10029,91.8,Percentage,9.04,CGPA,84.4,Percentage
sourabhnaidu,Sourabh Naidu,A6P5J3P9,23BCE11022,90.4,Percentage,9.04,CGPA,82.4,Percentage
akshara.23bai10392,Akshara Singh,G2R3Y0F7,23BAI10392,-,-,9.04,CGPA,-,-
ishita.23bce10221,Ishita Patidar,T2W5M2J1,23BCE10221,-,-,9.04,CGPA,-,-
mansaa.23bai10276,Mansaa Kohli,J6D4V2Q0,23BAI10276,-,-,9.04,CGPA,-,-
vsrivastava87,Vikas Srivastava,C6B5J9K8,23BCE10525,92.16,Percentage,9.03,CGPA,95.16,Percentage
beliefinaprajit,Aprajita Ranjan,T1K4V8T4,23BAI11399,95,Percentage,9.03,CGPA,93,Percentage
vatsarudransl,Rudransh Vats,P1P7O6Q2,23BCE10682,93.6,Percentage,9.03,CGPA,92.6,Percentage
aryanyadav05,Aryan Kumar,Y3I7M6G5,23BCY10208,92.2,Percentage,9.03,CGPA,87,Percentage
kanishka0308,Kanishka,Z5B6P6I3,23BCE10437,81.2,Percentage,9.03,CGPA,84.8,Percentage
its.rahulkhatw,Rahul Khatwani,T0C0V2Z2,23BCE10658,94.16,Percentage,9.03,CGPA,84.4,Percentage
vidhisonibpl,Vidhi Soni,N2H4D6P0,23BAI10552,93.6,Percentage,9.03,CGPA,83.4,Percentage
okottawar,Omkar Kottawar,B1D3F8V0,23BCE11402,95,Percentage,9.03,CGPA,81.4,Percentage
divyanshudwi,Divyanshu Dwivedi,F3Y4J4X0,23BCE11244,96.3,Percentage,9.03,CGPA,78.2,Percentage
vishalkumar0,Vishal Kumar,N7M4N9Q2,23BAI11402,91.6,Percentage,9.03,CGPA,75.8,Percentage
aerin.23bce10016,Aerin Bharatbhai Patel,P1P8G0D5,23BCE10016,-,-,9.03,CGPA,-,-
ayush.23bai10347,Ayush Chandle,N5O8O5E0,23BAI10347,-,-,9.03,CGPA,-,-
jayant.23bce11823,Jayant Singh Rawat,H2M8P7G7,23BCE11823,-,-,9.03,CGPA,-,-
priyanshu.23bce10342,Priyanshu Yadav,D3X8M8V9,23BCE10342,-,-,9.03,CGPA,-,-
raghav.23bce11117,Raghav Mathur,K9X3S4R2,23BCE11117,-,-,9.03,CGPA,-,-
shayna.23bec10066,Shayna singh,C6A8A7H1,23BEC10066,-,-,9.03,CGPA,-,-
sushant.23bcy10263,Sushant Azad,G2J5Q6E1,23BCY10263,-,-,9.03,CGPA,-,-
vidhi.23bai10552,Vidhi Soni,N2H4D6PO,23BAI10552,-,-,9.03,CGPA,-,-
pratham.mitta,Pratham Mittal,C3V0W2A1,23BCE10309,93.4,Percentage,9.02,CGPA,84,Percentage
lakshyarathor,Lakshyawardhan,A4X0T4E9,23BCE10631,89.3,Percentage,9.02,CGPA,81.8,Percentage
payoshnee.23bsa10187,Payoshnee Joshi,W6P0R6G6,23BSA10187,-,-,9.02,CGPA,-,-
vipanchi.23bce10886,Vipanchi Barman,D3H8Y8T0,23BCE10886,-,-,9.02,CGPA,-,-
sriharshamitta,Mittapally Sri Harsha,A5G2B8J5,23BAI10802,10,CGPA,9.01,CGPA,96.8,Percentage
tripathiakanks,Akanksha Tripathi,U5D8W5P5,23BCE10062,95.6,Percentage,9.01,CGPA,95.4,Percentage
hlamba24191,Himanshu,S3U6P9S4,23BAI10041,90,Percentage,9.01,CGPA,93.6,Percentage
malavikavino,Malavika Vinod,K3Z2F9Y4,23BAI10805,94.6,Percentage,9.01,CGPA,92,Percentage
deepikaper09,Deepika Deep,X2Z4Y4P5,23BCY10185,95.4,Percentage,9.01,CGPA,91.4,Percentage
ashwaniarya2,Ashwani Arya,I5D5A6W0,23BCE10685,80.85,Percentage,9.01,CGPA,91.2,Percentage
bhoomiagarw,Bhoomi Agarwal,L5I9J4B0,23BCE10600,91.4,Percentage,9.01,CGPA,90.8,Percentage
arushichaudh,Aarushi Chaudhary,W6B8Q3X1,23BCE11152,97.4,Percentage,9.01,CGPA,89,Percentage
artirai7542,Arti Sharma,H3P6H7U9,23BCE10922,90.66,Percentage,9.01,CGPA,88.8,Percentage
vishalsoni635,Vishal Soni,C5J8P4Y1,23BSA10032,86.83,Percentage,9.01,CGPA,88.8,Percentage
nanditar1027,Nandita Rishi,K5K0E1T2,23BCE11405,95.02,Percentage,9.01,CGPA,85.8,Percentage
harshdhoriyar,Harsh Dhoriya,G3B5R6L7,23BCY10181,92.33,Percentage,9.01,CGPA,84.4,Percentage
royronit2127,Ronit Roy,U2F0T7E3,23BAI10629,84,Percentage,9.01,CGPA,80,Percentage
pandeyvibhav,Vibhav Pandey,Z9S8P6A6,23BCE11095,90.6,Percentage,9.01,CGPA,77.2,Percentage
palak.singhhk,Palak Singh,N2C0U7S5,23BCE11004,90,Percentage,9.01,CGPA,76,Percentage
ghungrudarju,Arjun Ghungru,N1G1K5M5,23BCE10411,92.4,Percentage,9.01,CGPA,75.33,Percentage
anjali.23bce10356,Anjali Kumari,J6O8F4Q9,23BCE10356,-,-,9.01,CGPA,-,-
anubhavi.23bce10994,Anubhavi Jaiswal,R2X1N0R1,23BCE10994,-,-,9.01,CGPA,-,-
deepika.23bcy10185,Deepika,X2Z0Y4P5,23BCY10185,-,-,9.01,CGPA,-,-
iram.23bsa10150,Iram Khan,X5T0F4D1,23BSA10150,-,-,9.01,CGPA,-,-
manas.23bce10826,Manas Tiwari,N5Z5Z1U4,23BCE10826,-,-,9.01,CGPA,-,-
sahil.23bce10074,Sahil Gupta,I3G7A9N7,23BCE10074,-,-,9.01,CGPA,-,-
saniyaahemad2022,Saniya Ahemad,T1R1Z9D0,22MIP10002,-,-,9.01,CGPA,-,-
shreya.23bce11050,Shreya Gupta,L2S5W0B8,23BCE11050,-,-,9.01,CGPA,-,-
shikha338.ss,Shikha Singh,L3H0P8O9,23BCE10460,95.4,Percentage,9,CGPA,94.6,Percentage
deshpandepa,Parth Deshpande,U2M8U7U4,23BAI10120,100,Percentage,9,CGPA,94,Percentage
vanyaahuja.1,Vanya Ahuja,S2J2R7K0,23BCE10137,97,Percentage,9,CGPA,94,Percentage
ag82620790,Aditya Gupta,T3Q9U7W2,23BAI10032,94.4,Percentage,9,CGPA,86.2,Percentage
palaknarang0,Palak Narang,R1D7K4K4,23BCE11819,93,Percentage,9,CGPA,86,Percentage
aryanpuri.eng,Aryan Puri,G1F5B5B8,23BCY10333,85.8,Percentage,9,CGPA,84.4,Percentage
prajjwal.shukl,Prajjwal Shukla,M6S0A5C9,23BSA10197,95.4,Percentage,9,CGPA,82.6,Percentage
aaryap066,Aarya Patel,A2F0A8Z5,23BAI10112,89.2,Percentage,9,CGPA,78.8,Percentage
priyank.23bcg10053,Priyank Solanki,A8C202S3,23BCG10053,-,-,9.0,CGPA,-,-
priyansh.23bce10607,Priyansh Paliwal,FIB3H9K0,23BCE10607,-,-,9.0,CGPA,-,-
uditya.23bai10543,Uditya Narayan Tiwari,F1D9P4B6,23BAI10543,-,-,9.0,CGPA,-,-
mehtakajal79,Kajal Mehta,I6T7Y1A8,23BCE10234,92,Percentage,8.99,CGPA,95,Percentage
mehrotrayash,Yash Mehrotra,J5O7N8F8,23BCE10942,94.2,Percentage,8.99,CGPA,93.4,Percentage
nayansrivasta,Nayan Srivastava,E3E1H6S9,23BAI10172,93.4,Percentage,8.99,CGPA,92.8,Percentage
sahilyadav13,Sahil Yadav,K4L9K2V1,23BCY10093,92,Percentage,8.99,CGPA,92.66,Percentage
apoorv.trip18,Apoorv Aditya,X2W1G5H4,23BCE10101,94,Percentage,8.99,CGPA,92.4,Percentage
purnendutiwa,Purnendu Tiwari,T4G6I0Z3,23BCE10157,86.2,Percentage,8.99,CGPA,92.4,Percentage
bsnehal354,Snehal Baranwal,G6J0M8Y8,23BCE10479,83.6,Percentage,8.99,CGPA,89,Percentage
vanshsaxena7,Vansh Saxena,P2B4D2C3,23BCE10177,94.33,Percentage,8.99,CGPA,88.6,Percentage
aasthanagar2,Aastha Nagar,Y1Z7M4E3,23BAI11205,93.8,Percentage,8.99,CGPA,87.8,Percentage
mittal.krish23,Krish Mittal,P3K4H3H3,23BCE10078,90.6,Percentage,8.99,CGPA,87.6,Percentage
kumarvikash.,Vikash Kumar,S4M5N2T2,23BAI11396,96.8,Percentage,8.99,CGPA,85.6,Percentage
pakhishukla3,Pakhi Shukla,B5F7N0H8,23BCE10847,91.4,Percentage,8.99,CGPA,84.4,Percentage
manasvikhare,Manasvi Khare,O2A4B7J3,23BCE10232,88.8,Percentage,8.99,CGPA,83.4,Percentage
vedsmith18,Vedant Patil,D2W2Z0I0,23BCE10313,95,Percentage,8.99,CGPA,83,Percentage
gs0711911,Shreyash Singh,G3W4L0X4,23BCE10145,93.6,Percentage,8.99,CGPA,82.9,Percentage
harshita6097,Harshita Sharma,G1T5W3N3,23BCE10503,92.4,Percentage,8.99,CGPA,77.4,Percentage
jayant.23bce10085,Jayant Chaudhary,P1L0N9F2,23BCE10085,-,-,8.99,CGPA,-,-
meet.23bce10256,Meet Patel,C6V5B3T2,23BCE10256,-,-,8.99,CGPA,-,-
rushali.23bai10871,Rushali Pattnaik,W5Q2M6N7,23BAI10871,-,-,8.99,CGPA,-,-
swanik.23bce10030,Swanik Srivastava,R1W1K0A2,23BCE10030,-,-,8.99,CGPA,-,-
taneesh.23bai10059,Taneesh Patel,B6S0Y8J8,23BAI10059,-,-,8.99,CGPA,-,-
vermajaanvi6,Jahnvi Verma,R1O5C4V6,23BCE11130,86.4,Percentage,8.98,CGPA,94,Percentage
priyanshudps,Priyanshu Srivastava,N1A8W4P0,23BAI11278,95.6,Percentage,8.98,CGPA,91.6,Percentage
rathiaanchal0,Aanchal Rathi,I2F8U2Q2,23BAI10110,94,Percentage,8.98,CGPA,83.8,Percentage
amitanshu.va,Amitanshu Varshney,T3Y7A5E1,23BCE10444,97.3,Percentage,8.98,CGPA,83.6,Percentage
yashshri682,Yash Srivastava,A2F9I1L0,23BAI10937,89,Percentage,8.98,CGPA,83,Percentage
dakshabhard,Daksha Bhardwaj,Q3P6V4W9,23BCE11021,92,Percentage,8.98,CGPA,78.5,Percentage
charvi.23bec10076,Charvi Niraj Raut,A1M9Y4X2,23BEC10076,-,-,8.98,CGPA,-,-
priyanshu.23bai11278,Priyanshu Srivastava,NIA8W4PO,23BAI11278,-,-,8.98,CGPA,-,-
thaparprisha9,Prisha Thapar,W3N1O4X0,23BCE10853,95.6,Percentage,8.97,CGPA,93.8,Percentage
dsjamwal29,Devansh Jamwal,H1G0M1U6,23BAI10264,91.2,Percentage,8.97,CGPA,93.8,Percentage
tamannagarg,Tamanna Garg,G5P4T9P0,23BCY10089,93.33,Percentage,8.97,CGPA,93.4,Percentage
aadirastogi5,Aditya Rastogi,Y3K2T5H7,23BAI10020,96.6,Percentage,8.97,CGPA,92.2,Percentage
workwakshaa,Akshaansh Verma,U3O8O3U9,23BAI10730,95.6,Percentage,8.97,CGPA,90.7,Percentage
as120171.om,Om Kumar Singh,H2B4V6S7,23BAI10076,91.7,Percentage,8.97,CGPA,90.4,Percentage
kpoonam862,Poonam Kumari,M3Y1A5C3,23BAI10747,87,Percentage,8.97,CGPA,90,Percentage
jhalak000sah,Jhalak Sahgal,N2M1B7Y4,23BAI10833,92,Percentage,8.97,CGPA,89.25,Percentage
janvijaiswal9,Janvi Jaiswal,G3G3D4P1,23BAI10555,93.2,Percentage,8.97,CGPA,89.2,Percentage
alizoya1312,Zoya Ali,M5W6H4Q0,23BAI10171,90,Percentage,8.97,CGPA,88.6,Percentage
soodakshita7,Akshita Sood,L5T3G1I8,23BSA10169,94.4,Percentage,8.97,CGPA,87,Percentage
raja.namdeo4,Raja Namdeo,E2O2I2H4,23BCE10729,91,Percentage,8.97,CGPA,85.4,Percentage
hmharsh123,Harshit Mishra,Z5U3U5W7,23BAI10473,94.17,Percentage,8.97,CGPA,82.8,Percentage
navnit.kumar.,Navnit Kumar,L5T0N9H1,23BCE11827,90.2,Percentage,8.97,CGPA,78.2,Percentage
ishipathak085,Ishi Pathak,V3E0A7Y4,23BCE11184,93.8,Percentage,8.97,CGPA,76.8,Percentage
aryan.23bsa10041,Aryan,F2B4J2V1,23BSA10041,-,-,8.97,CGPA,-,-
krishna.23bce10118,Krishna Madhav Jha,G5M3Q8Q8,23BCE10118,-,-,8.97,CGPA,-,-
shaun.23bai10555,Shaun Joseph,Z3Q7P2P9,23BAI10555,-,-,8.97,CGPA,-,-
gs0711911,Shreyash Singh,G3W4LOX4,23BCE10145,-,-,8.97,CGPA,-,-
tamanna.23bcy10089,Tamanna Garg,E5P4T9P0,23BCY10089,-,-,8.97,CGPA,-,-
harshitmodi2,Harshit Kumar Modi,H2Q5E4A4,23BCE10764,94.8,Percentage,8.96,CGPA,85.2,Percentage
officialspanda,Spandan Agrawal,W4Q5R1X5,23BAI10015,89.8,Percentage,8.96,CGPA,82.6,Percentage
nishantgoyalC,Nishant Goyal,E5X0F4C7,23BCE10493,90,Percentage,8.96,CGPA,82.2,Percentage
himriduljha11,Mridul Jha,V1W6I6K5,23BCE10480,92,Percentage,8.96,CGPA,76.4,Percentage
shouryaman.23bai10241,Shouryaman Purohit,B5G6H9X6,23BAI10241,-,-,8.96,CGPA,-,-
skrs032011,Saksham Kumar,T4N1J2Z0,23BCE10374,96.8,Percentage,8.95,CGPA,94.5,Percentage
saiardhendu1,Sai Ardhendu,A3R5I8B3,23BCY10070,90.8,Percentage,8.95,CGPA,92.6,Percentage
kanakrishya.s,Karishma,Y2S0V3D5,23BCE11415,91.6,Percentage,8.95,CGPA,90.4,Percentage
bhargavmane,Bhargav Mane,C4P4Z6E4,23BCE10172,88.4,Percentage,8.95,CGPA,88.67,Percentage
abhaytri2005,Abhay Tripathi,T8A1S7I3,23BAI10766,93.6,Percentage,8.95,CGPA,88.6,Percentage
aryapoovaiah,Arya Poovaiah,G1S7Q5D4,23BAI10077,97.2,Percentage,8.95,CGPA,88.4,Percentage
diliprishabhpa,Rishabh Pandey,Y1T6J5Z7,23BAI10184,88,Percentage,8.95,CGPA,88.4,Percentage
i.rajverma842,Raj Verma,T5S1F0E5,23BAI10806,88.5,Percentage,8.95,CGPA,86.6,Percentage
gaurav86510,Gaurav Kumar,P9I6W5U2,23BCE10424,88.4,Percentage,8.95,CGPA,86.2,Percentage
jainansh0605,Ansh Jain,M3L0O4Q8,23BSA10040,84.4,Percentage,8.95,CGPA,85.6,Percentage
vaishnavipara,Vaishnavi Parashar,L1F1J3R1,23BSA10022,94.6,Percentage,8.95,CGPA,85.4,Percentage
pankhurijain1,Pankhuri Jain,Z3I5V4U8,23BAI10956,87.8,Percentage,8.95,CGPA,84.6,Percentage
gupta.khushi,Khushi Gupta,M1T9X9B5,23BCY10036,86.6,Percentage,8.95,CGPA,82,Percentage
hpkpanchal28,Harshali Panchal,A5H3E5K5,23BAI10731,91,Percentage,8.95,CGPA,79.8,Percentage
sprachi294,Prachi Singh,Q1P7I9V6,23BAI11313,96.2,Percentage,8.95,CGPA,79.2,Percentage
priyanshugup,Priyanshu Gupta,I4M3D8F3,23BCE10228,79.2,Percentage,8.95,CGPA,75.2,Percentage
akarsh.23bce10227,AKARSH SHUKLA,D4A3M7Q0,23BCE10227,-,-,8.95,CGPA,-,-
priyam.23bce10953,Priyam Koley,T3D6Y7K1,23bce10953,-,-,8.95,CGPA,-,-
tanuchandravanshi2022,Tanu Chandravanshi,P4U9P6J3,22MIM10062,-,-,8.95,CGPA,-,-
utkarsh.23bce10230,Utkarsh Raj,U5Z4H4D7,23BCE10230,-,-,8.95,CGPA,-,-
shriakanksha,Akanksha Shri,W4L4T5Q4,23BAI10304,95.2,Percentage,8.94,CGPA,93.2,Percentage
1406pradhan,Anshika Pradhan,U1E9U1Q7,23BCE11576,90.5,Percentage,8.94,CGPA,91.4,Percentage
gnair2805,Gauri Nandan,E5A2O6O3,23BSA10079,94,Percentage,8.94,CGPA,89,Percentage
harshg76758,Harshit Gupta,R4I9N7D5,23BAI10803,95.16,Percentage,8.94,CGPA,81.83,Percentage
heymayankch,Mayank Chauhan,H5A8N3K5,23BCE10033,93.8,Percentage,8.94,CGPA,80.2,Percentage
shreyasharma,Shreya Sharma,G5R8B6A9,23BAI10260,95,Percentage,8.94,CGPA,76.2,Percentage
aayushi.23bce10895,Aayushi Vinod,B4L7X5Z3,23BCE10895,-,-,8.94,CGPA,-,-
harshita.23bai10952,Harshita Gautam,X3W7S0D2,23BAI10952,-,-,8.94,CGPA,-,-
yashswani.23bce10500,Yashswani Soni,M4X6M3F9,23BCE10480,-,-,8.94,CGPA,-,-
sahupooja438,Pooja Sahu,S2G4V0G4,23BAI10182,91.17,Percentage,8.93,CGPA,90.4,Percentage
rajalok10375,Alok Raj,S1A3Q2A8,23BSA10024,85.5,Percentage,8.93,CGPA,89.2,Percentage
ivargxp,Ravi Kant M,N3I7V9U2,23BCY10032,83.3,Percentage,8.93,CGPA,88.8,Percentage
diksha.23bai10951,Diksha Singh,A7P5K4M5,23BAI10951,-,-,8.93,CGPA,-,-
manjiri.23bhi10020,Manjiri Manoj Gawali,K1P6P7O1,23BHI10020,-,-,8.93,CGPA,-,-
satwikagrawal68,Satwik Agrawal,Z5J8L0S8,23BAI10737,-,-,8.93,CGPA,-,-
tejas.23bce10709,Tejas Dipak Nehete,R5F8A4V0,23BCE10709,-,-,8.93,CGPA,-,-
ishitaa369b,Ishita Kawadkar,P4P0K2D0,23BCE11228,93.6,Percentage,8.92,CGPA,94.6,Percentage
veedushijain2,Veedushi Jain,A7Y5H4I0,23BAI10068,96.6,Percentage,8.92,CGPA,93.4,Percentage
harshitvats23,Harshit Vats,R2N9J1D7,23BCE10361,95.2,Percentage,8.92,CGPA,93,Percentage
prakratirathor,Prakrati Rathore,B2R2Y0Q1,23BCE11841,96,Percentage,8.92,CGPA,88.4,Percentage
jiyakathuria25,Jiya Kathuria,C5S6U7V0,23BCE11153,91.6,Percentage,8.92,CGPA,87,Percentage
priyanshinigal,Priyanshi Nigam,C7X5L6T9,23BAI10908,94,Percentage,8.92,CGPA,86.6,Percentage
omrajputkum,Vinay Kumar,A2A9U2N7,23BAI10125,83.67,Percentage,8.92,CGPA,85.8,Percentage
pracheeta.sh,Pracheeta Sharma,V3A5G6Y8,23BCY10155,92.8,Percentage,8.92,CGPA,85.4,Percentage
upadhyayunn,Unnat Upadhyay,D4N0A3R6,23BAI10322,82.8,Percentage,8.92,CGPA,82.2,Percentage
1406pradhananshika,Anshika Pradhan,UIE9U1Q7,23BCE11576,-,-,8.92,CGPA,-,-
praveen.23bai10410,Praveen K R,H6X0L0L5,23BAI10410,-,-,8.92,CGPA,-,-
tushar.23bsa10034,Tushar Sharad Matey,U1H9V3N8,23BSA10034,-,-,8.92,CGPA,-,-
kumarvidit69,Vidit Singh,W1L8E3X3,23BAI10196,89.8,Percentage,8.91,CGPA,93.25,Percentage
skandsingh20,Skand Ashwal,E3C1H2C1,23BAI10386,90.16,Percentage,8.91,CGPA,92.2,Percentage
ishaan.verma,Ishaan Verma,V3I3N3L6,23BCE11052,91.4,Percentage,8.91,CGPA,92,Percentage
kamleshchow,Kamlesh Chow,Z3B7P5H2,23BCE10260,10,CGPA,8.91,CGPA,91.9,Percentage
khandelwalm,Manya Khandelwal,A1W6U5Y9,23BAI10151,91.16,Percentage,8.91,CGPA,88.4,Percentage
chaurasiabha,Bhawna Chaurasia,F5G3J3M2,23BAI10924,97.33,Percentage,8.91,CGPA,88.33,Percentage
sdonityamish,Nitya Mishra,D3F5Y1F9,23BAI11290,94.4,Percentage,8.91,CGPA,87.75,Percentage
rashiverma.ra,Rashi Verma,D2Z1U3F2,23BCE10005,96.38,Percentage,8.91,CGPA,87.22,Percentage
ashikamahesl,Ashika Mahesh,U5S9Z1Q3,23BCE10102,94.4,Percentage,8.91,CGPA,84.6,Percentage
ananyachawla,Ananya Chawla,T3I3Y8L0,23BCE11126,93.8,Percentage,8.91,CGPA,84.6,Percentage
utkarshbarnw,Uttakarsh Barnwal,D2V0E0W3,23BCE10333,83.4,Percentage,8.91,CGPA,83.17,Percentage
24devjain,Dev Jain,Y1W9D2S1,23BCE10255,91.4,Percentage,8.91,CGPA,80.4,Percentage
dubeyaniket7,Aniket Dubey,N5V0O7X5,23BCE10199,93.4,Percentage,8.91,CGPA,78.4,Percentage
aadi.23bce10058,Aadi Bhardwaj,S6A6T9F2,23BCE10058,-,-,8.91,CGPA,-,-
ananya.23bce11126,Ananya chawla,T313Y8L0,23BCE11126,-,-,8.91,CGPA,-,-
jeslyn.23bce10888,JESLYN MATHEW,K2F8F5N5,23BCE10888,-,-,8.91,CGPA,-,-
sanjana.23bai10712,Sanjana Mandal,J2P4K6Z9,23BAI10712,-,-,8.91,CGPA,-,-
sourish.23bce10127,SOURISH SINHA,D6N8Q1Z2,23BCE10127,-,-,8.91,CGPA,-,-
vishnu.23bce10569,Vishnu Irappa Sangammanavar,E1A4N1E2,23BCE10569,-,-,8.91,CGPA,-,-
guptaaditi.08,Aditi Gupta,M2T1O0F2,23BAI10968,92.6,Percentage,8.9,CGPA,93.2,Percentage
vedantkadam,Vedant Kadam,C6U4V5K1,23BCY10209,94,Percentage,8.9,CGPA,89.2,Percentage
shrutidewask,Shruti Dewaskar,R3Y2Q0Z5,23BCE10134,95.4,Percentage,8.9,CGPA,87.8,Percentage
vashikaagupt,Vashika Gupta,P3R8E0V7,23BAI10822,94,Percentage,8.9,CGPA,83.2,Percentage
kushwaha.aru,Arunima Kushwaha,Z5X1T4A2,23BAI10223,91.8,Percentage,8.9,CGPA,79.6,Percentage
bharath.23bce10570,N Bharath,Y2C5C6Q6,23BCE10570,-,-,8.9,CGPA,-,-
raj.23bai10026,Raj Maddheshiya,A2B2I0X0,23BAI10026,-,-,8.9,CGPA,-,-
haris.23bce11109,Haris Ahmad,Z4N6B1A0,23BCE11109,-,-,8.9,CGPA,-,-
aarushichadd,Aarushi Chadda,Z2T0J3Z5,23BCE10462,93,Percentage,8.89,CGPA,91,Percentage
jiyasingh1502,Jiya Singh,K1S6I0D3,23BCE10406,93.67,Percentage,8.89,CGPA,87.4,Percentage
lodhi03ruchik,Ruchika Lodhi,C2G4A2C6,23BCE10034,90.66,Percentage,8.89,CGPA,87.2,Percentage
divi.katiyar04,Divyanshi Katiyar,Z4O2S8C8,23BCE11246,90.8,Percentage,8.89,CGPA,84.2,Percentage
singhshaurya,Shaurya Singh,B3X9I9H7,23BCY10109,93.4,Percentage,8.89,CGPA,83,Percentage
amritesh2704,Amritesh Singh,Q4T8I4Z2,23BCE11732,92.8,Percentage,8.89,CGPA,82.8,Percentage
acabhijith13,Abhijith AC,R5Z7B4U1,23BAI10266,84,Percentage,8.89,CGPA,82.4,Percentage
harsh.work21,Harsh Patial,G2M9J0B2,23BAI11406,82.8,Percentage,8.89,CGPA,81.8,Percentage
priyanshujosh,Priyanshu Joshi,S4V6C7T4,23BCY10066,85,Percentage,8.89,CGPA,79.2,Percentage
ashish138169,Ashish Ranjan,P4V4K5B7,23BAI10532,83.6,Percentage,8.89,CGPA,78.6,Percentage
e20051001rs,Eshika Ranjan,Y2Y7V0E4,23BAI10548,96.8,Percentage,8.89,CGPA,78,Percentage
priyanshusing,Priyanshu Singh,I1B0V7L4,23BCY10114,83,Percentage,8.89,CGPA,76.2,Percentage
er.rajshubhan,Shubham Raj,K2U2G6B4,23BSA10027,93.8,Percentage,8.88,CGPA,88.8,Percentage
devrajsinghal,Devraj Singhal,K2I9L7P0,23BCY10273,88,Percentage,8.88,CGPA,86.4,Percentage
ydv.nitin2401,Nitin,H2Z9K4V0,23BCE10310,89.4,Percentage,8.88,CGPA,80.83,Percentage
vaibhavjisuga,Vaibhav Sugandhi,N5R1E8Q3,23BAI10790,87.6,Percentage,8.88,CGPA,75.2,Percentage
ashutosh.23bce10622,Ashutosh Gupta,N2S0M1T8,23BCE10622,-,-,8.88,CGPA,-,-
prem.23bce10013,Prem Kolte,Y5A4V3N6,23BCE10013,-,-,8.88,CGPA,-,-
shreyash.23bce10931,Shreyash Srivastava,V2S7K7L2,23BCE10931,-,-,8.88,CGPA,-,-
singhkrishnar,Krishnam Singh,L4H9R6T9,23BCE10179,95.5,Percentage,8.87,CGPA,94.4,Percentage
harshkusingh,Harsh Kumar,Q1G0R6Q7,23BCE10081,90.2,Percentage,8.87,CGPA,93.8,Percentage
xtremewarrio,Hiraksubhra,C1D8Y9U2,23BCE10646,91,Percentage,8.87,CGPA,93,Percentage
rajaditya9205,Aditya Raj,D3N3X2V9,23BCE10528,91.25,Percentage,8.87,CGPA,88,Percentage
adi.jha1424,Adarsh Kumar,A1V3H9E7,23BCY10159,88.66,Percentage,8.87,CGPA,86.8,Percentage
dikshikaa10,Dikshika,N2O4C9H2,23BAI10331,93.8,Percentage,8.87,CGPA,86.6,Percentage
saxenasonaks,Sonakshi Saxena,Y5C3F8R0,23BAI10191,94.4,Percentage,8.87,CGPA,84.2,Percentage
pranibhuyan,Puja Rani Bhuyan,I3G0M6W3,23BAI10500,87.2,Percentage,8.87,CGPA,82.4,Percentage
vidhiudasi2,Vidhi Udasi,C2S2D7T7,23BAI10202,89.6,Percentage,8.87,CGPA,81.2,Percentage
anshahuja824,Ansh Ahuja,F3E3Z8D6,23BAI11401,93.6,Percentage,8.87,CGPA,81.1,Percentage
aryanwalia73,Aryan Walia,I1T8R6T9,23BCE11056,92.2,Percentage,8.87,CGPA,80.16,Percentage
borraviveksri2,Vivek Sri Borra,V4N6D1H6,23BCE11154,82.8,Percentage,8.87,CGPA,77.4,Percentage
aanya.23bce10956,Aanya Singh,T2A3U4N3,23BCE10956,-,-,8.87,CGPA,-,-
pratul.23bce10290,Pratul Singh,J5C7O5T5,23BCE10290,-,-,8.87,CGPA,-,-
sanchay.23bce10138,Sanchay Manoj Yadav,K4H3Y7J5,23BCE10138,-,-,8.87,CGPA,-,-
vishal.25mca10102,Vishal Kumar Mishra,J1R8P7S2,25mca10102,-,-,8.87,CGPA,-,-
niranjankritik,Kritika Nirankari,M2T4P7A7,23BCE10128,89.8,Percentage,8.86,CGPA,91.6,Percentage
harshitajaisw,Harshita Jaiswal,O3X7M7Z1,23BCE11331,93.66,Percentage,8.86,CGPA,84,Percentage
suyogyatiw,Suyogya Tiwari,J2G2O8L7,23BCE11182,89.1,Percentage,8.86,CGPA,84,Percentage
rishinegi718,Rishabh Negi,R4L6O9R0,23BCE10452,82,Percentage,8.86,CGPA,84,Percentage
lucky.123.avn,Avnish Singh,B4S9N8M3,23BCE11090,95,Percentage,8.86,CGPA,82.4,Percentage
pvadhwaidh1,P V Adhwaidh,H3B7C2C9,23BAI10860,87.8,Percentage,8.86,CGPA,78,Percentage
dipakshukla158,Deepak shukla,Z4U1B2T7,23BCE11422,-,-,8.86,CGPA,-,-
khwahish.23bce10949,Khwahish,C3R2A3A3,23BCE10949,-,-,8.86,CGPA,-,-
maddirala.23bai11066,Maddirala Bala Siva Manikanta,I2O1A5Q8,23BAI11066,-,-,8.86,CGPA,-,-
riddhi.23bcg10020,Riddhi Agnihotri,Y1U5V1C1,23BCG10020,-,-,8.86,CGPA,-,-
shubhasin05,Shubha Singh,Y5K8K0Q4,23BCE10015,-,-,8.86,CGPA,-,-
subodh.23bai10576,Subodh Mishra,W4Z3N1C0,23BAI10576,-,-,8.86,CGPA,-,-
sambhav103,Sambhav Shrivastava,T3M2I9F0,23BCE10229,93.4,Percentage,8.85,CGPA,90,Percentage
prachipreima1,Prerna Prachi,M3R5O7N1,23BAI10367,87.8,Percentage,8.85,CGPA,88,Percentage
tanish.gupta6,Tanish Gupta,V4W9W4X5,23BAI10217,95,Percentage,8.85,CGPA,87,Percentage
kanakholkar0,Kanak Holkar,D6A3U5G6,23BCE10295,94.6,Percentage,8.85,CGPA,86,Percentage
pratiharkirti,Kirti Pratihar,J9K8B4G5,23BAI10710,95.2,Percentage,8.85,CGPA,84.4,Percentage
puneetpanwa,Puneet Puneet,Z1S1N8C5,23BAI10122,84.4,Percentage,8.85,CGPA,79.2,Percentage
aditya.23bcy10034,Aditya Roy,S4W2X4I9,23BCY10034,-,-,8.85,CGPA,-,-
krish.23bce10305,Krish Vinod Joshi,F1K5W2T3,23BCE10305,-,-,8.85,CGPA,-,-
kunal.23bce11083,Kunal Mukherjee,O5B3P9U1,23BCE11083,-,-,8.85,CGPA,-,-
lenwin.23bai10497,Lenwin Thomas Babu,F2V4Z4G2,23BAI10497,-,-,8.85,CGPA,-,-
sapkotakriti0,Kriti Sapkota,Y2Y2A7Q3,23BCE10142,93.4,Percentage,8.84,CGPA,90,Percentage
nityaagarwal7,Nitya Agarwal,T1O2G6I9,23BCE10717,93.2,Percentage,8.84,CGPA,89.16,Percentage
agrawalmaya,Mayank Agarwal,Q4Z2Z0H6,23BCY10074,79.4,Percentage,8.84,CGPA,85,Percentage
agarwalrahul,Rahul Agarwal,F4O0X4G0,23BCE11000,87,Percentage,8.84,CGPA,83.4,Percentage
gargshaurya2,Shaurya Garg,S3A2A6D1,23BAI11170,91.4,Percentage,8.84,CGPA,81.4,Percentage
himanshu.23t,Himanshu Trivedi,G2P0Y8M1,23BCE11842,83.8,Percentage,8.84,CGPA,79.4,Percentage
riku12004,Rishika Patel,F4S8J3E6,23BCY10241,91.4,Percentage,8.84,CGPA,78,Percentage
aman.23bsa10007,Aman Pal,J3G4Q0S4,23BSA10007,-,-,8.84,CGPA,-,-
anamika.23bce11759,Anamika Gandhi,S5T2J4G0,23BCE11759,-,-,8.84,CGPA,-,-
muskan.23bce10927,Muskan Raja Bundela,U1G1I8V8,23bce10927,-,-,8.84,CGPA,-,-
rishika.23bcy10241,Rishika Patel,: F4S8J3E6,23BCY10241,-,-,8.84,CGPA,-,-
ritik.23bce10850,Ritik Mishra,V2D3I0V8,23BCE10850,-,-,8.84,CGPA,-,-
samriddhi.23bey10019,Samriddhi Thakur,H3S6W2K3,23BEY10019,-,-,8.84,CGPA,-,-
sonali.23bhi10144,Sonali Kumari,L4F5W8K8,23BHI10144,-,-,8.84,CGPA,-,-
gargeesingh7,Gargee Singh,Z5T7T6G9,23BCE11449,92.8,Percentage,8.83,CGPA,94.8,Percentage
mishtikhanna,Mishti Khanna,M5W6G1Y1,23BCE11626,97.6,Percentage,8.83,CGPA,90.8,Percentage
ishamahadev,Isha Mahadev,H1H2M6V8,23BCE10163,97.4,Percentage,8.83,CGPA,89.6,Percentage
06ishansaxen,Ishan Saxena,I5P5Y3H6,23BCE10303,97.6,Percentage,8.83,CGPA,89.2,Percentage
aarushisingh,Aarushi Narula,F3S8R2B7,23BCE11097,94.6,Percentage,8.83,CGPA,89,Percentage
chhayasingh3,Chhaya Singh,G3J7F0Q9,23BAI10007,95,Percentage,8.83,CGPA,85.6,Percentage
jayanthrenga2,Jayanth Rengarajan,Q1G7D3C9,23BCY10042,82,Percentage,8.83,CGPA,84.8,Percentage
ankitsharma1,Ankit Sharma,B1T8Q8B7,23BCE11180,92.8,Percentage,8.83,CGPA,84.4,Percentage
pande.prakha,Prakhar Pandey,L5I2T9B5,23BCE10197,94,Percentage,8.83,CGPA,84.2,Percentage
rishitamehta2,Rishita Mehta,Q7F5R4P1,23BCE10235,93.6,Percentage,8.83,CGPA,81,Percentage
aditigupta160,Aditi Gupta,D5H2U6F4,23BAI11226,92.8,Percentage,8.83,CGPA,76,Percentage
garv.23bai11209,Garv Gupta,J1O1C7Q1,23BAI11209,-,-,8.83,CGPA,-,-
jayapradeep.23bai10214,S Jaya Pradeep,D5T4O9W5,23BAI10214,-,-,8.83,CGPA,-,-
chiranjeevtrip,Chiranjeev Tripathi,N5G3Q8V2,23BCE10071,86.4,Percentage,8.82,CGPA,93.8,Percentage
avishitripathi2,Avishi Tripathi,N1Y3R8G0,23BCE11360,92.4,Percentage,8.82,CGPA,90.1,Percentage
aishwaryaveri,Aishwarya Verma,A2F9D1H3,23BAI10284,91.3,Percentage,8.82,CGPA,87,Percentage
khushisingh3,Khushi Singh,Q5I4W8V1,23BCE11838,85.6,Percentage,8.82,CGPA,83.2,Percentage
aadityarawat1,Aaditya Singh,M5B5C8Q8,23BCY10055,91.8,Percentage,8.82,CGPA,81.8,Percentage
ritikatyagi050,Ritika Tyagi,N6P2N3Q7,23BCE11115,92,Percentage,8.82,CGPA,81,Percentage
anuruddhps.2,Anuruddh Pratap,Q2N5B3P3,23BCE10609,89.4,Percentage,8.82,CGPA,81,Percentage
aadya.23bsa10016,Aadya Sahu,Q5N6N1Y6,23bsa10016,-,-,8.82,CGPA,-,-
kartikay.goel02,Kartikay Goel,I1B2D9M1,23BCE10326,-,-,8.82,CGPA,-,-
abhinaypersp,Abhinay Reshi,N4Z7Z7H5,23BAI10545,10,CGPA,8.81,CGPA,96.8,Percentage
aishnaagupta,Aishnaa Gupta,K5Y7O9B0,23BCE11245,95.6,Percentage,8.81,CGPA,93,Percentage
jai.24arora,Jai Arora,K1L1H6G9,23BAI10546,89.6,Percentage,8.81,CGPA,89.6,Percentage
agarwalashi2,Ashi Agarwal,T3C2Z0O2,23BCE10206,94.4,Percentage,8.81,CGPA,88.4,Percentage
ayushrajverm,Ayush Raj Verma,O4H7W8H7,23BCE10914,83,Percentage,8.81,CGPA,87.33,Percentage
vansh.s.work,Vansh Vansh,D3D4D5S4,23BCE10046,95.33,Percentage,8.81,CGPA,84.8,Percentage
veetidew,Veeti Dewangan,M2U1V9H0,23BAI10100,92.8,Percentage,8.81,CGPA,83.4,Percentage
tnusng7905,Tanu Singh,Q5W4M0L6,23BAI10750,84.33,Percentage,8.81,CGPA,83.2,Percentage
supreetyjha,Supreety Jha,C2Z9L7S2,23BCY10150,89.6,Percentage,8.81,CGPA,80.25,Percentage
sarahtthomas,Sarah Thomas,I1V4P7O1,23BSA10160,92,Percentage,8.81,CGPA,78.8,Percentage
bipasha.chak,Bipasha Chakraborty,M2N5L3P6,23BCE11369,90.4,Percentage,8.81,CGPA,78.2,Percentage
pratyaksha.23bai10345,Pratyaksha Singh,K8O2T5M1,23BAI10345,-,-,8.81,CGPA,-,-
priyanshu.23bai10270,Priyanshu Choubey,M2F0N8W0,23BAI10270,-,-,8.81,CGPA,-,-
raghuveer.23bce10023,Raghuveer Singh Panwar,T2A9Y6T8,23BCE10023,-,-,8.81,CGPA,-,-
rahul.23bce11000,Rahul Agarwal,F400X4G0,23BCE11000,-,-,8.81,CGPA,-,-
tarunnichwani2022,Tarun Nichwani,E8F3W5K4,22MIM10076,-,-,8.81,CGPA,-,-
vambh2004,Vedant Ambh,N5L9E5S8,23BCE10025,-,-,8.81,CGPA,-,-
himanshusinc,Himanshu Singh,W2Z2S2D4,23BCE10450,90.16,Percentage,8.8,CGPA,90,Percentage
suryansh.prat,Suryansh Prat,E2P0J8Z7,23BCE11233,87.6,Percentage,8.8,CGPA,85,Percentage
mohakgupta.,Mohak Gupta,P2U3M5P2,23BCE10653,94.2,Percentage,8.8,CGPA,84,Percentage
akshatshukla,Akshat Shukla,Y4B6L4W4,23BCE10711,91,Percentage,8.8,CGPA,83.6,Percentage
guneetkaurj,Guneet Kaur,V5L1I6P3,23BAI10720,96.2,Percentage,8.8,CGPA,83.2,Percentage
rudranisarkar,Rudrani Sarkar,I5Y1P9E8,23BAI11072,91.2,Percentage,8.8,CGPA,82.6,Percentage
kushwahaanj,Anjali Kushwaha,O5N3L7K7,23BAI10634,87.6,Percentage,8.8,CGPA,81.4,Percentage
priyansh.agga,Priyansh Aggarwal,I5D6O5P7,23BAI11242,94.4,Percentage,8.8,CGPA,75.2,Percentage
avantika.23bce11400,Avantika Singh,Q4N8U1I3,23BCE11400,-,-,8.8,CGPA,-,-
ayushman.23bcg10002,Ayushman Das,Z3G8O5Y1,23BCG10002,-,-,8.8,CGPA,-,-
devyasaigal05,Devya Saigal,U6Y6U6O7,23bce10961,-,-,8.8,CGPA,-,-
rohini.23bce11086,Rohini Vinod Khapne,J5U8O3J9,23BCE11086,-,-,8.8,CGPA,-,-
samriddhi.23bce10140,SAMRIDDHI TRIPATHI,R5E8E6X4,23BCE10140,-,-,8.8,CGPA,-,-
shreedhar.23bce10321,Shreedhar Daingade,R2U8A8P0,23BCE10321,-,-,8.8,CGPA,-,-
soumyodyuti,Soumyodyuti,K5T2M3Q3,23BCE11818,92.2,Percentage,8.79,CGPA,95.2,Percentage
himanshuyad,Himanshu Yadav,R3I2Y7M9,23BCE10031,85.2,Percentage,8.79,CGPA,94.2,Percentage
akarshm184,Akarsh Mishra,N1J9S3P9,23BCY10199,97.6,Percentage,8.79,CGPA,90.6,Percentage
harshit3976,Harshit Singh,A2X4S6B8,23BCE10483,92,Percentage,8.79,CGPA,88,Percentage
nandanitripatl,Nandani Tripathi,L2V3F8P7,23BCY10180,95.5,Percentage,8.79,CGPA,87.4,Percentage
shubhamkum2,Shubham Kumar,P3A4A7J7,23BAI10755,87.4,Percentage,8.79,CGPA,86.2,Percentage
sreelakshmia,Sreelakshmi A,P2T9D4V7,23BAI11083,97.6,Percentage,8.79,CGPA,85.2,Percentage
sia.upadhyay,Sia Upadhyay,C2K7X3A1,23BAI10301,91.2,Percentage,8.79,CGPA,83.5,Percentage
zejaz6806,Zoya Ejaz,R4H8S7D4,23BAI11394,91.3,Percentage,8.79,CGPA,82.8,Percentage
charitra.jain2,Charitra Jain,N4K4S1B7,23BCE10938,89,Percentage,8.79,CGPA,82.8,Percentage
rajyashnanda,Yash Raj Nanda,L4I9F4R5,23BAI11238,89.2,Percentage,8.79,CGPA,81.4,Percentage
mananjadam2,Manan Jadam,B6S1T9A9,23BSA10068,77.8,Percentage,8.79,CGPA,80.2,Percentage
vaibhavic08,Vaibhavi Chauhan,R1B1I5U6,23BCE10848,89,Percentage,8.79,CGPA,79,Percentage
kumarsingha,Aditya Kumar,D6Q4C6L7,23BSA10188,82.2,Percentage,8.79,CGPA,78.6,Percentage
armaan.n.alar,Armaan Alam,E1F6F8I9,23BAI10496,88.2,Percentage,8.79,CGPA,76.5,Percentage
akshat.23bai10181,Akshat Jha,M1L5X0Q5,23BAI10181,-,-,8.79,CGPA,-,-
diya.23bce10891,Diya Srivastava,E4P1C8J6,23BCE10891,-,-,8.79,CGPA,-,-
lakshyaraj.23bce11288,Lakshyaraj Singh Ranawat,R5G6O6N2,23BCE11288,-,-,8.79,CGPA,-,-
nandhini.23bhi10176,M K Nandhini,T5Y2E8P4,23BHI10176,-,-,8.79,CGPA,-,-
niharika.23bcg10061,Niharika thakur,J7O4Q9Z8,23BCG10061,-,-,8.79,CGPA,-,-
nitya.23bcy10234,Nitya Kushwaha,J3V6G8X6,23BCY10234,-,-,8.79,CGPA,-,-
shivam.23bce10589,Shivam Krishna,R5A0L1A3,23BCE10589,-,-,8.79,CGPA,-,-
shreeved.23bce10838,Shreeved Kiran Dhanait,K3L3F3C2,23BCE10838,-,-,8.79,CGPA,-,-
swasti.23bce10389,Swasti Bansal,U4I2Z8I6,23BCE10389,-,-,8.79,CGPA,-,-
vansheeka.23bce11023,Vansheeka Jain,H5I4N3L7,23BCE11023,-,-,8.79,CGPA,-,-
kshitijkadyan3,Kshitij Kadyan,B7H4W1C1,23BCE10148,95.8,Percentage,8.78,CGPA,91.2,Percentage
sakshichandr,Sakshi Chandra,D2P8W9H3,23BCY10210,88,Percentage,8.78,CGPA,86,Percentage
aayushsharm,Aayush Sharma,O5B4I2Y7,23BCE10993,95,Percentage,8.78,CGPA,85,Percentage
ide.deepti04,Deepti Srivastava,M3Y9B2N0,23BCE11425,96,Percentage,8.78,CGPA,77,Percentage
arpit.23bce10530,Arpit Sanjay Rajput,X2P6D3Y1,23BCE10530,-,-,8.78,CGPA,-,-
ayushi.23bce10790,Ayushi Sehgal,T3V8T0I7,23BCE10790,-,-,8.78,CGPA,-,-
pranjalvishwakarma2022,Pranjal Vishwakarma,D2M2I1D0,22MEI10060,-,-,8.78,CGPA,-,-
gouthamgour,Goutham Gour,J6O5X4G1,23BAI10632,90.8,Percentage,8.77,CGPA,89.6,Percentage
nareshsharma,Daksh Bhardwaj,Q4P0G1J8,23BCE10964,97,Percentage,8.77,CGPA,89.2,Percentage
praveenudhr,Praveen Singh,R5U3D2Q5,23BCY10191,94.6,Percentage,8.77,CGPA,88,Percentage
pandeyap260,Aditya Pandey,S6Z4K4R3,23BCE10203,93,Percentage,8.77,CGPA,84.4,Percentage
namangupta.,Naman Gupta,N5F1U3X6,23BAI10625,94.8,Percentage,8.77,CGPA,81.4,Percentage
rythemsoodln,Rythem Sood,Z4N8V7B8,23BCE10091,90.2,Percentage,8.77,CGPA,79.2,Percentage
anshul.23bai10709,Anshul Patidar,O3K4D4G8,23BAI10709,-,-,8.77,CGPA,-,-
anurag.23bce11185,Anurag Kumar,B3C9Z0K0,23BCE11185,-,-,8.77,CGPA,-,-
aaryaman.23bce11562,Aryaman Modi,X3X7Z0Q1,23BCE11562,-,-,8.77,CGPA,-,-
dave.23bai10390,DAVE NANDISH NILESHKUMAR,I4R3U7I9,23BAI10390,-,-,8.77,CGPA,-,-
kanishka.23bsa10095,Kanishka Agrawal,F6N4O7J4,23BSA10095,-,-,8.77,CGPA,-,-
manasvi.23bhi10193,Manasvi Joshi,M6L9U5W0,23BHI10193,-,-,8.77,CGPA,-,-
narmada.23bai11088,Narmada Natarajan,N7W7B3F5,23BAI11088,-,-,8.77,CGPA,-,-
piyushb191,Piyush Bhatia,X3E7C3Z4,23BHI10111,-,-,8.77,CGPA,-,-
saiyam.23bai11130,Saiyam Jain,A4B9W0X0,23BAI11130,-,-,8.77,CGPA,-,-
shrsbrkr,Shreyas Borkar,L1E2X6Q7,23BCY10181,91.33,Percentage,8.76,CGPA,81.17,Percentage
iaditya.19067,Aditya Singh,Q9W9Y7H0,23BAI10733,94.16,Percentage,8.76,CGPA,81,Percentage
samalchitran,Chitrangi Samal,A4A8O6B4,23BAI11168,84.6,Percentage,8.76,CGPA,76.3,Percentage
dhruv.23bce11510,Dhruv Hedaoo,A6Z5F9Y2,23BCE11510,-,-,8.76,CGPA,-,-
disha.23bce11104,Disha Sengar,N5X3R2F9,23BCE11104,-,-,8.76,CGPA,-,-
pratyksh.23bce10482,Pratyksh Somani,K4P5K8K4,23BCE10482,-,-,8.76,CGPA,-,-
shriya.23bce10751,Shriya Punnal,Q5M2B4L2,23BCE10751,-,-,8.76,CGPA,-,-
sujal.23bai10535,Sujal Sinha,T6M7X9O9,23BAI10535,-,-,8.76,CGPA,-,-
praveenuppar,Praveen Uppar,Z2V6A5O8,23BSA10054,80.5,Percentage,8.75,CGPA,89.33,Percentage
tarungupta10,Tarun Gupta,E4H5W2R9,23BCE10695,94,Percentage,8.75,CGPA,85.16,Percentage
1611aryansin,Aryan Singh,G4C6N0Q2,23BCE11704,94.6,Percentage,8.75,CGPA,84.2,Percentage
palakpandey3,Palak Pandey,N3U0J2X2,23BCE11061,85.5,Percentage,8.75,CGPA,75.8,Percentage
shria.23bce10885,Shria Biju,T1N8I8U3,23BCE10885,-,-,8.75,CGPA,-,-
bhavya.23bce11232,Bhavya Katiyar,B6L3B4V2,23BCE11232,-,-,8.75,CGPA,-,-
ishita.23bhi10183,Ishita,B9S3K2G8,23BHI10183,-,-,8.75,CGPA,-,-
lokeshsharma2022,LOKESH SHARMA,O2U6F0S8,22MEI10062,-,-,8.75,CGPA,-,-
nimesh.23bce11386,Nimesh Agarwal,Y6U3I2H7,23BCE11386,-,-,8.75,CGPA,-,-
praveen.23bsa10054,Praveen Uppar,Z2V8A5O8,23BSA10054,-,-,8.75,CGPA,-,-
priyanshu.23bai10691,Priyanshu Ranjan,K7H7R3C2,23BAI10691,-,-,8.75,CGPA,-,-
tanishirai260,Tanishi Rai,U4V7P5P4,23BCE10299,92.6,Percentage,8.74,CGPA,93.25,Percentage
pragyathakur9,Pragya Thakur,R2P7X6Q6,23BAI10198,88.8,Percentage,8.74,CGPA,90,Percentage
rahulbalhara8,Rahul Balhara,Y6N0Y3M6,23BCE10604,87.8,Percentage,8.74,CGPA,89.4,Percentage
utkarshsingha,Utkarsh Singh,Q1I6B0J7,23BCE10501,93.6,Percentage,8.74,CGPA,86.8,Percentage
akarshagrawa,Akarshit Agrawal,K2M8Z3P5,23BCE10264,88.8,Percentage,8.74,CGPA,84.2,Percentage
anamikarai83,Anamika Rai,J0X8J7F3,23BCE10277,92.6,Percentage,8.74,CGPA,83.6,Percentage
princeagrahar,Prince Kumar,Q2N6J2D8,23BCE10294,82.6,Percentage,8.74,CGPA,81.6,Percentage
saumilsingha,Saumil Singhal,C1C3H1M9,23BAI10872,87,Percentage,8.74,CGPA,81,Percentage
anushka25du,Anushka Dubey,B6M7C8W5,23BCE11492,85.8,Percentage,8.74,CGPA,78.75,Percentage
manvi2605na,Manvi Nayak,Z5P8V7B6,23BCE11635,78.8,Percentage,8.74,CGPA,77.4,Percentage
divitsinghania,Divit Singhania,Q5M3F4L8,23BAI10721,94.83,Percentage,8.74,CGPA,75,Percentage
ashutosh.23bai10133,Ashutosh Kumar Singh,P2X3N6B8,23BAI10133,-,-,8.74,CGPA,-,-
kumar.23bce10178,Kumar Rishav,H2D9NOT2,23BCE10178,-,-,8.74,CGPA,-,-
palak.23bce10743,Palak Gupta,W1I4I1M6,23BCE10743,-,-,8.74,CGPA,-,-
paritosh.23bce11349,Paritosh Katiyar,F5G3L8O0,23BCE11349,-,-,8.74,CGPA,-,-
sai.23bce11268,Sai Prajapati,Y4G9A4G6,23BCE11268,-,-,8.74,CGPA,-,-
sakshi.23bcg10019,Sakshi Shaw,C2K7J6Y1,23bcg10019,-,-,8.74,CGPA,-,-
vasu.23bce10270,Vasu Chourasia,Q1W5V6K8,23BCE10270,-,-,8.74,CGPA,-,-
yash.23bce10672,Yash Rathore,U3B2N8I9,23BCE10672,-,-,8.74,CGPA,-,-
sunainamoha,Sunaina Mohan,P2G6X9C3,23BAI11159,91.5,Percentage,8.73,CGPA,89.6,Percentage
piyushsingh5,Piyush Singh,Q3E2F8P8,23BAI10346,96.4,Percentage,8.73,CGPA,88.4,Percentage
poojasrisri.20,Poojasri R,Y3S7V3G0,23BCY10220,95.8,Percentage,8.73,CGPA,86,Percentage
kovidhvsb772,Kovidh Vardhan,C2C0Z2J2,23BCE11195,86.5,Percentage,8.73,CGPA,82.6,Percentage
dhairyag31,Dhairya Gothi,E2K1S0M4,23BCE10225,85.8,Percentage,8.73,CGPA,82.4,Percentage
lakshaysaini2,Lakshay Saini,E5D8P8I3,23BAI10890,92,Percentage,8.73,CGPA,76.67,Percentage
prashasti.23bce10893,Prashasti Joshi,P3N1G5Q7,23BCE10893,-,-,8.73,CGPA,-,-
sanjay.23bce11016,Sanjay Vinod K,V4Q6J6L4,23BCE11016,-,-,8.73,CGPA,-,-
vaibhav.23bce10616,Vaibhav Mishra,Z3O0W8J7,23BCE10616,-,-,8.73,CGPA,-,-
harshpatel13,Harsh Patel,L3H9R1E3,23BCE10150,93.2,Percentage,8.72,CGPA,96.4,Percentage
harshthakur1,Harsh Prajapati,N6V2H1I2,23BCY10314,93.3,Percentage,8.72,CGPA,93.2,Percentage
suhanimalani,Suhani Malani,I5C8E5R0,23BCE10174,92.6,Percentage,8.72,CGPA,90.4,Percentage
ananyarajwan,Ananya Raj Wani,H1N4L0A8,23BAI11346,96.4,Percentage,8.72,CGPA,89.5,Percentage
niranjanmcvn,Niranjan M,S4I4Y3S1,23BCE11437,95.6,Percentage,8.72,CGPA,85.6,Percentage
2004arpitgup,Arpit Gupta,L6Q9R9V5,23BCE10791,89.4,Percentage,8.72,CGPA,84.8,Percentage
vaibhavkumar,Vaibhav Kumar,E3R6C6J3,23BCE10143,82.83,Percentage,8.72,CGPA,84.66,Percentage
abhaykumars,Abhay Kumar,R5X9L2B5,23BCE10795,92,Percentage,8.72,CGPA,84.4,Percentage
tejastekade30,Tejas Tekade,C2F0M2Y2,23BCE10580,89,Percentage,8.72,CGPA,83.4,Percentage
work.yeshuag,Yeshu Agarwal,Y4O1I2T0,23BSA10018,87.3,Percentage,8.72,CGPA,78.8,Percentage
akshayyadavj,Akshay Yadav,G2T6V9I8,23BCY10268,90.8,Percentage,8.72,CGPA,78.6,Percentage
vermaraghav8,Raghav Verma,K3Z0B5W4,23BCY10353,84.14,Percentage,8.72,CGPA,76.2,Percentage
prashant2204,Prashant Prasad,G3S7W2S2,23BCE10590,94.2,Percentage,8.72,CGPA,75.4,Percentage
arshan.23bce10800,Arshan Khan,S3U5B8K2,23BCE10800,-,-,8.72,CGPA,-,-
chirasmita.23bac10003,Chirasmita Ghosh,B2W5G7X6,23BAC10003,-,-,8.72,CGPA,-,-
rishabh.23bce10691,Rishabh Raj,V2O9O2L0,23BCE10691,-,-,8.72,CGPA,-,-
syed.23bai11280,Syed Aafreen,L4C7LOU7,23BAI11280,-,-,8.72,CGPA,-,-
sbsb96745,Soumyodip Bhattacharya,T2Y7P8N1,23BCE10416,92.28,Percentage,8.71,CGPA,93.2,Percentage
kritika021205,Kritika Bhatnagar,V5Y5P4L0,23BCE10459,92.16,Percentage,8.71,CGPA,85,Percentage
kumar.23bce1,Kumar Arya,L4J0H0C5,23BCE10355,94,Percentage,8.71,CGPA,84.2,Percentage
adarshpratap,Adarsh Pratap,K6B3C7V0,23BCE10811,85,Percentage,8.71,CGPA,82.6,Percentage
anshurathor9,Anshu Rathor,F4A9T8M4,23BCE10168,81.4,Percentage,8.71,CGPA,78.4,Percentage
anshu.s1310,Anshu Singh,O1Z8Q4I5,23BAI11210,90.6,Percentage,8.71,CGPA,78,Percentage
harshal.23bai10895,Harshal Jain,P4I0K0K9,23BAI10895,-,-,8.71,CGPA,-,-
khushang.23bce10425,Khushang Singh,V1G5H9D7,23BCE10425,-,-,8.71,CGPA,-,-
meshwa.23bhi10090,Meshwa Hirpara,O1I9X9L0,23BHI10090,-,-,8.71,CGPA,-,-
puranjay.23bhi10003,Puranjay Kapoor,N3A8Y9A5,23BHI10003,-,-,8.71,CGPA,-,-
rutuja.23bai10134,Rutuja Maruti Kumbhar,C9A8L1F2,23BAI10134,-,-,8.71,CGPA,-,-
sharma.23bai10599,SHARMA UJJAWAL KUMAR RAVISHANKAR,Q3M4M9M4,23BAI10599,-,-,8.71,CGPA,-,-
shresth.23bce10552,Shresth Goel,U1P4E7D2,23BCE10552,-,-,8.71,CGPA,-,-
ananyak1012,Ananya Kushwaha,B1Y0M4C3,23BCE10191,92.8,Percentage,8.7,CGPA,90.6,Percentage
vanshikasingl,Vanshika Singh,D1N5T2M6,23BCE10606,89,Percentage,8.7,CGPA,89.8,Percentage
saralsaxena1,Saral Saxena,Y5J0W5D8,23BCE10040,95.6,Percentage,8.7,CGPA,85.4,Percentage
harshparyani,Harsh Paryani,W3E7K8Y2,23BCE10215,92.8,Percentage,8.7,CGPA,83.4,Percentage
avijain1412,Avi Jain,L1G9B5Y2,23BAI11357,95.8,Percentage,8.7,CGPA,83.2,Percentage
mayanklucky4,Mayank Anand,F2G1K1I3,23BCE10719,87,Percentage,8.7,CGPA,78.6,Percentage
jayjeswani45,Jay Jeswani,K3J3K5U2,23BAI10422,85.4,Percentage,8.7,CGPA,78,Percentage
vachhaniheet,Heet Vachhani,D4Y8K7F4,23BCE10001,93,Percentage,8.7,CGPA,77,Percentage
rajvivek22102,Vivek Raj Singh,W2L0W0C8,23BSA10014,93.2,Percentage,8.7,CGPA,75.2,Percentage
aman.23bce11840,Aman Patre,Q5E7Y2G0,23BCE11840,-,-,8.7,CGPA,-,-
anshu.23bai11210,Anshu Singh,01Z8Q415,23BAI11210,-,-,8.7,CGPA,-,-
arpit.23bce10791,Arpit Gupta,L6Q5R9V5,23BCE10791,-,-,8.7,CGPA,-,-
oshmi.23bce10384,Oshmi Singh Sisodia,T5A0P2A4,23BCE10384,-,-,8.7,CGPA,-,-
palak.23bce10844,PALAK KULSHRESHTHA,G4Q7K3I5,23BCE10844,-,-,8.7,CGPA,-,-
pranjal.23bai11217,Pranjal,J2I4W8T5,23BAI11217,-,-,8.7,CGPA,-,-
pranjal.23bhi10114,Pranjal Karan,M213G619,23BHI10114,-,-,8.7,CGPA,-,-
sheshabuttermadhuri2022,Sheshabutter Madhuri,E3C8L7E4,22MIP10008,-,-,8.7,CGPA,-,-
shubhankar.23bai11053,Shubhankar Pandey,Y7U1A2T7,23BAI11053,-,-,8.7,CGPA,-,-
barguje.23bce10113,Siddhant Rajendra Barguje,O1Z1M4Y5,23BCE10113,-,-,8.7,CGPA,-,-
sukhwal.23bce10680,Tanushri Rajesh Sukhwal,A3Y6L5P0,23BCE10680,-,-,8.7,CGPA,-,-
tanyachandra,Tanya Chandra,A5N0C3F0,23BAI10698,90.4,Percentage,8.69,CGPA,88.6,Percentage
bhumikasingh,Bhumika Singh,P2N0Z5W3,23BCE11174,97.6,Percentage,8.69,CGPA,83.4,Percentage
vermaastha92,Aastha Verma,N3M1G3T0,23BAI11213,94.4,Percentage,8.69,CGPA,77.6,Percentage
manvimodi3,Manvi Modi,U4W4A3K6,23BCE11297,94,Percentage,8.69,CGPA,77,Percentage
aanidhyapatic,Aanidhya Patil,M5Q0B2S3,23BAI10642,89.33,Percentage,8.69,CGPA,76.4,Percentage
ansh.23bai10280,Ansh Chhibber,I6A0V2V5,23BAI10280,-,-,8.69,CGPA,-,-
anshumaan.23bce10863,Anshumaan Singh,X6X3C7M5,23BCE10863,-,-,8.69,CGPA,-,-
chirayu.23bai10637,Chirayu Sharma,O3B3D1W5,23BAI10637,-,-,8.69,CGPA,-,-
neha.2022,Neha R,M3A9N9T1,22MIM10089,-,-,8.69,CGPA,-,-
pihupallavi2002,Pallavi,S4B7A4E9,22MIP10086,-,-,8.69,CGPA,-,-
rajat.23bcy10172,Rajat Singhal,Z4Y4F4H1,23BCY10172,-,-,8.69,CGPA,-,-
shivam.23bce10989,Shivam Agrawal,P4U0A9O7,23BCE10989,-,-,8.69,CGPA,-,-
vidhi.23bce11014,Vidhi Shukla,H4L9R2G7,23BCE11014,-,-,8.69,CGPA,-,-
yashveerrai94,Yashveer Rai,A1G6R2J7,23BSA10120,-,-,8.69,CGPA,-,-
divyash2101,Divya Shukla,R5E0R8F8,23BAI11320,94.6,Percentage,8.68,CGPA,94.75,Percentage
shaivisri04,Shaivi Srivastava,F2J5S6D2,23BCE10165,90,Percentage,8.68,CGPA,92.2,Percentage
falaksharma2,Falak Sharma,K5H2C4J8,23BAI10254,99,Percentage,8.68,CGPA,90,Percentage
behera.soum,Soumyak Prasad,F4E5V0P6,23BCE10284,96,Percentage,8.68,CGPA,88.4,Percentage
saanvi.kumar,Saanvi,A6K3Z9D0,23BCE10585,95.4,Percentage,8.68,CGPA,85.4,Percentage
khushiebrahn,Khushie Brahne,M3V5H1J1,23BCE10548,87,Percentage,8.68,CGPA,84,Percentage
dhwanigupta1,Dhwani Gupta,I1U2M1R4,23BAI10388,85,Percentage,8.68,CGPA,80,Percentage
priyanshv.29,Priyansh Vaishnav,A8M7O6A1,23BAI10795,90.1,Percentage,8.68,CGPA,75.8,Percentage
aditi.23bce10935,Aditi Srivastava,G2K7V9A2,23BCE10935,-,-,8.68,CGPA,-,-
ankit.23bai10175,Ankit Patidar,X8L907G5,23BAI10175,-,-,8.68,CGPA,-,-
raj.23bcy10156,Raj Tiwari,I4F0Z4J1,23BCY10156,-,-,8.68,CGPA,-,-
renish.23bai10923,Renish Aryan,H5L7C5Y6,23BAI10923,-,-,8.68,CGPA,-,-
tejashri.23bai11279,Tejashri Choudhary,V1G5U1P1,23BAI11279,-,-,8.68,CGPA,-,-
tushar.23bce10097,Tushar Verma,K1Q4Z2S6,23BCE10097,-,-,8.68,CGPA,-,-
vedantdua2165,Vedant Dua,R4K6Q7E6,23BCE11279,-,-,8.68,CGPA,-,-
yash.23bsa10036,Yash Raka,A5N3I3C0,23BSA10036,-,-,8.68,CGPA,-,-
dhruv95682,Dhruv Kumar,F2C0W2K3,23BCE10160,88.4,Percentage,8.67,CGPA,87,Percentage
heyadarsh15,Adarsh Singh,I1L6A4C0,23BAI11390,91.2,Percentage,8.67,CGPA,86.2,Percentage
2004shreypar,Shrey Pandey,A4B6P1N4,23BCE10944,93,Percentage,8.67,CGPA,85.4,Percentage
vansharorajul,Vansh Arora,P2F0A0S1,23BAI10638,94.2,Percentage,8.67,CGPA,84.4,Percentage
iamayushyad,Ayush Yadav,H8O9O2P4,23BAI10006,97.3,Percentage,8.67,CGPA,83,Percentage
prakharanand,Prakhar Anand,H2L6S5D6,23BAI10774,84.4,Percentage,8.67,CGPA,80.5,Percentage
muskaankhat,Muskaan Khatri,E4S3T1N8,23BCY10277,75.16,Percentage,8.67,CGPA,78.83,Percentage
deveshmokha,Devesh Mokhariwale,R6M2F5D8,23BCE10745,90,Percentage,8.67,CGPA,78.8,Percentage
niti.kanoongo,Niti Ashish Kanoongo,F4H9S9Q5,23BAI10955,93.2,Percentage,8.67,CGPA,76,Percentage
lakshya.23bce11403,lakshya tatoo,O4N7E3R1,23BCE11403,-,-,8.67,CGPA,-,-
naman.23bce10189,Naman Gupta,S3P0D2U1,23BCE10189,-,-,8.67,CGPA,-,-
soumya.23bsa10172,Soumya Gupta,G4G3H6I2,23BSA10172,-,-,8.67,CGPA,-,-
vishal.23bhi10067,Vishal Kumar Ojha,PIH3U9V6,23bhi10067,-,-,8.67,CGPA,-,-
sanidhyadwiv,Sanidhya Dwivedi,Y5A4U7B8,23BCE10214,95,Percentage,8.66,CGPA,93.2,Percentage
1511.ayushsii,Ayush Singh,V3N8R8L3,23BAI11302,95,Percentage,8.66,CGPA,92,Percentage
vinitraj1031,Vinit Raj Behera,O4C5Q7M5,23BCE11275,88.4,Percentage,8.66,CGPA,90.8,Percentage
mannayush60,Ayush Mann,G2O3W6U7,23BSA10076,87.4,Percentage,8.66,CGPA,88.8,Percentage
bhuvanjangid,Bhuvan Jangid,D3H0O1X2,23BAI10372,93.67,Percentage,8.66,CGPA,86.4,Percentage
patidarankit3,Ankit Patidar,X8L9O7G5,23BAI10175,80.2,Percentage,8.66,CGPA,83.88,Percentage
suyashmishra,Suyash Mishra,O2L2Y5N2,23BAI10725,87.2,Percentage,8.66,CGPA,79,Percentage
w.harsh2005,Harsh Chauhan,X2V4D1Y8,23BAI11397,85.6,Percentage,8.66,CGPA,78.17,Percentage
ayushsinghkh,Ayush Singh,A4L5C8H1,23BCE10240,83,Percentage,8.66,CGPA,76.8,Percentage
usrivastava20,Utkarsh Srivastava,M4W5Y2C1,23BCY10073,91,Percentage,8.66,CGPA,76,Percentage
payalsingh29,Payal Singh,O1L7L1G9,23BAI10483,94.6,Percentage,8.66,CGPA,75.8,Percentage
aashutosh.23bce10077,Aashutosh Sharma,X5O6Y4M1,23BCE10077,-,-,8.66,CGPA,-,-
hardik.23bai10915,Hardik Verma,W1F0W4C9,23BAI10915,-,-,8.66,CGPA,-,-
hrydyansh.23bai10675,Hrydyansh Shukla,Q3A5J5F3,23BAI10675,-,-,8.66,CGPA,-,-
humaira.23bec10077,Humaira Ali,F2V2J2M6,23BEC10077,-,-,8.66,CGPA,-,-
naman.23bce10835,Naman Awasthi,J4N5Z6Y8,23BCE10835,-,-,8.66,CGPA,-,-
priyanshu.23bce10741,Priyanshu Sundrani,D5Q1S1F3,23BCE10741,-,-,8.66,CGPA,-,-
shambhavi.23bai10704,Shambhavi Bisht,E1H4X2U1,23BAI10704,-,-,8.66,CGPA,-,-
yash.23bce10154,Yash Diwan,I1E0F6E5,23BCE10154,-,-,8.66,CGPA,-,-
nigam.23bce11432,Nigam Prasad Lenka,Q5H4I6P5,23BCE11432,-,-,8.66,CGPA,-,-
manan.street,Manan Maheshwari,J5V2C5F7,23BCE10668,94.14,Percentage,8.65,CGPA,83.5,Percentage
rakshitpandey,Rakshit Pandey,N3J9I8N5,23BCE11664,92.6,Percentage,8.65,CGPA,82.6,Percentage
raunakdachde,Raunak Sachdeva,R2X8B7J6,23BAI11296,89.5,Percentage,8.65,CGPA,82.6,Percentage
saumbhavii,Saumbhavi Sanan,T2B2R2W3,23BCY10179,91.4,Percentage,8.65,CGPA,82.2,Percentage
nakshratharı,Nakshatra Thakur,P4C2C9F7,23BCE11194,92.4,Percentage,8.65,CGPA,75.83,Percentage
debayan.23bce10836,Debayan Dey,G9S5W0K0,23BCE10836,-,-,8.65,CGPA,-,-
nivedya.23bce10176,Nivedya B,P2P2C6C4,23BCE10176,-,-,8.65,CGPA,-,-
iampriyanshprajapati,Priyansh Prajapati,I5S1X9C9,23BCE10947,-,-,8.65,CGPA,-,-
satyam.23bai11021,Satyam Shah,H3L7L3L2,23BAI11021,-,-,8.65,CGPA,-,-
tripathinikhilr,Nikhil Tripathi,V4H3L3P5,23BCE10262,88.33,Percentage,8.64,CGPA,87.2,Percentage
kavishbishnoi,Kavish Bishnoi,C3U3V0W9,23BAI10789,88.6,Percentage,8.64,CGPA,87,Percentage
hitesh.23bai10277,Hitesh Gupta,S2H3U9A3,23BAI10277,-,-,8.64,CGPA,-,-
nishita.23bsa10081,Nishita Gupta,A2J1O8P7,23BSA10081,-,-,8.64,CGPA,-,-
patrh.23bce11087,Parth Abhay Deshpande,R5F9K0X4,23BCE11087,-,-,8.64,CGPA,-,-
prem.23bce10521,Prem Navnath jadhav,F4E7L1A3,23BCE10521,-,-,8.64,CGPA,-,-
rishika.23bce10762,Rishika Sinha,U3O7L2L5,23BCE10762,-,-,8.64,CGPA,-,-
tusharjagannathjagatap2022,Tushar Jagannath Jagatap,E3I7R0W4,22MIM10078,-,-,8.64,CGPA,-,-
vinit.23bai10615,Vinit Kumar Arora,X1D9O1U6,23BAI10615,-,-,8.64,CGPA,-,-
anshikasrivas,Anshika Srivastava,V9X8E0Q9,23BAI10205,96.2,Percentage,8.63,CGPA,90,Percentage
ritikgupta817,Ritik Kumar Gupta,L6M0I3W2,23BAI10738,91.2,Percentage,8.63,CGPA,87.6,Percentage
samaranand9,Samar Anand,O4S3U7K3,23BAI10573,90,Percentage,8.63,CGPA,84.8,Percentage
bhumikasharr,Bhumika Sharma,A3H8W2B6,23BCY10041,95.4,Percentage,8.63,CGPA,81.4,Percentage
rausahnritesh,Kumar Ritesh,J9L5W8R5,23BAI11405,93.2,Percentage,8.63,CGPA,77.8,Percentage
dev.23bai10095,Dev Vrat,I4W2V0R3,23BAI10095,-,-,8.63,CGPA,-,-
gyanvi.23bcy10193,Gyanvi Singh,E2A4R0U1,23BCY10193,-,-,8.63,CGPA,-,-
krishna.23bsa10191,Krishna Kumar,P4Y6L9R2,23BSA10191,-,-,8.63,CGPA,-,-
priyam.23bai11196,Priyam Rai,I5G2Y3X4,23BAI11196,-,-,8.63,CGPA,-,-
sakshi.23bhi10155,Sakshi Singh,J6U5Y9L8,23BHI10155,-,-,8.63,CGPA,-,-
vanditpandey,Vandit Pandey,P3C6N9Y0,23BCE11005,92.83,Percentage,8.62,CGPA,92.25,Percentage
hkushwaha21,Harsh Kushwaha,H3U5M8Z3,23BCE10265,94.6,Percentage,8.62,CGPA,84.6,Percentage
himanshu.kal,Himanshu Kalra,C3K4O2G4,23BAI10418,83.8,Percentage,8.62,CGPA,82.4,Percentage
abhyudayrast,Abhyuday Rastogi,T3D7V9L3,23BCE11007,89.5,Percentage,8.62,CGPA,81,Percentage
gargifchouhai,Gargi Gargi,O3R1U0B5,23BCE11333,95.4,Percentage,8.62,CGPA,78.2,Percentage
aaravgogia10,Aarav Gogia,H1A2X5U0,23BCE11282,91.2,Percentage,8.62,CGPA,77.6,Percentage
sneharai.4.20,Sneha Rai,O5C6U1J6,23BAI10775,92,Percentage,8.62,CGPA,77,Percentage
simranarya16,Simran Arya,U2F6A2B1,23BAI10973,80.6,Percentage,8.62,CGPA,77,Percentage
kartikrajput05,Kartik Chhonkar,E3E1M4U9,23BAI10099,87,Percentage,8.62,CGPA,76.83,Percentage
aakash.23bai10885,Aakash Lalwani,U2W2W3V8,23BAI10885,-,-,8.62,CGPA,-,-
harsh.23bce11675,Harsh Raj Singh,O1L1R8Y9,23BCE11675,-,-,8.62,CGPA,-,-
nandita.23bcy10139,Nandita Chaubey,Z4S5D4D2,23BCY10139,-,-,8.62,CGPA,-,-
nishant.23bce10095,Nishant Sharma,O3D3O3N1,23BCE10095,-,-,8.62,CGPA,-,-
ritika.23bet10018,Ritika Kushwaha,D3R3H6P5,23BET10018,-,-,8.62,CGPA,-,-
raghuvanshiritika421,Ritika Raghuvanshi,J6C7C1H6,23BAI11019,-,-,8.62,CGPA,-,-
saksham.23bai11324,Saksham Singh,R9H2Y8Z0,23BAI11324,-,-,8.62,CGPA,-,-
swarnima.23bai11285,Swarnima Jaiswal,J2P6O9M2,23BAI11285,-,-,8.62,CGPA,-,-
adityasin450,Aditya Singh,M3O3J8M0,23BCE10155,90.5,Percentage,8.61,CGPA,89.8,Percentage
ssohamdube,Soham Amol,Z5Y6A2U1,23BAI11287,86.2,Percentage,8.61,CGPA,86.5,Percentage
prathamlinux,Pratham Chitlangia,C3T3A8Q2,23BCE11473,90.2,Percentage,8.61,CGPA,82.6,Percentage
samarthsin20,Samarth Pratap,F4P6I8V5,23BAI10192,90.6,Percentage,8.61,CGPA,77.8,Percentage
abhishek.23bai10350,Abhishek Kumar,S7U4W8F7,23BAI10350,-,-,8.61,CGPA,-,-
advik.23bai10553,Advik Banerjee,Q3B1Q7I6,23BAI10553,-,-,8.61,CGPA,-,-
anoushka.23bhi10029,Anoushka Sharma,Y3L2C8G4,23BHI10029,-,-,8.61,CGPA,-,-
himani.23bhi10023,Himani Shrivastava,X4K2R4Y6,23BHI10023,-,-,8.61,CGPA,-,-
mohit.23bai10708,K Mohit,G3P6K4U5,23BAI10708,-,-,8.61,CGPA,-,-
pihu.23bsa10144,Pihu Jain,NEO ID: L2K4I9Z2,23BSA10144,-,-,8.61,CGPA,-,-
piyush.23bai10103,Piyush Upadhyay,X5J6D6T1,23BAI10103,-,-,8.61,CGPA,-,-
shreyatiwari3,Shreya Tiwari,O3U9J7C4,23BCE10413,96.4,Percentage,8.6,CGPA,91.6,Percentage
amritashagup,Amritasha Gupta,D6K5E1T1,23BAI10048,94,Percentage,8.6,CGPA,88.2,Percentage
kanishktomar,Kanishk Tomar,L6I7L2L0,23BCE10588,93,Percentage,8.6,CGPA,87,Percentage
arnavshukla0,Arnav Shukla,H4A3U6V9,23BCE10173,94.3,Percentage,8.6,CGPA,83.4,Percentage
neelbera1107,Neel Bera,X4W9F1L3,23BSA10008,89.66,Percentage,8.6,CGPA,81.2,Percentage
rudrakshoffici,Rudraksh Rudra,O7O9A4B9,23BAI10883,91,Percentage,8.6,CGPA,80.2,Percentage
kushagrasriva,Kushagra Srivastava,D1V8M6Z7,23BAI10765,88.2,Percentage,8.6,CGPA,79.8,Percentage
abhiudayasnc,Abhiudaya Prasad,Z5U7D3Z4,23BAI10819,90,Percentage,8.6,CGPA,77.5,Percentage
kunalkaushik8,Kunal Kaushik,Y2J1C9H5,23BAI10581,88.1,Percentage,8.6,CGPA,77.2,Percentage
samarthtiwari,Samarth Tiwari,N3C2J2H1,23BSA10141,75.8,Percentage,8.6,CGPA,76.4,Percentage
ansh.23bce10409,Ansh Singh,D2V6Q8K6,23BCE10409,-,-,8.6,CGPA,-,-
lokesh240805,Lokesh,J1I1B2C5,23BCE10304,-,-,8.6,CGPA,-,-
aksharabharg,Akshara Bhargav,W2C0G7O4,23BSA10078,94.6,Percentage,8.59,CGPA,89.25,Percentage
keciat70,Kecia Tamhankar,P2R6K3M0,23BCE11658,94.16,Percentage,8.59,CGPA,88.2,Percentage
saxenaakshiv,Akshiv Saxena,W1V7T6Y1,23BCE10785,89.4,Percentage,8.59,CGPA,85.6,Percentage
sehrawatpriya,Priya,E4Y0M5I0,23BCE10599,90.6,Percentage,8.59,CGPA,85,Percentage
arshir07,Aarya Shirsath,S3A7C8J9,23BCE10884,93.2,Percentage,8.59,CGPA,79.4,Percentage
pareekhatri75,Paree Khatri,Y3T2G9Q1,23BCY10194,90.6,Percentage,8.59,CGPA,76,Percentage
mridultyagi49,Mridul Tyagi,B1W4P4B8,23BCE11427,76.3,Percentage,8.59,CGPA,75.3,Percentage
abhay.23bai10366,Abhay Pratap Rathore,E6C6X1T9,23BAI10366,-,-,8.59,CGPA,-,-
amit.23bce10447,Amit Yadav,R5L7H3P3,23BCE10447,-,-,8.59,CGPA,-,-
anushkasarviya,Anushka Sarviya,F2X9K3T9,23BCE10854,-,-,8.59,CGPA,-,-
ayushi.23bce11248,Ayushi Thakur,N2N9A7M7,23BCE11248,-,-,8.59,CGPA,-,-
kirti.23bai10657,Kirti Choudhary,A2S8Z4Q1,23BAI10657,-,-,8.59,CGPA,-,-
nilesh.23bce10915,Nilesh Raj,D1C2P3A8,23bce10915,-,-,8.59,CGPA,-,-
sura.25mca10061,RAJASENA REDDY,V1P5N1I4,25mca10061,-,-,8.59,CGPA,-,-
shweta.23bhi10068,Shweta Verma,F2X8V1K0,23BHI10068,-,-,8.59,CGPA,-,-
swastik.23bce11357,Swastik Mishra,B9A3J9A7,23BCE11357,-,-,8.59,CGPA,-,-
swastika.23bce10396,Swastika Dey,U2J6S0U7,23BCE10396,-,-,8.59,CGPA,-,-
sameergupta1,Sameer Gupta,Q5I0J3F9,23BCE10211,91.6,Percentage,8.58,CGPA,94.8,Percentage
kishikarahejal,Kishika Raheja,K2K6U7V3,23BCE10877,96.2,Percentage,8.58,CGPA,94.4,Percentage
speaches987,Sneha Tripathi,M1J9E1K8,23BCE10818,95.2,Percentage,8.58,CGPA,93.4,Percentage
rudrat379,Rudra Trivedi,W4U9H2K3,23BCE10181,96.2,Percentage,8.58,CGPA,93,Percentage
vinayak.oscar,Vinayak Sharma,C1R3G8S5,23BCE10766,94.2,Percentage,8.58,CGPA,90.8,Percentage
milinp551,Milin Patel,W9U7S6P6,23BAI10386,96.2,Percentage,8.58,CGPA,89.6,Percentage
kumhit871,Hitesh Kumar,A1A2C8O9,23BCE10038,92.6,Percentage,8.58,CGPA,87.8,Percentage
singhdeepak8,Deepak Solanki,G4B2D8H2,23BAI10949,92.8,Percentage,8.58,CGPA,87.2,Percentage
bhawnat1534,Bhawna Tiwari,Q3W0T6Y9,23BAI10263,97.6,Percentage,8.58,CGPA,86.8,Percentage
aadiykhan,Aadiy Khan,G6U5N5H1,23BCE10969,88,Percentage,8.58,CGPA,86,Percentage
ekagragupta8,Ekagra Gupta,E6B6O9N4,23BCY10102,85.2,Percentage,8.58,CGPA,85.6,Percentage
paarthuvakha,Paarth Vakharia,H2J2S4Y9,23BCY10075,83.2,Percentage,8.58,CGPA,85.6,Percentage
dbjipuria,Devraj Bijpuria,B6U3W0S7,23BCE11169,86.4,Percentage,8.58,CGPA,85,Percentage
ishaani.prash,Ishaani Prashar,P1S7E9W2,23BAI11173,91.8,Percentage,8.58,CGPA,81.5,Percentage
amlan.j.sarma,Amlan Jyoti Sarma,N2E9T1Q5,23BAI10565,87.5,Percentage,8.58,CGPA,78.4,Percentage
arti.23bce10706,Arti kumari,I5V8Q4Q1,23BCE10706,-,-,8.58,CGPA,-,-
dev.23bce11272,Dev Upadhyay,G1P8V0M0,23BCE11272,-,-,8.58,CGPA,-,-
francky.23bey10013,Francky Mishra,K1F6N4O3,23BEY10013,-,-,8.58,CGPA,-,-
sharma.23bce11263,Ishan sharma,S2V7J9R3,23bce11263,-,-,8.58,CGPA,-,-
kartikey.23bcy10330,Kartikey Sharma,L2K0M1U1,23BCY10330,-,-,8.58,CGPA,-,-
sagar.23bai10299,Sagar Singh,Q2T7P8H5,23BAI10299,-,-,8.58,CGPA,-,-
shirsendu.23bai10221,Shirsendu Chatterjee,G2J5Q1Z3,23BAI10221,-,-,8.58,CGPA,-,-
priyanshimau,Priyanshi Maurya,Z5S4W5E1,23BCE10755,94,Percentage,8.57,CGPA,87.88,Percentage
akshanshgzb,Akshansh Bardia,U1H4J2G1,23BAI10348,95,Percentage,8.57,CGPA,87,Percentage
ektaharde15,Ekta Harde,U4Y0O1M1,23BCE10817,92,Percentage,8.57,CGPA,85.4,Percentage
sharmagaura,Gaurav Sharma,S3V9W5X4,23BAI10554,87.16,Percentage,8.57,CGPA,85.33,Percentage
ishakathakor1,Ishika Thakor,V1E9M9F6,23BCY10202,94.8,Percentage,8.57,CGPA,82,Percentage
xboxing098,Ojasvi Dhruv,B6D4X5I3,23BCE11466,86.8,Percentage,8.57,CGPA,78,Percentage
adarshlilhare5,Adarsh Lilhare,E1X8A3E9,23BCE11418,96,Percentage,8.57,CGPA,77,Percentage
drishti.23bai10512,Drishti Negi,X1O9I6F1,23BAI10512,-,-,8.57,CGPA,-,-
priyanshu.23bce10542,Priyanshu,X1O1V3F6,23BCE10542,-,-,8.57,CGPA,-,-
shubham.23bai11141,Shubham Sura,M4G7N5H4,23BAI11141,-,-,8.57,CGPA,-,-
tanay.23bce10253,Tanay Kumar Shahi,U2T5O7N9,23BCE10253,-,-,8.57,CGPA,-,-
agam.23bai10297,Agam Katiyar,K1T9K6L5,23BAI10297,-,-,8.57,CGPA,-,-
arnavsaxena2004,Arnav Saxena,P2N2W0I2,23BCE10865,-,-,8.57,CGPA,-,-
ashish.23bai10847,Ashish Vishwakarma,Z7N7Q5E7,23BAI10847,-,-,8.57,CGPA,-,-
mishrat859,Tushar Mishra,N5R3T4I8,23BAI10272,85.6,Percentage,8.56,CGPA,93.6,Percentage
prajapatiayus,Ayush Kumar,K3J1H4M6,23BCE10187,90.5,Percentage,8.56,CGPA,92.8,Percentage
mridulbhatt84,Mridul Bhatt,Q3H4K8G7,23BCE11347,94.8,Percentage,8.56,CGPA,92,Percentage
tomarsonika1,Sonika Singh,E0Z8Y0O4,23BCE10041,92.2,Percentage,8.56,CGPA,90.6,Percentage
kartikeym952,Kartikey Mishra,Z1C6F4B7,23BAI10594,82.2,Percentage,8.56,CGPA,87.8,Percentage
vikasks17092,Vikas Kumar,T4O4W8P2,23BCY10306,85.2,Percentage,8.56,CGPA,87.6,Percentage
vanshtiwari83,Vansh Tiwari,H5B2F9A0,23BCE10136,94.5,Percentage,8.56,CGPA,86.2,Percentage
aastha18p,Aastha Srivastava,B6K2B0O3,23BAI10537,87.83,Percentage,8.56,CGPA,85.4,Percentage
p9958536954,Priyanshu Kumar,B6U7S3C7,23BSA10050,84.6,Percentage,8.56,CGPA,82,Percentage
divyanshurprc,Divyanshu Shrivastava,Y4U9U6Z7,23BCE10149,79.83,Percentage,8.56,CGPA,82,Percentage
vanshupreti0,Vansh Upreti,I1Q9H5N1,23BCE10387,94.33,Percentage,8.56,CGPA,80.33,Percentage
manasvi.mah,Manasvi Mahesh,X4Z8F6C8,23BAI10157,92.4,Percentage,8.56,CGPA,77.8,Percentage
shivam30120,Shivam Patil,P1X0N6X1,23BCE10275,85.6,Percentage,8.56,CGPA,77.33,Percentage
neema.saksha,Saksham Neema,F6E1T8X5,23BCE10399,93,Percentage,8.56,CGPA,76.4,Percentage
arnavmajithia,Arnav Majithia,C6C1Y9P1,23BCE11196,88.5,Percentage,8.56,CGPA,75.4,Percentage
bhavit.23bhi10021,Bhavit Arora,O7O2K5Q9,23bhi10021,-,-,8.56,CGPA,-,-
himanshu.23bai10468,Himanshu Kumar Pathak,P1P9T2O8,23BAI10468,-,-,8.56,CGPA,-,-
mayank.23bcy10106,Mayank rawat,T3F4L6W8,23bcy10106,-,-,8.56,CGPA,-,-
pranav.23bhi10046,Pranav Roy,H5Q9Z2Q5,23BHI10046,-,-,8.56,CGPA,-,-
vikas.23bcy10306,Vikas Kumar Singh,T404W8P2,23BCY10306,-,-,8.56,CGPA,-,-
vikaspandey2022,Vikas Pandey,B2E7Y6D0,22MIM10102,-,-,8.56,CGPA,-,-
vishnu.23bce10518,VISHNU S,A2T7T1M5,23BCE10518,-,-,8.56,CGPA,-,-
parvathim213,Parvathi M,B3F3L5N9,23BCE11828,99,Percentage,8.55,CGPA,97,Percentage
shukla.nishes,Nishesh Shukla,Z1D6E8Y5,23BCE11824,94.16,Percentage,8.55,CGPA,89.2,Percentage
ishaanmehrot,Ishaan Mehrotra,G3Z1E5U1,23BAI10598,87.83,Percentage,8.55,CGPA,87.5,Percentage
pashtitva,Ashtitva Pandey,T1N7T5Y9,23BAI10568,95,Percentage,8.55,CGPA,87.4,Percentage
rujjul.29,Rujjul Saha,Q4F4W4R4,23BAI10197,92.17,Percentage,8.55,CGPA,87.34,Percentage
snehakharote,Sneha Kharote,Y5D8S6W8,23BAI10389,83.4,Percentage,8.55,CGPA,83.83,Percentage
snehalgarg05,Snehal Garg,U6H2X4U4,23BCE10248,88,Percentage,8.55,CGPA,83.6,Percentage
rajatsharma.0,Rajat Sharma,J1F3I7M4,23BAI10159,90.83,Percentage,8.55,CGPA,83.16,Percentage
mayankrathor,Mayank Rathore,T5I0O0P4,23BAI10291,85.16,Percentage,8.55,CGPA,80.83,Percentage
devraj.23bce11169,DEVRAJ BIJPURIA,B6U3WOS7,23BCE11169,-,-,8.55,CGPA,-,-
pragalbh.23bce11286,Pragalbh Sharma,W4R1F1M0,23BCE11286,-,-,8.55,CGPA,-,-
suyash.23bce10449,Suyash Srivastava,J5V8N4J5,23BCE10449,-,-,8.55,CGPA,-,-
tushar.23bai10272,Tushar mishra,N5R3T418,23BAI10272,-,-,8.55,CGPA,-,-
sanskriti0409,Sanskriti Gupta,E2Z3A6G3,23BCE10336,87.67,Percentage,8.54,CGPA,89.6,Percentage
diya.raghuvar,Diya Raghuvanshi,R3V3S8H0,23BCE10010,93.6,Percentage,8.54,CGPA,86.8,Percentage
saranshg180,Saransh Gupta,X1X6G2H2,23BCE11652,94.6,Percentage,8.54,CGPA,84,Percentage
onkarrokade5,Onkar Rokade,H4J0O5D5,23BCE10671,92.8,Percentage,8.54,CGPA,83,Percentage
akshatraj0721,Akshat Raj,O1N4W5Z1,23BAI10005,90.6,Percentage,8.54,CGPA,82.8,Percentage
choureyaksha,Akshat Chourey,T1L9D6I5,23BCE11529,77.4,Percentage,8.54,CGPA,82.4,Percentage
diivyaaanshii,Divyanshi Diwan,B4K3Z6J1,23BCY10163,92.8,Percentage,8.54,CGPA,79.8,Percentage
mahantybeda,Bedanta Mahanty,R1F1X9D5,23BAI11022,87.14,Percentage,8.54,CGPA,79.4,Percentage
tushartiwari9,Tushar Tiwari,K6B8F5K0,23BAI10551,94.8,Percentage,8.54,CGPA,78.2,Percentage
samarthsingh,Samarth Singh,K3T8E9O3,23BAI10460,90,Percentage,8.54,CGPA,77.2,Percentage
abhinav.23bai10261,ABHINAV JHA,P3L0R9T8,23BAI10261,-,-,8.54,CGPA,-,-
ojasvi.23bce11466,Ojasvi Dhruv Pandey,B6D4X513,23BCE11466,-,-,8.54,CGPA,-,-
roli.23bai10603,Roli Dwivedi,K5N7C3Z3,23BAI10603,-,-,8.54,CGPA,-,-
shankar9110596,Singireddi Gowri Shankar,U2G7B5X8,25MCA10088,-,-,8.54,CGPA,-,-
jigyasa8969,Jigyasa Jigyasa,B3E1Z4W8,23BCE10382,96.8,Percentage,8.53,CGPA,88.4,Percentage
rajgaura327,Raj Gaurav,B3N2H6R7,23BAI10201,91,Percentage,8.53,CGPA,83,Percentage
anshikavitbhc,Anshika Singh,U3W1D1B2,23BCE11725,87.8,Percentage,8.53,CGPA,79.2,Percentage
imaryasharma,Arya Sharma,B6M0M1R1,23BAI10869,92,Percentage,8.53,CGPA,75.4,Percentage
arpita.23bsa10118,Arpita Gupta,G2K8M9L8,23BSA10118,-,-,8.53,CGPA,-,-
awais.23bsa10157,Awais Khan,G5W6U3Y8,23BSA10157,-,-,8.53,CGPA,-,-
ayush.23bce10461,Ayush Chandra,T4I3C2U0,23BCE10461,-,-,8.53,CGPA,-,-
harsh.23bai10058,HARSH YADAV,W4X7J6Y8,23BAI10058,-,-,8.53,CGPA,-,-
ronakkamboj26,Ronak Kamboj,X5A3S4D0,23BCE10263,-,-,8.53,CGPA,-,-
sandip.23bce11782,Sandip Paul,W1V0P6Q4,23BCE11782,-,-,8.53,CGPA,-,-
vinay.23bsa10003,Vinay Gore,A1O4V2E1,23BSA10003,-,-,8.53,CGPA,-,-
agarwalhardik,Hardik Agarwal,N1S9L2L8,23BCE10376,92.8,Percentage,8.52,CGPA,91.25,Percentage
sanjivnik2004,Sanjivni Katiyar,G4E1R5S7,23BAI10287,97.6,Percentage,8.52,CGPA,89.8,Percentage
aalya160205,Aalya Bagga,R2K4K4T4,23BCE11647,96.2,Percentage,8.52,CGPA,88.6,Percentage
charvsn,Charu Jaggula,I5H3E2V6,23BCE11698,94.4,Percentage,8.52,CGPA,88.4,Percentage
kopalverma24,Kopal Verma,D3T2N5Y9,23BCE10222,92.5,Percentage,8.52,CGPA,88.2,Percentage
sunmeshesre,Sreyas Sunmeshe,B6W7H9U1,23BAI10062,89.2,Percentage,8.52,CGPA,84.4,Percentage
shukla.aditya,Aditya Shukla,Z5S6D1S4,23BAI10155,91.6,Percentage,8.52,CGPA,80.6,Percentage
kumarmanish,Manish Kumar,T9E6R2S5,23BCE11528,80.2,Percentage,8.52,CGPA,80.33,Percentage
anshuman.pandey28122005,Anshuman Pandey,D2S4L6S8,23BAI10208,-,-,8.52,CGPA,-,-
arshav.23bce11847,Arshav Devam Suman,W5X8A4Q9,23BCE11847,-,-,8.52,CGPA,-,-
ayushman.23bai11059,Ayushman Gupta,M3M1N9N9,23BAI11059,-,-,8.52,CGPA,-,-
jobsyshaji2022,Jobsy Shaji,B3B7B3S0,22MEI10020,-,-,8.52,CGPA,-,-
nimish.23bcy10017,Nimish Jain,L3B2L7P2,23BCY10017,-,-,8.52,CGPA,-,-
sanjana.23bce10594,Sanjana Krishnan,N6F6Z4S0,23BCE10594,-,-,8.52,CGPA,-,-
sanjiban.23bce10267,SANJIBAN GHOSH,S8J9T5A7,23BCE10267,-,-,8.52,CGPA,-,-
shrish.23bai11284,Shrish,P6Y0O0G0,23BAI11284,-,-,8.52,CGPA,-,-
utkarsh.23bai10609,Utkarsh Singh Yadav,T2J3X0F1,23BAI10609,-,-,8.52,CGPA,-,-
vinayak.23bcy10061,Vinayak Tripathi,U3M7U3H1,23BCY10061,-,-,8.52,CGPA,-,-
aarulk0110,Aarul Kumar,V4W1G0E7,23BCE10857,95.6,Percentage,8.51,CGPA,90.4,Percentage
anuragtomar1,Anurag Singh,L5O9C3W8,23BCE10135,89.8,Percentage,8.51,CGPA,90.4,Percentage
ritica112,Ritica Awasthi,R6U5A5J7,23BAI10602,91.2,Percentage,8.51,CGPA,84.4,Percentage
shreecharan5,Shree Charan,J4V7Z3N1,23BCY10004,86.8,Percentage,8.51,CGPA,76.4,Percentage
anuj.23bce10012,Anuj Malviya,C6T7Y3J7,23BCE10012,-,-,8.51,CGPA,-,-
hiya.23bce11063,Hiya Dullu,O6A1X3M9,23BCE11063,-,-,8.51,CGPA,-,-
neha.23bce11809,Neha Chandwani,Q1G0E5N3,23BCE11809,-,-,8.51,CGPA,-,-
suryavanshi.23bce10908,Rohit Suryavanshi,F4T6V9U0,23BCE10908,-,-,8.51,CGPA,-,-
shubham.23bai10229,Shubham Sharma,G3J9E0B6,23bai10229,-,-,8.51,CGPA,-,-
22hirdesh,Hirdesh Singh,N6Y8U5A8,23BCE10272,95.5,Percentage,8.5,CGPA,94.16,Percentage
divyanshubis,Divyanshu Singh,E2R1I4Y1,23BCE10286,88.16,Percentage,8.5,CGPA,89,Percentage
singhlav538,Lav Singh,I3W1I2G0,23BCE11036,81.4,Percentage,8.5,CGPA,86.8,Percentage
anjv85rasm,Anjali Verma,H4L4U9R3,23BAI10177,82.3,Percentage,8.5,CGPA,85.6,Percentage
prakash.sarv,Sarvyagya Prakash,B6O6I0O0,23BAI10759,92.6,Percentage,8.5,CGPA,82.4,Percentage
muskangiri22,Muskan Kumari,Y4U7X0V7,23BAI10038,87.6,Percentage,8.5,CGPA,82.2,Percentage
farzankhan18,Mohd Farzan,C2C5S5T7,23BAI10231,92.4,Percentage,8.5,CGPA,80.8,Percentage
animesh8445,Animesh Singh,P9S1F4N7,23BAI11026,91.8,Percentage,8.5,CGPA,79.6,Percentage
vyahruthi.gotu,Vyahruthi Gotur,P7J4A6G4,23BSA10134,92.8,Percentage,8.5,CGPA,78.6,Percentage
parth.oberai3,Parth Oberai,G1I8J3G2,23BAI11398,95,Percentage,8.5,CGPA,78.2,Percentage
harshima.23bai11080,Harshima Barnwal,A5Z9F0T0,23BAI11080,-,-,8.5,CGPA,-,-
mayank.23bai10477,Mayank Sharad Gomase,D5F3N0N7,23BAI10477,-,-,8.5,CGPA,-,-
sameer.23bce10883,SAMEER NAHADIYA,R2V6F3U4,23BCE10883,-,-,8.5,CGPA,-,-
shashank.23bce10059,Shashank Dhakar,H6N4A2O7,23BCE10059,-,-,8.5,CGPA,-,-
shorya.23bce10194,Shorya Pathak,I8H0J1F2,23BCE10194,-,-,8.5,CGPA,-,-
tarpita.23bhi10124,TARPITA KARNAM,Z5G0R2G4,23BHI10124,-,-,8.5,CGPA,-,-
gg.nandhan,Gowri Nandhan,D6O6S0H3,23BAI10054,9.8,CGPA,8.49,CGPA,96.6,Percentage
gyanendratha,Gyanendra Thakur,R9F6O4E0,23BCE10433,98.5,Percentage,8.49,CGPA,92,Percentage
hemenbhasin,Hemen Bhasin,L3F3W1V8,23BCE10258,85.16,Percentage,8.49,CGPA,90.8,Percentage
roshnichoudh,Roshni Choudhary,A1S5W2Q1,23BAI11281,82,Percentage,8.49,CGPA,82.4,Percentage
anuradha.23bec10068,A Anuradha,M6M5E9J5,23BEC10068,-,-,8.49,CGPA,-,-
aaditya.23bce11256,Aaditya Pandya,H2Z5G4P1,23BCE11256,-,-,8.49,CGPA,-,-
abhijeet.23bce10383,Abhijeet Shakya,L6I5R6Y2,23BCE10383,-,-,8.49,CGPA,-,-
aditya.23bce10319,Aditya Malav,Z2P9R2H3,23BCE10319,-,-,8.49,CGPA,-,-
anamika.23bet10009,Anamika Rajawat,N1Z9Z7G9,23BET10009,-,-,8.49,CGPA,-,-
anant.23bce11055,Anant Kaurav,P1E6B4M9,23BCE11055,-,-,8.49,CGPA,-,-
anshul.23bai10770,Anshul Joshi,V8W4D9E9,23BAI10770,-,-,8.49,CGPA,-,-
ayush20039939,Ayush Agarwal,T5M8O7Q1,23BCE10678,-,-,8.49,CGPA,-,-
ayush.23bce11747,Ayush Rathi,U6G2C2Y1,23BCE11747,-,-,8.49,CGPA,-,-
mayank.23bai10505,Mayank Arora,X8T6P0H4,23BAI10505,-,-,8.49,CGPA,-,-
siddharth.23bce10224,Siddharth Sharma,B2A0A3X0,23BCE10224,-,-,8.49,CGPA,-,-
yug.23bsa10089,Yug Kochar,V5B2E1R0,23BSA10089,-,-,8.49,CGPA,-,-
akshaymp56,Akshay M P,V3K9V6D6,23BAI11150,95,Percentage,8.48,CGPA,94.75,Percentage
devanshpersc,Devansh Tyagi,G1I8S7E3,23BCE10247,96.8,Percentage,8.48,CGPA,93.6,Percentage
saurav04042,Saurav Chourasia,P4N8G7L0,23BCY10108,84,Percentage,8.48,CGPA,89.2,Percentage
jhalakmverma,Jhalak Verma,C5A1I7Y3,23BCE10903,94.6,Percentage,8.48,CGPA,89,Percentage
muditsharma,Mudit Sharma,L4O5H4C0,23BAI10429,88.6,Percentage,8.48,CGPA,86.6,Percentage
prachi639220,Prachi Gupta,Z1N5F4R0,23BCE10996,80.16,Percentage,8.48,CGPA,85.2,Percentage
shaanmathur,Shaan Mathur,E0F1Q5B6,23BCE10377,90,Percentage,8.48,CGPA,85,Percentage
ananya.sanoc,Ananya Sanoc,A8D0S6X1,23BCY10131,82.8,Percentage,8.48,CGPA,84.4,Percentage
anshtyagi530,Ansh Tyagi,Q3K7S0A5,23BCE10777,87.8,Percentage,8.48,CGPA,79.4,Percentage
ishakumari06,Isha Kumari,T6H2D1N6,23BAI11246,89.6,Percentage,8.48,CGPA,77.4,Percentage
rishika.yadav,Rishika Yadav,E3R3U4K8,23BAI10511,90.8,Percentage,8.48,CGPA,75.8,Percentage
aditisinghsho,Aditi Singh,C9K7N9H5,23BSA10186,88,Percentage,8.48,CGPA,75.75,Percentage
aayush.23bce10279,AAYUSH SINGH,G7Y4U2Y6,23BCE10279,-,-,8.48,CGPA,-,-
nikita.23bec10061,Nikita Bhansali,X3C4H4P8,23BEC10061,-,-,8.48,CGPA,-,-
ojassingh2022,Ojas Singh,H7M1Y8R9,22MIP10058,-,-,8.48,CGPA,-,-
shansit.23bai10424,Shansit Suman,K5J2C119,23BAI10424,-,-,8.48,CGPA,-,-
shreya.23bce11128,Shreya Negi,K6A0Q2X7,23BCE11128,-,-,8.48,CGPA,-,-
sidhi.23bcy10240,Sidhi Gautam,D1L7J1F6,23BCY10240,-,-,8.48,CGPA,-,-
aryamangarg2,Aryaman Garg,Q5C1F9N3,23BCE10871,91.2,Percentage,8.47,CGPA,82.8,Percentage
datharw,Atharw Dwivedi,C4Q3W3I5,23BAI11373,83.17,Percentage,8.47,CGPA,79.4,Percentage
abhyanand.23bai11047,ABHYANAND SHARMA,U4P2I3Z6,23BAI11047,-,-,8.47,CGPA,-,-
atharva.23bai11275,Atharva Mahesh Wagh,B6Q3D2M0,23BAI11275,-,-,8.47,CGPA,-,-
divyanshu.23bce10286,divyanshu singh bisht,E1M1I4Y1,23BCE10286,-,-,8.47,CGPA,-,-
meera.23bai11317,Meera Singh,Z2K5L1M0,23BAI11317,-,-,8.47,CGPA,-,-
prashish.23bce11636,Prashish Dharmik,P3V8Y7K8,23BCE11636,-,-,8.47,CGPA,-,-
preetikaanjana,PREETIKA ANJANA,N3F6E8N5,23BCE10789,-,-,8.47,CGPA,-,-
shaan.23bce10377,Shaan Mathur,EOF1Q5B6,23BCE10377,-,-,8.47,CGPA,-,-
tanisha.23bce10121,Tanisha,O5M4Q4F6,23BCE10121,-,-,8.47,CGPA,-,-
bansalswayw,Swayam Bansal,V1Z8K9O7,23BCE10466,93,Percentage,8.46,CGPA,93.25,Percentage
jainashi2005,Ashi Jain,I5X9R1X4,23BAI10311,91.2,Percentage,8.46,CGPA,88.4,Percentage
nigam.divyan,Divyanshi Nigam,A0D9B7B5,23BCE10898,91,Percentage,8.46,CGPA,87.4,Percentage
namansingh2,Naman Singh,F4O3R2D6,23BAI10024,95,Percentage,8.46,CGPA,85,Percentage
hemanktr12,Hemank Patel,A6P9X9S0,23BCE10245,86.16,Percentage,8.46,CGPA,84.16,Percentage
kumud.mahes,Kumud Maheshwari,E3O5N0Q5,23BCE11440,84,Percentage,8.46,CGPA,83.8,Percentage
shashank200,Shashank Dutt,V6J9T7L4,23BAI10436,93.4,Percentage,8.46,CGPA,83.4,Percentage
avilambbhush,Avilamb Bhushan,K3L5T8Z6,23BCE10328,94.2,Percentage,8.46,CGPA,82.6,Percentage
aasthapurohit,Aastha Purohit,I2E3M4A0,23BCY10354,88,Percentage,8.46,CGPA,82,Percentage
taran27ali,Taran Ali Ahmed,D1G9O3E2,23BCE10952,87.6,Percentage,8.46,CGPA,81,Percentage
somanihitesh,Hitesh Somani,U5L7P7E9,23BCY10345,87.8,Percentage,8.46,CGPA,76.8,Percentage
jainmayukh,Mayukh Jain,I1G2J4R4,23BSA10198,91.67,Percentage,8.46,CGPA,75.8,Percentage
aarya.23bai10786,Aarya Nema,M1O8F6H5,23BAI10786,-,-,8.46,CGPA,-,-
abhinav.23bcg10130,Abhinav Jain,X4Q6R7U6,23BCG10130,-,-,8.46,CGPA,-,-
prachibirle99,Prachi Birle,U5F7M3N0,23BAI10944,90.6,Percentage,8.45,CGPA,88,Percentage
vidhan01286,Vidhan Ayachit,A1T9D9Z4,23BAI10233,93.8,Percentage,8.45,CGPA,85.8,Percentage
rishiraj23040,Rishiraj Singh,G3Y0G9T5,23BAI10849,94.4,Percentage,8.45,CGPA,84,Percentage
asamrth10,Samarth Agarwal,H5C4A2J6,23BCE11671,91.6,Percentage,8.45,CGPA,82,Percentage
aaryan.23bcg10009,Aaryan Shrivastava,J3M2O6Y7,23BCG10009,-,-,8.45,CGPA,-,-
aryan.23bet10019,Aryan Kumar,T3Z2K9R1,23BET10019,-,-,8.45,CGPA,-,-
mohantybrajesh4,Brajesh Mohanty,A4P8R6Z0,23BCE11830,-,-,8.45,CGPA,-,-
mohammad.23bce11843,Mohammad Saad Mubeen Shaikh,Z2X9O6P3,23BCE11843,-,-,8.45,CGPA,-,-
pranav.23bce11366,Pranav Ahuja,C1A6Y9A2,23BCE11366,-,-,8.45,CGPA,-,-
rajpurohit.23bai10859,Rajpurohit Kritiraj Hukumsingh,P5C1O7O2,23BAI10859,-,-,8.45,CGPA,-,-
sandeepsolar,Sandeep Solanki,K1M0T5O1,23BAI10807,94.2,Percentage,8.44,CGPA,90.8,Percentage
castilloshaji2,Castillo Shaji,P1B6T2O7,23BAI10528,94.6,Percentage,8.44,CGPA,89.4,Percentage
abhinavyadav,Abhinav Yadav,R2G8H0H0,23BAI10319,97.2,Percentage,8.44,CGPA,87.4,Percentage
tanishaverma,Tanisha Verma,X1U7S9N9,23BCE11210,93.6,Percentage,8.44,CGPA,85.6,Percentage
dileep.officiali,Dileep Kumar,A4Y6Q0C4,23BCE11651,9.6,CGPA,8.44,CGPA,82.6,Percentage
apayushpand,Ayush Pandey,Z5G5U2T5,23BCE10987,92.2,Percentage,8.44,CGPA,81,Percentage
radhikatyagi1,Radhika Tyagi,K3W2W9X1,23BCE11340,94.6,Percentage,8.44,CGPA,80.2,Percentage
yashgupta07,Yash Gupta,Q4Z7F8G7,23BCE10402,97.8,Percentage,8.44,CGPA,78.8,Percentage
divyamchoud,Divyam Choudhary,S5F9E9S3,23BCE11129,78.6,Percentage,8.44,CGPA,77,Percentage
divya004tiwa,Divya Tiwari,V1S1S8I9,23BAI10517,93.6,Percentage,8.44,CGPA,75.5,Percentage
anushka.23bce11845,Anushka Sadhu,V1H3A8G0,23BCE11845,-,-,8.44,CGPA,-,-
kshitiz.23bai10318,Kshitiz Goyal,M7B2R0U3,23BAI10318,-,-,8.44,CGPA,-,-
rhythm.23bai10344,RHYTHM GANDHI,Z1T1N8R1,23BAI10344,-,-,8.44,CGPA,-,-
sahani.23bce10123,SAHIL SAHANI,V3M1V6O1,23BCE10123,-,-,8.44,CGPA,-,-
yash.23bce10538,Yash Sushil,V2S8B1O4,23BCE10538,-,-,8.44,CGPA,-,-
jaiswalakshat,Akshat Jaiswal,X4C5W6H9,23BCE10434,94.2,Percentage,8.43,CGPA,89.5,Percentage
kushagrasriva2,Kushagra S,L4K6S7Q7,23BAI10045,93.5,Percentage,8.43,CGPA,88.6,Percentage
harshdwdig,Harsh Dwivedi,D2L2P9T5,23BCE11307,84.8,Percentage,8.43,CGPA,88.6,Percentage
shreyanshjn0,Shreyansh Jain,H7W8A0Z3,23BCE11625,80.8,Percentage,8.43,CGPA,87.16,Percentage
udita.chakrab,Udita Chakrabarty,J1L4N4A9,23BAI10653,93.6,Percentage,8.43,CGPA,83,Percentage
soumyatyagi,Soumya Tyagi,C6Q0O3P6,23BAI11100,89.5,Percentage,8.43,CGPA,82.4,Percentage
ashutoshnand,Ashutosh Nand,G4J1I9R1,23BCE10975,96,Percentage,8.43,CGPA,76,Percentage
radha.23bce10626,Radha Agarwal,M5K2N5B3,23BCE10626,-,-,8.43,CGPA,-,-
sahej.23bce11431,Sahej Vir Singh Pasay,G3Y9O8E7,23BCE11431,-,-,8.43,CGPA,-,-
yash.23bce10809,Yash Malhotra,Z3F2U9X0,23BCE10809,-,-,8.43,CGPA,-,-
navyasrivasta,Navya Srivastava,F3M0F9G9,23BCE10582,97.2,Percentage,8.42,CGPA,91.25,Percentage
abhyudayjha.,Abhyuday Jha,V7W2Q9K2,23BCE10943,89.8,Percentage,8.42,CGPA,90.6,Percentage
mohit29025,Mohit Upadhyay,L3T6J9A2,23BAI10262,91.6,Percentage,8.42,CGPA,88,Percentage
lakshyamangl,Lakshya Mangal,X1L3L8P5,23BAI10814,90.6,Percentage,8.42,CGPA,87.2,Percentage
shriyanamdec,Shriya Namdeo,F5Y1Z5Z3,23BAI11180,95.8,Percentage,8.42,CGPA,85.2,Percentage
kirtankumarp,Kirtan Patel,T2Z8Y2D2,23BAI10610,94,Percentage,8.42,CGPA,81.3,Percentage
aritra.mahant,Aritra Mahanti,Y3T8R0I3,23BAI10324,83.6,Percentage,8.42,CGPA,79.2,Percentage
ayushdeshmu,Ayush Deshmukh,H3G8X4E5,23BCE11255,79.8,Percentage,8.42,CGPA,77.17,Percentage
kasaksingh81,Kasak Singh,T2B6E7X3,23BCE10250,84.6,Percentage,8.42,CGPA,76.67,Percentage
ananyanair2022,Ananya Nair,Y1A2I0H7,22MIM10061,-,-,8.42,CGPA,-,-
dinesh.23bai10010,Dinesh Yadav,Z3R4K2T4,23BAI10010,-,-,8.42,CGPA,-,-
mayank.23bai10479,Mayank Pandey,E2K3J6F1,23BAI10479,-,-,8.42,CGPA,-,-
nainsy.23bai10596,Nainsy Sharma,Y6D2L9Q9,23BAI10596,-,-,8.42,CGPA,-,-
sami.23bce11116,Sami Khan,Z3Y9I0W8,23BCE11116,-,-,8.42,CGPA,-,-
vardaan.23bai10079,Vardaan Shukla,Z1R3I3V2,23BAI10079,-,-,8.42,CGPA,-,-
abhyudaytom,Abhyuday Tomar,A6J2Q8M8,23BCE11727,88.4,Percentage,8.41,CGPA,92.4,Percentage
anuraganand,Anurag Anand,D4V5B3X1,23BCE10757,83.4,Percentage,8.41,CGPA,86,Percentage
somyashekha,Somya Shekhar,E4R6X7N3,23BCY10082,89.2,Percentage,8.41,CGPA,85,Percentage
shailchauhan,Shailendra Singh,J5M0G2S1,23BCE11494,81.8,Percentage,8.41,CGPA,82.5,Percentage
aryanmishrajl,Aryan Mishra,P3V4M6S6,23BCE11833,90.6,Percentage,8.41,CGPA,81.8,Percentage
thesaanvidixit,Saanvi Dixit,O1E0L9C8,23BCE11681,85.4,Percentage,8.41,CGPA,80,Percentage
vedantd400,Vedant Deshmukh,Z4Z6F1W7,23BAI10096,98.6,Percentage,8.41,CGPA,76.5,Percentage
krishnaraj220,Krishnaraj Singh,Z5Q5L6J8,23BSA10194,86.6,Percentage,8.41,CGPA,76.4,Percentage
priyanshusin2,Adarsh Kumar,E1L5I6P4,23BAI10126,94.2,Percentage,8.41,CGPA,75.3,Percentage
anandvyas07,Anand Vyas,R4V8P9B6,23BSA10167,77.2,Percentage,8.41,CGPA,75,Percentage
alok.23bce10824,ALOK TIWARI,M3L0D4N3,23BCE10824,-,-,8.41,CGPA,-,-
aniani1810205,Animesh Pandey,O2Z8E8G9,23BAI10857,-,-,8.41,CGPA,-,-
dev.23bai10310,Dev Marwah,F5R1U3W6,23BAI10310,-,-,8.41,CGPA,-,-
harshit.23bai10556,Harshit Yadav,C2N5T1I7,23BAI10556,-,-,8.41,CGPA,-,-
kushal.23bai10259,Kushal Upadhyay,M3N6L6D1,23BAI10259,-,-,8.41,CGPA,-,-
ashhar2003.khan,Mohd. Ashhar Khan,P1U0C5U9,23BAI11297,-,-,8.41,CGPA,-,-
srijan.23bce10161,Srijan Jha,Z4A0I4U2,23BCE10161,-,-,8.41,CGPA,-,-
guptamohak1,Mohak Gupta,O6Y6S2O5,23BCE10507,90,Percentage,8.4,CGPA,90,Percentage
hare81675,Radha Rani,H2D7P4M4,23BCE10804,92,Percentage,8.4,CGPA,85,Percentage
jaisshresth14,Shresth Jaiswal,S2N5N2P8,23BSA10090,98.6,Percentage,8.4,CGPA,81.8,Percentage
tithisemwal,Titiksha Semwal,X4N5O9H3,23BAI10920,91,Percentage,8.4,CGPA,79,Percentage
patilriyak,Riya Patil,G4W6W8X5,23BCE11119,96.4,Percentage,8.4,CGPA,78.83,Percentage
realpranaw,Pranaw Kumar,E6B3C4D3,23BCE10042,89.6,Percentage,8.4,CGPA,78.3,Percentage
tiwari.nikhil20,Nikhil Tiwari,R1J6I0W7,23BCE10889,94.6,Percentage,8.4,CGPA,78.2,Percentage
devavratverm,Devavrat Verma,S5E0L4W3,23BCE11193,86.67,Percentage,8.4,CGPA,77.6,Percentage
arpitvermaa0,Arpit Verma,B1Z2F1Q7,23BCE10879,93.4,Percentage,8.4,CGPA,77.4,Percentage
omrshastri,Omkar Shastri,M3Q7O7L0,23BCE11229,95.83,Percentage,8.4,CGPA,77.2,Percentage
ayushmaangu,Ayushmaan Gupta,V1A4B9T8,23BAI10891,91.66,Percentage,8.4,CGPA,76.33,Percentage
ashly.23bsa10117,Ashly Agrawal,E102F1L1,23BSA10117,-,-,8.4,CGPA,-,-
luvyadav2022,Luv Yadav,Z5O6X7B1,22MIM10137,-,-,8.4,CGPA,-,-
rohan.051031,Pv Rohan,A106R7F3,23BCE11428,-,-,8.4,CGPA,-,-
rhea.23bai10998,Rhea Biswas,Z5B5X6N8,23BAI10998,-,-,8.4,CGPA,-,-
satwikmaiti59,Satwik Maiti,Z4R2D2K5,23BCE10611,90,Percentage,8.39,CGPA,89,Percentage
rajatjosephma,Rajat Joseph,U3Y9X1S2,23BAI11054,87.8,Percentage,8.39,CGPA,87.8,Percentage
sahoosagnik1,Sagnik Sahoo,T3R9R6E1,23BCE11649,90.83,Percentage,8.39,CGPA,84.6,Percentage
somilasati,Somil Asati,O3S3R4N6,23BCE10364,91.6,Percentage,8.39,CGPA,82.4,Percentage
kunalps6266,Kunal Pr Singh,D6L7W2J8,23BCE10822,90.3,Percentage,8.39,CGPA,79.4,Percentage
anamika.23bhi10161,Anamika,N1D6Q3D1,23BHI10161,-,-,8.39,CGPA,-,-
harshit.23bce11461,Harshit Kumar,Y7T3J7Y1,23BCE11461,-,-,8.39,CGPA,-,-
kashiv.ishaan,Ishaan Kashiv,K1Z3J7O0,23BCE10318,-,-,8.39,CGPA,-,-
mandira15092005,Mandira Singh,K5H4R9D4,23BEY10051,-,-,8.39,CGPA,-,-
prachi.techwork,Prachi Patel,L4D1E0N5,23BAI10905,-,-,8.39,CGPA,-,-
riya.23bey10020,Riya Chaubey,J2F0L4J8,23BEY10020,-,-,8.39,CGPA,-,-
sanskriti.23bet10037,Sanskriti Tailor,B4I5W8T2,23BET10037,-,-,8.39,CGPA,-,-
soniya.23bhi10033,Soniya Dattatray Kuchekar,W8C4M9Z5,23BHI10033,-,-,8.39,CGPA,-,-
vedant.23bai11252,Vedant Tule,M5J7M6U3,23BAI11252,-,-,8.39,CGPA,-,-
shoyujsharma,Shoyuj Sharma,O5U5B4L6,23BCE10955,91.2,Percentage,8.38,CGPA,89.83,Percentage
rituraj69546,Rituraj Singh,Z8C3N8I5,23BAI10023,94.6,Percentage,8.38,CGPA,86.4,Percentage
somyasinghm,Somya Malik,N5A1V0A1,23BAI10044,91.4,Percentage,8.38,CGPA,86,Percentage
alanpramod1,Alan Pramod,Z4C3U1I5,23BSA10149,90.33,Percentage,8.38,CGPA,84.8,Percentage
hemrishibhan,Hemrishi Bhan,J5F9D3T7,23BCE11836,88.67,Percentage,8.38,CGPA,84.4,Percentage
anurag.13300,Anurag Singh,H4Z3H9P7,23BCE11205,86.6,Percentage,8.38,CGPA,83.6,Percentage
aditya2005.d,Aditya Dev Dwivedi,Q9N4K0V5,23BCE10663,78.8,Percentage,8.38,CGPA,80.33,Percentage
anuraagsingh,Anuraag Singh,L7B4R4Q7,23BAI10589,90.2,Percentage,8.38,CGPA,78.2,Percentage
shivanand24,Shivanand,K1O3H8Q2,23BCE10562,83,Percentage,8.38,CGPA,77.6,Percentage
vanshikadhak,Vanshika Dhaka,K6K1L5E2,23BCE11463,87.4,Percentage,8.37,CGPA,87,Percentage
trishakukreja9,Trisha Kukreja,L2L7J1V3,23BAI10117,89.4,Percentage,8.37,CGPA,79.83,Percentage
deepanshu6s,Deepanshu Shukla,O4G2X5U3,23BCE10802,77.6,Percentage,8.37,CGPA,78.2,Percentage
ramanpriyans,Priyanshu Raman,T4F0R1U4,23BCY10031,76,Percentage,8.37,CGPA,77,Percentage
aditya.23bce10492,Aditya Mazumder,L2H4Z5K2,23BCE10492,-,-,8.37,CGPA,-,-
pandeyadi2003,ADITYA PANDEY,R3F1B3J8,23BEY10054,-,-,8.37,CGPA,-,-
akshat.23bce11120,Akshat Kumar Singh,H6Q5E2Q6,23BCE11120,-,-,8.37,CGPA,-,-
anshul.23bai10507,Anshul Jain,A4O1U0Y1,23BAI10507,-,-,8.37,CGPA,-,-
arpan.23bai10022,Arpan Mathur,B4G2K6P8,23BAI10022,-,-,8.37,CGPA,-,-
koustubhpande021,Koustubh Pande,W1D6K2P5,23BCE10283,-,-,8.37,CGPA,-,-
manas.23bce11202,Manas Rai,T2O4F9G0,23BCE11202,-,-,8.37,CGPA,-,-
nitin.23bai10744,Nitin Kumar Singh,Z3Z9T9P0,23BAI10744,-,-,8.37,CGPA,-,-
prathmay.23bai10308,Prathmay Awasthi,T5K7S2A1,23BAI10308,-,-,8.37,CGPA,-,-
2005omni,Omni Sharma,K8K9V1F0,23BAI10207,91.2,Percentage,8.36,CGPA,89.6,Percentage
viyasharma14,Viya Sharma,F3D3D0E4,23BCE11351,94.4,Percentage,8.36,CGPA,86,Percentage
iamshubhdee,Shubhdeep Singh,G3F7V6E1,23BCE11460,86.34,Percentage,8.36,CGPA,85.7,Percentage
aswinrajan1,Ashwin Rajan,S5H6S9G5,23BSA10102,100,Percentage,8.36,CGPA,85.3,Percentage
shukla.suhani,Suhani Shukla,C2F9M6E7,23BCY10088,91.17,Percentage,8.36,CGPA,85,Percentage
manoj35rame,R Manoj Kumar,H1D2I7M9,23BCY10293,83.6,Percentage,8.36,CGPA,84.4,Percentage
mailatyuvrajsi,Yuvraj Singh,Z6H2Y4B7,23BCE10169,90.8,Percentage,8.36,CGPA,83.6,Percentage
shreymittal08,Shrey Mittal,Q3Q2H3J8,23BCE10659,88,Percentage,8.36,CGPA,75,Percentage
vydev2005,Dev Vyawahare,Q4X1E9N7,23BCE11054,-,-,8.36,CGPA,-,-
sharthak.23bce10712,Sharthak Singh,Y2F1O4S8,23BCE10712,-,-,8.36,CGPA,-,-
abhaysinghch,Abhay Singh,Y2S3O5N4,23BCE10545,92,Percentage,8.35,CGPA,96.2,Percentage
indiahammad,Mohammad F,C1V0S7Y6,23BCE10210,95.5,Percentage,8.35,CGPA,91.83,Percentage
subratd980,Subrat Das,R4D3A2S1,23BAI10495,81.5,Percentage,8.35,CGPA,85.2,Percentage
anshulbari9,Anshul Bari,X3D3Y6Y0,23BSA10011,85.2,Percentage,8.35,CGPA,84.6,Percentage
gairolakartike,Kartikey Gairola,E2L1G5C6,23BSA10192,93,Percentage,8.35,CGPA,79,Percentage
tusharhansak,Tushar,R1E3C4B2,23BCE10405,8.8,CGPA,8.35,CGPA,76.3,Percentage
apoorv.23bsa10060,Apoorv Kumar Singh,L1I4P4A1,23BSA10060,-,-,8.35,CGPA,-,-
priyanshu.23bce11642,Priyanshu Chakraborty,N3J0J9T4,23BCE11642,-,-,8.35,CGPA,-,-
uditya204,Uditya Kumar,X4H7T5H9,23BCE10497,87.8,Percentage,8.34,CGPA,93.2,Percentage
shinjini832,Shinjini Srivastava,R3N3N7O4,23BCE10662,87.3,Percentage,8.34,CGPA,89.7,Percentage
apansirohi,Apan Sirohi,Q4N2D4U7,23BCE10832,95.8,Percentage,8.34,CGPA,88.2,Percentage
singhaniastut,Stuti Singhania,F2V7T5F2,23BCE11150,94,Percentage,8.34,CGPA,86.2,Percentage
siddhant3641,Siddhant Bhai,K2P9R9F4,23BAI10035,91.8,Percentage,8.34,CGPA,85.2,Percentage
chesssynid,Kanishk Sharma,O4M8T3N6,23BCE10560,87.8,Percentage,8.34,CGPA,84.6,Percentage
shamaksoum,Soumil Sham,P0M5G5Q5,23BCE10841,87.8,Percentage,8.34,CGPA,83,Percentage
ndbendale20,Nikhil Bendale,G1Z6G9A9,23BCE10985,86.5,Percentage,8.34,CGPA,83,Percentage
aryanamar20,Aryan Amar,X1C7F7J2,23BCE10620,96.8,Percentage,8.34,CGPA,80.4,Percentage
antomicheal1,Anto Binoy Varghese,A6D5T9U0,23BCE11502,93,Percentage,8.34,CGPA,79,Percentage
udaypratap14,Uday Pratap Singh,O3U2V8J7,23BAI10540,88.2,Percentage,8.34,CGPA,77,Percentage
snehilpriyam.i,Snehil Priyam,R1L8G6T7,23BCE11200,78.8,Percentage,8.34,CGPA,76.4,Percentage
bhartendu.23bet10038,Bhartendu raj akarsh,D1O8I3T6,23BET10038,-,-,8.34,CGPA,-,-
kush.23bce11046,Kush Pathak,O4I2Y7O8,23BCE11046,-,-,8.34,CGPA,-,-
manya.23bai11379,Manya Chapra,J2P8C5K0,23BAI11379,-,-,8.34,CGPA,-,-
mohammad.23bsa10044,Mohammad Ibrahim Khan,P1R1C4M4,23BSA10044,-,-,8.34,CGPA,-,-
nilabh.23bai10673,Nilabh Sharma,R1U3M4Y0,23BAI10673,-,-,8.34,CGPA,-,-
asananiom27,Om Asanani,Z6E4Y2B0,22MIM10073,-,-,8.34,CGPA,-,-
parshv.23bce10807,Parshv Modi,G1X9I1L1,23BCE10807,-,-,8.34,CGPA,-,-
priyanshu.23bai10663,Priyanshu Yadav,X4Y4S6U6,23BAI10663,-,-,8.34,CGPA,-,-
promal.23bce10541,Promal Sharma,T4R8T5A7,23BCE10541,-,-,8.34,CGPA,-,-
sonika.23bce10041,Sonika singh tomar,EOZ8Y0O4,23bce10041,-,-,8.34,CGPA,-,-
vidhan.23bsa10043,Vidhan Gupta,Z2P4M4L5,23BSA10043,-,-,8.34,CGPA,-,-
yash.shresth,Shreshth Tiwari,F1M2Y6S5,23BAI10149,92.66,Percentage,8.33,CGPA,83.5,Percentage
muskansrivas,Muskan Srivastava,C5Z5F5O5,23BCE10014,94.6,Percentage,8.33,CGPA,81.4,Percentage
ojusgupta004,Ojus Gupta,U6X1B4K0,23BAI11323,88.5,Percentage,8.33,CGPA,77,Percentage
ishanshawoffi,Ishan Shaw,E4B1U7X4,23BCE11132,94,Percentage,8.33,CGPA,76,Percentage
akhand.23bce10860,Akhand Pratap Dwivedi,G5Q1R6U3,23BCE10860,-,-,8.33,CGPA,-,-
daisy.23bhi10184,Daisy Deka,X4O8D9X7,23BHI10184,-,-,8.33,CGPA,-,-
dhairya.23bce11723,Dhairya Patel,L3E0C8A0,23BCE11723,-,-,8.33,CGPA,-,-
dhruv.23bcg10114,Dhruv Tuli,R2E4Q5A6,23BCG10114,-,-,8.33,CGPA,-,-
gaurav.23bai10357,Gaurav Gupta,J3J3E6Z7,23BAI10357,-,-,8.33,CGPA,-,-
kriti.23bce10744,Kriti Gupta,N5U8F4Z3,23BCE10744,-,-,8.33,CGPA,-,-
kunal.23bce10924,Kunal Singh,O4Z0B1P5,23BCE10924,-,-,8.33,CGPA,-,-
nirjhala.23bsa10052,Nirjhala Mohapatra,J3H9S7V5,23BSA10052,-,-,8.33,CGPA,-,-
pranjal.23bce10499,Pranjal Rai,A9T5B1E4,23BCE10499,-,-,8.33,CGPA,-,-
raghuvanshi.23bai11110,Raghuvanshi Arnav Kundan,H4Q2J3D3,23BAI11110,-,-,8.33,CGPA,-,-
shreyansh.23bce11630,Shreyansh Shakya,O4J3Y2E6,23BCE11630,-,-,8.33,CGPA,-,-
snehalrishika,Rishika Snehal,P3M9V6Z7,23BAI11325,89.4,Percentage,8.32,CGPA,88.8,Percentage
sharmautkars,Utkarsh Sharma,D3R5T8A7,23BCE11078,84.8,Percentage,8.32,CGPA,83.4,Percentage
divitrastogi42,Divit Rastogi,N5E4Z7L2,23BCE10896,82.66,Percentage,8.32,CGPA,82.66,Percentage
sidhwanisneh,Sneha Sidhwani,W4M3V1O9,23BAI10340,82.6,Percentage,8.32,CGPA,80.83,Percentage
avinashrajput,Avinash Rajput,V8H1G3D9,23BCE10978,83.8,Percentage,8.32,CGPA,78.6,Percentage
amanaziz202,Aman Aziz,H5C2G0L1,23BCE10266,92,Percentage,8.32,CGPA,77.2,Percentage
kushagra.23bai10987,Kushagra Bhargava,G2L0B0I7,23BAI10987,-,-,8.32,CGPA,-,-
kritiss2004,Kriti Singh,S4R8Z6T0,23BAI10326,96,Percentage,8.31,CGPA,88,Percentage
aloukikdas6,Aloukik Das,O5C7Z8E9,23BCE10551,95.2,Percentage,8.31,CGPA,86,Percentage
kanishkatkj05,Kanishka Jain,K1E8F3M2,23BCE10457,92.2,Percentage,8.31,CGPA,84.2,Percentage
mathur.aryan,Aryan Mathur,E5Q4W7O5,23BAI10982,91.16,Percentage,8.31,CGPA,79.8,Percentage
abhishek.23bcy10049,Abhishek Kumar,W6J2A4D8,23BCY10049,-,-,8.31,CGPA,-,-
arnav.23bhi10014,Arnav Nehra,T3LIP8N6,23BHI10014,-,-,8.31,CGPA,-,-
parth.23bce10156,Parth Jain,V3W0N2L2,23BCE10156,-,-,8.31,CGPA,-,-
atharvdevtrip,Atharv Dev Tripathi,E1P8C0Y9,23BAI10256,93.4,Percentage,8.3,CGPA,94.5,Percentage
rushiltiger,Rushil Walia,Z5L5J6O8,23BCE10752,96.6,Percentage,8.3,CGPA,92.8,Percentage
samarpratap1,Samar Pratap,G7I1Z8H1,23BCE10583,89.5,Percentage,8.3,CGPA,88.2,Percentage
shreyashdube,Shreyash Dube,Y3F9S4W0,23BCE10334,90.67,Percentage,8.3,CGPA,83.8,Percentage
sayaligulhane,Sayali Gulhane,M6N0H6T2,23BCY10057,90.6,Percentage,8.3,CGPA,81.2,Percentage
anish.hlv,Anish Bhattacharya,A2L6A8I3,23BAI10736,86,Percentage,8.3,CGPA,77,Percentage
shauryabhad,Shaurya Bhadauria,M6A1R9C6,23BCE10918,93,Percentage,8.3,CGPA,76.4,Percentage
aaditya.saxen,Aaditya Saxena,D1T9D9S5,23BSA10182,77.4,Percentage,8.3,CGPA,75.6,Percentage
ayush.23bce11145,Ayush Verma,J2Y1G5F8,23BCE11145,-,-,8.3,CGPA,-,-
manasvi.23bai11185,Manasvi Verma,K2Z9F7A2,23BAI11185,-,-,8.3,CGPA,-,-
oaj.23bcy10275,Oaj Borwankar,P3Y3I2H1,23BCY10275,-,-,8.3,CGPA,-,-
ramkuchiya.23bey10077,Ram kuchiya,R2I0K2V4,23BEY10077,-,-,8.3,CGPA,-,-
samiksha.23bce10725,Samiksha Vijayvargiya,U2L3K0P1,23BCE10725,-,-,8.3,CGPA,-,-
vsananya02,V S Ananya,P2Y7L9U8,23BAI10927,92.2,Percentage,8.29,CGPA,84.6,Percentage
sshashankraj,Shashank Kumar,Q1A7Q0S4,23BSA10038,90.6,Percentage,8.29,CGPA,84,Percentage
shivang.m04,Shivang Mishra,I4U8G2I7,23BAI10238,95.6,Percentage,8.29,CGPA,81.8,Percentage
amanmodi50,Aman Modi,F5L1B9M8,23BAI10204,90.8,Percentage,8.28,CGPA,86.2,Percentage
suyashtripath,Suyash Tripathi,G8C9L2Z2,23BCY10259,85.2,Percentage,8.28,CGPA,84,Percentage
mv699205,Mansi Verma,R4T0F2O2,23BAI10960,75.2,Percentage,8.28,CGPA,75.6,Percentage
sumaiyashab,Sumaiya Shabnam,O3L0T6M2,23BCE11406,83.6,Percentage,8.28,CGPA,75.4,Percentage
aman.23bce10441,Aman Kumar Yadav,G1H4N9U8,23BCE10441,-,-,8.28,CGPA,-,-
anshul.23bai10028,Anshul,F1B2W9S0,23BAI10028,-,-,8.28,CGPA,-,-
hitesh.23bai11135,Hitesh Sai B,H2N4C6T0,23BAI11135,-,-,8.28,CGPA,-,-
vedant.23bsa10114,Vedant Anand Tendulkar,L5G3Z0J8,23BSA10114,-,-,8.28,CGPA,-,-
raik182005,Karan Rai,C2H0C3E2,23BCE10749,86,Percentage,8.27,CGPA,79.2,Percentage
30abhi7268,Abhinav Kaushik,I5J1I6B0,23BAI10321,91.4,Percentage,8.27,CGPA,78.8,Percentage
tanmay.23bai10328,Tanmay Singh,B1K6M9N6,23BAI10328,-,-,8.27,CGPA,-,-
tanmay.23bsa10193,Tanmay Soni,J3Y5P7W8,23BSA10193,-,-,8.27,CGPA,-,-
akhil.23bce11678,AKHIL ASTITVA,B1L4Y9J2,23BCE11678,-,-,8.27,CGPA,-,-
aryan.23bsa10030,Aryan Warekar,X3K3J1A5,23BSA10030,-,-,8.27,CGPA,-,-
azhanj21004,Azhan Javed,X4B4E8M3,23BAI11274,-,-,8.27,CGPA,-,-
meet.23bsa10063,MEET SHARMA,F3B1M7B2,23BSA10063,-,-,8.27,CGPA,-,-
mohit.23bai10778,Mohit Parmar,G5H5X8L5,23BAI10778,-,-,8.27,CGPA,-,-
shubham.23bsa10164,Shubham Kumar Yadav,B6A7K7J5,23BSA10164,-,-,8.27,CGPA,-,-
arnavtripathi1,Arnav Tripathi,F3T6U0L1,23BAI10763,95.33,Percentage,8.26,CGPA,89.67,Percentage
aadityasingh,Aditya Singh,D6R9F7A1,23BCE11141,88.67,Percentage,8.26,CGPA,85.4,Percentage
mayurkaranjiy,Mayur Karanjiya,D5R0W8P2,23BCY10151,87.8,Percentage,8.26,CGPA,81.2,Percentage
yadavretishku,Ritish Yadav,H2R5T6Z9,23BCY10090,96.4,Percentage,8.26,CGPA,79.2,Percentage
harshpvt09,Harsh Kumar,R5U5O7K7,23BAI10509,86.7,Percentage,8.26,CGPA,78,Percentage
suyashsoni32,Suyash Soni,B5Q3Z7L9,23BAI10165,91.4,Percentage,8.26,CGPA,76.4,Percentage
arnavtripathi581,Arnav Tripathi,Q1Y2X9J8,23BCE10756,92,-,8.26,CGPA,74.2,-
dhruv.23bce10011,Dhruv Seth,Q5M0Y7P4,23BCE10011,-,-,8.26,CGPA,-,-
paretagaurav2005,Gaurav Pareta,16K1X0A7,23BAI10427,-,-,8.26,CGPA,-,-
nikhil.23bai10107,Nikhil Sirohi,E1W9F6X9,23BAI10107,-,-,8.26,CGPA,-,-
sidhant.23bai10858,Sidhant Kumar,P5B6S5W5,23BAI10858,-,-,8.26,CGPA,-,-
manojit.educa,Manojit Maitra,K2N7G0I0,23BCE10612,92.4,Percentage,8.25,CGPA,88.6,Percentage
cipher34276,Advay Singh,D6X9B9W3,23BCE10596,90.8,Percentage,8.25,CGPA,87.16,Percentage
gk16122004,Gaurav Kumar,F1Z2O8F6,23BCY10132,80.83,Percentage,8.25,CGPA,75.66,Percentage
aayush.23bce10613,Aayush Pandey,C2Q3H0F6,23BCE10613,-,-,8.25,CGPA,-,-
ishaan.23bai11097,Ishaan Pandey,Z4E3X3C0,23BAI11097,-,-,8.25,CGPA,-,-
mohit.23bce10276,Mohit Agrawal,X1O4B9D9,23BCE10276,-,-,8.25,CGPA,-,-
navneet.23bcy10030,NAVNEET SHARMA,C2M7N2E8,23BCY10030,-,-,8.25,CGPA,-,-
pranav.23bce11655,Pranav Chinnawar,G5U7Q1T5,23BCE11655,-,-,8.25,CGPA,-,-
shreya.23bcy10318,Shreya Jain,O4K2L7Q0,23BCY10318,-,-,8.25,CGPA,-,-
taher.23bai10502,Taher Batterywala,C1R6O0Z4,23BAI10502,-,-,8.25,CGPA,-,-
tanmayfit19,Tanmay Agnihotri,H4S0N5C4,23BAI10341,87.5,Percentage,8.24,CGPA,85,Percentage
shreyashsingl,Shreyash Singh,I1X7Y1P6,23BAI10003,79.8,Percentage,8.24,CGPA,81,Percentage
akshatbalariy,Akshat Balariya,J5A2T9K1,23BCE11100,94,Percentage,8.24,CGPA,76.8,Percentage
mrinal0307m,Mrinal Mohit,R0Z3D7W7,23BCE11545,91.2,Percentage,8.24,CGPA,75,Percentage
aayush.23bce11572,Aayush Tiwari,P2W8T9F8,23BCE11572,-,-,8.24,CGPA,-,-
harsh.23bce11212,Harsh,Y3U4G6K9,23BCE11212,-,-,8.24,CGPA,-,-
hemrishi.23bce11836,HEMRISHI BHANSALI,J5F9D317,23BCE11836,-,-,8.24,CGPA,-,-
dadhichraghav896,Raghav Dadhich,S6K3E7Q1,23BAI10845,-,-,8.24,CGPA,-,-
shivansh.23bce11158,Shivansh Sharma,Y1Q5G2S7,23BCE11158,-,-,8.24,CGPA,-,-
tejaswi.23bai10188,Tejaswi Singh Parmar,H9N7L8Z3,23BAI10188,-,-,8.24,CGPA,-,-
vishal.23bec10063,Vishal Jadoun,D6S4J2N7,23BEC10063,-,-,8.24,CGPA,-,-
pankajchhonk,Pankaj Chhonkar,G5H2B5G5,23BCY10137,94.2,Percentage,8.23,CGPA,88.6,Percentage
shubhyadavxi,Shubh Yadav,N6J2G3O8,23BAI10701,90.33,Percentage,8.23,CGPA,87.6,Percentage
aaryaveeryad,Aaryaveer Yadav,X4J7G6J1,23BAI10323,75,Percentage,8.23,CGPA,86.6,Percentage
sarangsushar,Sarang Sushar,J2E1Q3D6,23BCE10251,94,Percentage,8.23,CGPA,81.4,Percentage
srivastava.vitt,Vitthal Das Srivastava,Z5O3U2U1,23BAI10349,93.8,Percentage,8.23,CGPA,78.2,Percentage
ishmeet.23bcy10214,Ishmeet Kaur,V9W5O8Z4,23BCY10214,-,-,8.23,CGPA,-,-
mithijain22405,Mithi jain,D5O7Q7B9,23BCE11750,-,-,8.23,CGPA,-,-
payoshi.23bce10976,Payoshi gupta,Y1D4S9K5,23BCE10976,-,-,8.23,CGPA,-,-
vaishali.23bce11303,vaishali negi,W3K4U6T4,23BCE11303,-,-,8.23,CGPA,-,-
nandak2795,Nanda K,W3C4U0X7,23BAI11009,94.8,Percentage,8.22,CGPA,81.8,Percentage
dshambhavi9,Shambhavi Dubey,G1N1Z0T2,23BAI10405,86,Percentage,8.22,CGPA,80.8,Percentage
krishank.dube,Krishank Dubey,Q6J8G3C9,23BAI10417,91.4,Percentage,8.22,CGPA,78.6,Percentage
manaswisura,Manaswi Surana,A1B7K3M9,23BCY10258,94.2,Percentage,8.22,CGPA,76.5,Percentage
harisankar2022,Harisankar G,G2T9P7C4,22MIM10063,-,-,8.22,CGPA,-,-
himanshu.23bce10343,Himanshu Rathore,I1I4H8N4,23BCE10343,-,-,8.22,CGPA,-,-
pradumya.23bai11095,Pradumya salunke,Q4B2E9S4,23BAI11095,-,-,8.22,CGPA,-,-
pradumya.23bai11095,Pradumya Salunke,QB2E9S4,23BAI11095,-,-,8.22,CGPA,-,-
shriyash.23bce11284,Shriyash Joshi,B1Y4N6s3,23BCE11284,-,-,8.22,CGPA,-,-
aabhashrahut,Aabhash Rahut,K3M6D4K6,23BAI10416,94,Percentage,8.21,CGPA,87.6,Percentage
bhargav.s110,Bhargav Naidu,O2W3E6T4,23BCY10103,83,Percentage,8.21,CGPA,86.1,Percentage
shrutiydv31,Shruti Yadav,E5T2X9K2,23BCE10414,92.8,Percentage,8.21,CGPA,81.8,Percentage
akhilshriyash,Shriyash Akhil,W1Q6I9H5,23BCE10547,91.4,Percentage,8.21,CGPA,79.2,Percentage
abhyudit.23bce11479,Abhyudit deo singh,I2C6A5F4,23bce11479,-,-,8.21,CGPA,-,-
anjali.23bcy10101,Anjali Kumari,T2M0R0N5,23BCY10101,-,-,8.21,CGPA,-,-
ipshita.23bce11436,IPSHITA GARG,M3G7I2M3,23BCE11436,-,-,8.21,CGPA,-,-
shrey.23bce10643,Shrey raj pranami,Z3UOJ7A4,23BCE10643,-,-,8.21,CGPA,-,-
vitthal.23bai10349,Vitthal Das Srivastava,Z5O5U2U1,23bai10349,-,-,8.21,CGPA,-,-
somarajupalli,Nihal Somaraju,B9K3K1K7,23BCY10023,83,Percentage,8.2,CGPA,91.2,Percentage
suhridpauloffi,Suhrid Paul,Q3B4U2J4,23BCE11326,97.8,Percentage,8.2,CGPA,86,Percentage
pradhyumn.g,Pradhyumn Gour,D1I2S1Q6,23BCE10473,94.8,Percentage,8.2,CGPA,85.6,Percentage
ruiayashvardh,Yash Vardhan,X4N8G8E6,23BAI10166,92,Percentage,8.2,CGPA,84.3,Percentage
singhashvin3,Ashvin Singh,I1S2H1D0,23BAI10442,90.8,Percentage,8.2,CGPA,77.4,Percentage
krishg2410,Krish Gursahani,Y2V2H9D4,23BCE11703,90.66,Percentage,8.2,CGPA,77.2,Percentage
jatin.25mca10080,Jatin Guleria,M4E7V3J5,25mca10080,-,-,8.2,CGPA,-,-
nabh.23bce10635,Nabh Garg,Z2X7G0N3,23BCE10635,-,-,8.2,CGPA,-,-
shreya.25mca10105,Shreya Singh,C4Z1M8L4,25MCA10105,-,-,8.2,CGPA,-,-
punitbaldia90,Punit Baldia,W1U3K0V0,23BSA10093,80.8,Percentage,8.19,CGPA,84.4,Percentage
daksh2k5,Daksh Vyas,R4L0Z5L5,23BCE10696,81.2,Percentage,8.19,CGPA,82.8,Percentage
kuldeepdhanc,Kuldeep Dhanawade,G4C9T9H6,23BSA10129,82.6,Percentage,8.19,CGPA,79.6,Percentage
pvrithvik456,Peddinti Vishnu,X2N0G6Y3,23BCE10136,89.2,Percentage,8.19,CGPA,77.4,Percentage
vaishnavsreel,Vaishnav Sreelal,Y5D8A5F4,23BCE11411,91,Percentage,8.19,CGPA,76,Percentage
aanya.23bhi10185,Aanya Sharma,C2N4G4K9,23BHI10185,-,-,8.19,CGPA,-,-
aditya.23bce11141,Aditya Singh,D6R9F7AI,23BCE11141,-,-,8.19,CGPA,-,-
aman.23bcy10119,Aman Kumar Gupta,M2P4I9S7,23BCY10119,-,-,8.19,CGPA,-,-
anuj.23bce10738,Anuj Kumar Singh,D6H5H8B5,23BCE10738,-,-,8.19,CGPA,-,-
aryan.23bce11203,Aryan Omprakash Kaminwar,O1G3E7B5,23BCE11203,-,-,8.19,CGPA,-,-
piyush.23bce10572,Piyush Kumar,S2T3D7G1,23BCE10572,-,-,8.19,CGPA,-,-
gouravagarwa,Gourav Agarwal,D2I4O7I7,23BCY10094,96.5,Percentage,8.18,CGPA,92.6,Percentage
moon.edp102,Nayan Kumar,V3T1J1Y1,23BCE11071,92.8,Percentage,8.18,CGPA,84.2,Percentage
mailtosaxena,Ishita Saxena,E3N8T0M3,23BCE11198,94.8,Percentage,8.17,CGPA,86.4,Percentage
ay252003,Alok Kumar Y,X2P3S4X2,23BAI10611,83.6,Percentage,8.17,CGPA,81.16,Percentage
paras005004,Paras Singh,Q1K3S1P0,23BAI11408,86,Percentage,8.17,CGPA,80.8,Percentage
aryanwifi25,Aryan Singh,R1G2G7Q6,23BCE10540,90,Percentage,8.17,CGPA,78.4,Percentage
adityasnkr1,Aditya Yadav,I1M1K4H0,23BCE10998,-,-,8.17,CGPA,-,-
karan.23bcy10232,Karan singh,F4C9G415,23bcy10232,-,-,8.17,CGPA,-,-
rakesh.23bce11322,RAKESH KUMAR,X1B8F4N4,23BCE11322,-,-,8.17,CGPA,-,-
forrlg006,Lakshya Gupta,D1W8U7X3,23BCE10957,93.6,Percentage,8.16,CGPA,81,Percentage
chakraborty.s,Saumojyoti Chakraborty,D4F5L7D0,23BAI11065,92.6,Percentage,8.16,CGPA,75.6,Percentage
dhawal.23bcy10294,Dhawal Kachhwaha,A4H1G1X7,23BCY10294,-,-,8.16,CGPA,-,-
madhavdube,Madhav Dubey,Q9X7V4R8,23BCE11661,91.4,Percentage,8.15,CGPA,82,Percentage
hvst032003,Harshvardhan,G5G2Y3L5,23BCE10913,86,Percentage,8.15,CGPA,79.2,Percentage
askmanashda,Manash Das,Y1H7R8I0,23BCE11223,90.8,Percentage,8.15,CGPA,78,Percentage
porwalsagar1,Sagar Porwal,I3A1O0K8,23BCE11222,92.5,Percentage,8.15,CGPA,76.8,Percentage
ayush.23bcy10174,Ayush Ranjan,D5Z7U0W6,23BCY10174,-,-,8.15,CGPA,-,-
kartikey.23bsa10082,Kartikey Bisht,U4A5Z0U5,23BSA10082,-,-,8.15,CGPA,-,-
srishti.23bce11285,Srishti Sharma,L1S3K3D2,23BCE11285,-,-,8.15,CGPA,-,-
viraj.23bhi10078,VIRAJ GHOLAP,E5N4K9T4,23BHI10078,-,-,8.15,CGPA,-,-
krishnaakhaju,Krishna Khajuria,E2E1R4Y8,23BAI10748,88.2,Percentage,8.14,CGPA,81.4,Percentage
avinash.23bcy10006,AVINASH KUMAR SINGH,Y1X8K0F5,23BCY10006,-,-,8.14,CGPA,-,-
avish.23bai10091,Avish Sinha,T2V7O8C7,23BAI10091,-,-,8.14,CGPA,-,-
gargi.23bce10655,Gargi Sharma,M3A7B6V8,23BCE10655,-,-,8.14,CGPA,-,-
shashwat.23bcg10086,Shashwat,U3Z5I1E2,23BCG10086,-,-,8.14,CGPA,-,-
vaidika.23bai10948,Vaidika Thakur,Y3C1Z3P0,23BAI10948,-,-,8.14,CGPA,-,-
adarshjaiswal,Adarsh Jaiswal,O8A0U2E7,23BAI10281,88.4,Percentage,8.13,CGPA,83.2,Percentage
heyaditihere,Aditi Srivastava,K3J4K8F3,23BAI10354,87.6,Percentage,8.13,CGPA,77.4,Percentage
divyesh.23bcg10107,Divyesh Gajanan Gaygol,Q6O1P9M3,23BCG10107,-,-,8.13,CGPA,-,-
harsh.23bsa10039,Harsh Kumar Nimesh,T2X8L4K8,23BSA10039,-,-,8.13,CGPA,-,-
kunalsingh.of,Kunal Singh,H1F6H1N0,23BCE10805,84.8,Percentage,8.12,CGPA,80.8,Percentage
azizurrahman,Azizur Rahman,C1Z0L3S2,23BAI10674,84.2,Percentage,8.12,CGPA,80,Percentage
aakashyadav1098642,Aakash Yadav,A3V5W5K7,23BAI10153,-,-,8.12,CGPA,-,-
abhilash.23bce11155,Abhilash Choudhary,L1H6G0H8,23BCE11155,-,-,8.12,CGPA,-,-
bhavya.23bai10957,BHAVYA SINGH,Q1G4U4O5,23BAI10957,-,-,8.12,CGPA,-,-
dhruv.23bey10057,Dhruv Panwar,W3Q7L9O4,23BEY10057,-,-,8.12,CGPA,-,-
meetvachhani2022,Meet Vachhani,C6O4V2D0,22MIM10069,-,-,8.12,CGPA,-,-
piyush.23bai10959,piyush kumar,O2M2N4F4,23BAI10959,-,-,8.12,CGPA,-,-
souparnika.23bac10006,S SOUPARNIKA,S2X8W4R9,23BAC10006,-,-,8.12,CGPA,-,-
sainyam.23bce10928,Sainyam Bansal,R3S2L6U0,23BCE10928,-,-,8.12,CGPA,-,-
shailendra.23bai10842,Shailendra Singh Shaktawat,B6R5F7M6,23BAI10842,-,-,8.12,CGPA,-,-
shreya.23bai11038,Shreya gaur,D3J5I5S3,23BAI11038,-,-,8.12,CGPA,-,-
mayankagraw,Mayank Agrawal,B5P4J8Y0,23BCE11379,91,Percentage,8.11,CGPA,81.8,Percentage
sajjad102005,Shaik Mohammad,G5O3T7C2,23BAI10809,91,Percentage,8.11,CGPA,75.2,Percentage
kanak.23bcy10276,Kanak Soni,I2R4A5U9,23BCY10276,-,-,8.11,CGPA,-,-
krish.23bce11265,Krish Singh Sengar,H4L7R8V9,23BCE11265,-,-,8.11,CGPA,-,-
sagar.23bce11222,SAGAR PORWAL,13A100K8,23BCE11222,-,-,8.11,CGPA,-,-
tanish.23bcy10051,Tanish Dua,U4V7O2Y9,23BCY10051,-,-,8.11,CGPA,-,-
prekshaa1512,Preksha Agarwal,X2G5L9T7,23BCE10948,88.33,Percentage,8.1,CGPA,93.4,Percentage
harsh.23bai1,Harsh Prasad,J3Z9K5T3,23BAI11071,85.8,Percentage,8.1,CGPA,79,Percentage
shrivastava.a,Aayushi Shrivastava,Y1L0O7C6,23BAI10234,89.8,Percentage,8.1,CGPA,78.8,Percentage
aditeesrivasta,Aditee Srivastava,V2L0T7X4,23BCE11417,78.2,Percentage,8.1,CGPA,75.8,Percentage
anshuman19,Anshuman Nayak,E2R2G0W3,23BCE11468,89,Percentage,8.1,CGPA,75.5,Percentage
adadarshpate,Adarsh Patel,W1B1J4W2,23BAI10486,92.5,Percentage,8.1,CGPA,75.16,Percentage
joel.23bce11726,Joel J Varghese,D2U3H8A6,23BCE11726,-,-,8.1,CGPA,-,-
naman.23bce11560,Naman Porwal,J3N9K4Y2,23BCE11560,-,-,8.1,CGPA,-,-
syed.23bce10981,SYED TAHA RIZVI,F3A0C7C5,23BCE10981,-,-,8.1,CGPA,-,-
tanush.23bai10320,Tanush Aggarwal,G5E8K4J9,23BAI10320,-,-,8.1,CGPA,-,-
tushit.23bey10049,Tushit Tiwari,T3F9E3G6,23BEY10049,-,-,8.1,CGPA,-,-
shubhgupta8,Shubh Gupta,H2L0J7T7,23BCE11032,89.4,Percentage,8.09,CGPA,86,Percentage
kashyap.arya,Kumar Aryan,R4Q2M5S8,23BSA10005,95.4,Percentage,8.09,CGPA,83.6,Percentage
riyaagarwal02,Riya Agarwal,H4T4B9P2,23BCE11499,94,Percentage,8.09,CGPA,79,Percentage
hardik07jain,Hardik Jain,V6L9T3V8,23BCE10740,89,Percentage,8.09,CGPA,78,Percentage
himansh0317,Himanshu M,E3W4V3B7,23BAI10855,80.83,Percentage,8.09,CGPA,76.8,Percentage
suryanshsoni,Suryansh Soni,I4A6D9H4,23BAI11318,88,Percentage,8.09,CGPA,76.2,Percentage
ayashamishra,Ayasha Mishra,U3X3S4T5,23BCE10798,94,Percentage,8.09,CGPA,75.4,Percentage
abhashchakraborty2022,Abhash Chakraborty,I6K2W3F9,22MIM10045,-,-,8.09,CGPA,-,-
birajdar.23bce10820,Abhinav Birajdar,W2H2J3W5,23BCE10820,-,-,8.09,CGPA,-,-
kartik.23bce11133,Kartik Saxena,J1O4G2N5,23BCE11133,-,-,8.09,CGPA,-,-
dksaniel2,Dhruv Kumar,S4Y3O3J3,23BAI10773,87,Percentage,8.08,CGPA,83,Percentage
aditsinghrathore1,Adit Singh Rathore,W4A6V4W3,23BCE10238,-,-,8.08,CGPA,-,-
deshmukh.23bai10918,Dhara Deshmukh,N1H3K1T6,23BAI10918,-,-,8.08,CGPA,-,-
safal.23bcy10248,Safal Chaturvedi,Y3S2T8X5,23BCY10248,-,-,8.08,CGPA,-,-
shaik.25mcf10003,SK LATHEEF BABA,F8H7R9O3,25MCF10003,-,-,8.08,CGPA,-,-
sushmitamandloi2022,Sushmita Mandloi,U4WITOR3,22MIP10099,-,-,8.08,CGPA,-,-
anshikagarg5,Anshika Garg,Z4Q4K0B5,23BAI10144,92.8,Percentage,8.07,CGPA,81,Percentage
nitin.y2309,Nitin Yadav,T1D4P1U9,23BCE10581,85.8,Percentage,8.07,CGPA,79.8,Percentage
pranavdubeyy,Pranav Dubey,K1A4E2U6,23BCE11621,89,Percentage,8.07,CGPA,78.8,Percentage
kousumi.23bce11147,Kousumi Mondal,L4K9G7R6,23BCE11147,-,-,8.07,CGPA,-,-
niharika.23bce11230,Niharika Pandey,F6C4R5Q2,23BCE11230,-,-,8.07,CGPA,-,-
pratik.23bce11399,Pratik Kolhe,I1X9M4U8,23BCE11399,-,-,8.07,CGPA,-,-
rishabh.23bcy10271,Rishabh Arora,T4J5M6F1,23BCY10271,-,-,8.07,CGPA,-,-
simran.23bce11525,Simran Vinodkumar Ahirwar,P5P6C4A4,23BCE11525,-,-,8.07,CGPA,-,-
anvitha.23bai10942,Anvitha Chaganti,V2F1N3A2,23BAI10942,-,-,8.06,CGPA,-,-
aryanam.23bce10329,Aryaman Sharma,D6Q9J4K2,23BCE10329,-,-,8.06,CGPA,-,-
avnish.23bai10628,Avnish Agrawal,VILIY9D8,23BAI10628,-,-,8.06,CGPA,-,-
diksha.23bai11342,Diksha Damahe,Z1V6G8O0,23BAI11342,-,-,8.06,CGPA,-,-
nehal.23bet10030,Nehal Yadav,N2J8C5G2,23BET10030,-,-,8.06,CGPA,-,-
shaik.23bai11096,SM IRFAN,F3V7C8M2,23BAI11096,-,-,8.06,CGPA,-,-
kavyakapoor2,Kavyansh K,J9E0R8N5,23BCE11762,92,Percentage,8.05,CGPA,85.2,Percentage
aryanshdutta,Aryansh Dutta,C4U9W3R4,23BAI10824,90,Percentage,8.05,CGPA,79.4,Percentage
vaishnavi.23bce11488,Vaishnavi Ubarhande,G5W1H8G9,23BCE11488,-,-,8.05,CGPA,-,-
vsyadav0502,Vikram Yadav,B4F0D9C3,23BCE10670,91.6,Percentage,8.04,CGPA,92.2,Percentage
csagnik2004,Sagnik Chowdhury,R5K9K7E0,23BAI10627,95.8,Percentage,8.04,CGPA,88.4,Percentage
amit.23bcg10004,Amit Kumar Gupta,B6D1P2I1,23BCG10004,-,-,8.04,CGPA,-,-
sshikhar2005,Shikhar Sharma,U2X9K5R5,23BCE10108,-,-,8.04,CGPA,-,-
shivkumar2022,Shiv Kumar,U3X9C4A6,22MIP10050,-,-,8.04,CGPA,-,-
sakshamtrive,Saksham Trivedi,U2R0Y9G8,23BAI10129,94,Percentage,8.03,CGPA,89.8,Percentage
udchauhan09,Uday Pratap,Q5X1F9Z5,23BCE11299,78.2,Percentage,8.03,CGPA,85.2,Percentage
thakur.saiyam,Saiyam Thakur,X3N4I3J4,23BCE11173,89.4,Percentage,8.03,CGPA,79.6,Percentage
shlokdhanoka,Shlok Dhanokar,L6Z9L7L4,23BAI10289,86,Percentage,8.03,CGPA,78,Percentage
harsh.23bce11192,Harsh Shringi,D3Z8Y8D0,23BCE11192,-,-,8.03,CGPA,-,-
lovesh.23bai10985,Lovesh Chittora,Z5L8Z7T8,23BAI10985,-,-,8.03,CGPA,-,-
nitin.y2309,Nitin Yadav,TID4PIU9,23BCE10581,-,-,8.03,CGPA,-,-
sparsh.23bai10631,Sparsh Srivastava,C4E2A8F5,23BAI10631,-,-,8.03,CGPA,-,-
vaibhavi.23bce11552,Vaibhavi Sachin Pathak,L4B5S9G8,23BCE11552,-,-,8.03,CGPA,-,-
krishna.25mca10012,Krishna Prajapati,X3U8A5S6,25MCA10012,-,-,8.02,CGPA,-,-
sejal.23bai10851,Sejal Srivastava,V6Y9W9G5,23BAI10851,-,-,8.02,CGPA,-,-
arush.2005,Arush Nandak,I4W0P0K8,23BCE10472,77.4,Percentage,8.01,CGPA,87,Percentage
connect.aksh,Akshaya Verma,O5H5K0K7,23BCY10304,81,Percentage,8.01,CGPA,76.8,Percentage
aasim.23bcy10035,Aasim ullah khan,G3V0Q5Y2,23BCY10035,-,-,8.01,CGPA,-,-
abhinandangavali310,Abhinandan Anil Gavali,Q3R4UIN7,22MEI10071,-,-,8.01,CGPA,-,-
adhirajsengar2601,Adhiraj Sengar,I3G3W2E2,23BCE11345,-,-,8.01,CGPA,-,-
ashutosh.23bce10394,Ashutosh Kumar Singh,L3J8G8P7,23BCE10394,-,-,8.01,CGPA,-,-
dipanjan.23bai11188,Dipanjan Choudhury,E4E3Y3S3,23BAI11188,-,-,8.01,CGPA,-,-
divyanshuprakashsharma2022,DIVYANSHU PRAKASH SHARMA,G3Q0P7U1,22MIP10098,-,-,8.01,CGPA,-,-
harsh.23bce10736,Harsh Kumar,B4Q8W5C5,23BCE10736,-,-,8.01,CGPA,-,-
harshit.23bcg10017,Harshit Raj Ratan Singh,C6R8E3V5,23BCG10017,-,-,8.01,CGPA,-,-
munish.23bce10925,Munish Upadhyay,Q3G4R1R3,23BCE10925,-,-,8.01,CGPA,-,-
vansh.23bai10078,Vansh jain,R1Z0A6O2,23BAI10078,-,-,8.01,CGPA,-,-
vaibhavtiwari,Vaibhav Tiwari,N1B7J5V6,23BAI10108,92.4,Percentage,8,CGPA,97,Percentage
ishanrai646,Ishan Rai,P3D1A6H8,23BCE11718,86.2,Percentage,8,CGPA,79.6,Percentage
saksham.23bai11244,Saksham Agarwal,I1K9C7P3,23BAI11244,-,-,8.0,CGPA,-,-
vedantsachindeshmukh2022,Vedant Deshmukh,I4F2B6W8,22MIM10043,-,-,8.0,CGPA,-,-
chaudharyaku,Akul Chaudhary,L6V2B1B7,23BAI10193,82,Percentage,7.99,CGPA,87,Percentage
deviyansh910,Deviyansh Raj,B4P9F4D4,23BCE11167,89.6,Percentage,7.99,CGPA,84.4,Percentage
atharvadeore,Atharva Vijay,L5H2X4B3,23BAI10583,89.6,Percentage,7.99,CGPA,82,Percentage
aditya.23bai10902,Aditya Hatwar,Q3U4N6Z0,23BAI10902,-,-,7.99,CGPA,-,-
mukul.23bce10297,Mukul Singhal,F1M0Q8T0,23BCE10297,-,-,7.99,CGPA,-,-
rahul.23bey10082,Rahul Kumar,F3W3Z1O1,23BEY10082,-,-,7.99,CGPA,-,-
rishabh.23bce11507,Rishabh Chaturvedi,H4M7M2T0,23BCE11507,-,-,7.99,CGPA,-,-
shyam.23bce10146,Shyam Chore,E1G6U8E4,23BCE10146,-,-,7.99,CGPA,-,-
prathvirajsing,Prathvi Raj Singh,Z4V9I4B5,23BSA10100,92.6,Percentage,7.98,CGPA,85.2,Percentage
anadisat,Anadisatyam,X5M4J6Y7,23BCE10615,95,Percentage,7.98,CGPA,80,Percentage
muskanyadav2022,Muskan Yadav,W5B3W5A9,22MIP10093,-,-,7.98,CGPA,-,-
singhkartik12,Kartik Singh,K4H6F0L0,23BCE10916,91.6,Percentage,7.97,CGPA,79,Percentage
kaifsyed46,Mohammad Kaif,B2F7A1Z1,23BAI10510,84.17,Percentage,7.97,CGPA,77.83,Percentage
ashmit.23bcg10023,Ashmit saxena,F2Y6Y2J5,23BCG10023,-,-,7.97,CGPA,-,-
malluvalasa.23bce11144,M SATHWIK,D5F2M0G0,23BCE11144,-,-,7.97,CGPA,-,-
manjeet.23bai10447,Manjeet Singh,T2K3T0B0,23BAI10447,-,-,7.97,CGPA,-,-
sanskar.23bce11578,Sanskar Kumawat,H4G8B9V9,23BCE11578,-,-,7.97,CGPA,-,-
shikhar.23bce11064,Shikhar Shukla,E3T0U4A5,23BCE11064,-,-,7.97,CGPA,-,-
siddhesh.23bsa10048,Siddhesh Vilas Avhad,Y3J3H2L6,23BSA10048,-,-,7.97,CGPA,-,-
rohit20456,Thiruveedula Rohit,Q1N0D0D7,22MIM10056,-,-,7.97,CGPA,-,-
manish.payar,Manish Satish,Z4X5Z2D0,23BCY10046,85.44,Percentage,7.96,CGPA,80.66,Percentage
shashank.pan,Shashank Pandey,O2Z2O8F3,23BCE10760,90.5,Percentage,7.96,CGPA,76.34,Percentage
akshjeet.23bai10910,Akshjeet Gakrey,S4M8Z2D2,23BAI10910,-,-,7.96,CGPA,-,-
ipprateek200,Pravarsh,I3H1U8F5,23BCE11025,92,Percentage,7.95,CGPA,77,Percentage
deshdeep.23bai11333,Deshdeep Negi,F3W3R0L2,23BAI11333,-,-,7.95,CGPA,-,-
mahijith.23bce11465,Mahijith Chowdhury,Q6Y2L7D3,23BCE11465,-,-,7.95,CGPA,-,-
pragyan.23bce10905,Pragyan Bhatt,Y9D6U3H5,23BCE10905,-,-,7.95,CGPA,-,-
tanmay.23bcy10346,Tanmay sharma,X5R1V4Y3,23BCY10346,-,-,7.95,CGPA,-,-
yash.23bce11008,Yash Shivnani,U2T5F1F7,23BCE11008,-,-,7.95,CGPA,-,-
syashita657,Yashita Sharma,P4G6Y2Y5,23BAI10368,93.8,Percentage,7.94,CGPA,78.6,Percentage
aditya.23bce11030,Aditya Rajkumar Singh,J1O9V6J1,23BCE11030,-,-,7.94,CGPA,-,-
amreshwar.23bai10265,Amreshwar Singh,G3K8D8Y2,23BAI10265,-,-,7.94,CGPA,-,-
aditya.23bai10338,Aditya Pradhan,S3Q8X9B5,23BAI10338,-,-,7.93,CGPA,-,-
nikhilvangaveti2022,Nikhil Vangaveti,L3H7S0X0,22MIM10116,-,-,7.93,CGPA,-,-
rivi.23bai11301,Rivi Gaur,C3G2Z8T4,23BAI11301,-,-,7.93,CGPA,-,-
diwakarmishr,Diwakar Mishra,T5D1U9Z0,23BAI10253,92,Percentage,7.92,CGPA,83.4,Percentage
mrinal.23bce11280,Mrinal Puri,X2P7G1J2,23BCE11280,-,-,7.92,CGPA,-,-
nikhil.23bai10597,NIKHIL KUMAR,K5X5N8V3,23BAI10597,-,-,7.92,CGPA,-,-
rohith528975,Rohith Sreepathi,H5B1N3T8,23BCE11593,100,Percentage,7.91,CGPA,94,Percentage
shubhamkum1,Shubham Kumar,K4K6Z7L1,23BAI10600,90.2,Percentage,7.91,CGPA,87.6,Percentage
vaibhavgupta,Vaibhav Gupta,T2M8E9M1,23BAI10482,93.8,Percentage,7.91,CGPA,80.4,Percentage
nandinisrivas,Nandini Srivastava,E4N9X1S6,23BCE11414,90.1,Percentage,7.91,CGPA,77.67,Percentage
saakshamkin,Saaksham Kirar,O5K5I4R4,23BSA10166,93,Percentage,7.91,CGPA,75.4,Percentage
jaabir.23bhi10150,Md Jaabir Islam,L5W4U9K9,23BHI10150,-,-,7.91,CGPA,-,-
samarth.23bce11710,Samarth Srivastava,H1Z2N3F2,23BCE11710,-,-,7.91,CGPA,-,-
mazumdaraishwarya3722,Aishwarya Mazumdar,L3H1W3V0,23BAI11041,-,-,7.9,CGPA,-,-
vishwaschouhan1284,Vishwas Chouhan,B6D4I2C6,23BCE10111,-,-,7.9,CGPA,-,-
vedantvyas77,Vedant Vyas,V1Y3W3W5,23BAI11349,88,Percentage,7.89,CGPA,77.4,Percentage
varnikumar.23bai10974,Patel Varnikumar Rajendrakumar,J5G4B4M3,23BAI10974,-,-,7.88,CGPA,-,-
sayan.23bcy10058,Sayan Ghosh,E2F9A6P5,23BCY10058,-,-,7.88,CGPA,-,-
sahas8969,Sayan Saha,G4U9V3G4,23BCE11702,82,Percentage,7.87,CGPA,86,Percentage
arnavraj0505,Arnav Raj,C4D5D2W4,23BCE10464,88,Percentage,7.87,CGPA,82,Percentage
akshata.23bce10652,Akshata Yadav,S5X6B5Y7,23BCE10652,-,-,7.87,CGPA,-,-
aryan.ajwani,Aryan Ajwani,F2L0P2B7,23BCE10557,-,-,7.86,CGPA,-,-
krishna.23bce10339,Krishna,L5Z5S7L2,23bce10339,-,-,7.86,CGPA,-,-
tanishq.23bce10131,Tanishq Kumar Gupta,U1G1F5J5,23BCE10131,-,-,7.86,CGPA,-,-
utkarsh.23bai11049,Utkarsh Sharma,S4K0R2T1,23BAI11049,-,-,7.86,CGPA,-,-
uddhavgpt,Uddhav Gupta,O5F7B4M4,23BAI10146,88,Percentage,7.85,CGPA,86,Percentage
256gargriya,Riya Garg,F4X3H4R6,23BAI10432,84,Percentage,7.85,CGPA,80,Percentage
pranavkarra2006,Pranav Karra,W2R2X2K2,23BCE10775,-,-,7.85,CGPA,-,-
ashlesha.23bsa10207,Ashlesha Kamal,V4Z5F2W0,23BSA10207,-,-,7.84,CGPA,-,-
harsh.23bai10199,Harsh Sahu,K6C9L6A3,23BAI10199,-,-,7.84,CGPA,-,-
sarthaksinghl,Sarthak Singh,X1I5F3A1,23BCY10077,91,Percentage,7.83,CGPA,81.4,Percentage
aryank20076,Aryan Khandelwal,Q3B5A2Z8,23BCE10675,83.6,Percentage,7.83,CGPA,77.6,Percentage
sheth.23bhi10181,Jiya Sheth,I5X0I7M5,23BHI10181,-,-,7.83,CGPA,-,-
suryansh.23bce11409,Suryansh Kumar,A2X1J5X4,23BCE11409,-,-,7.83,CGPA,-,-
ninad2800,Ninad Nemawar,D2Q6D9Z1,23BCE10350,85.16,Percentage,7.82,CGPA,81.2,Percentage
yash.saxena4,Yash Saxena,C3H3T4E2,23BCE10699,90.4,Percentage,7.82,CGPA,79.4,Percentage
sumit.23bce10330,Sumit Kumar Panika,P2P8R8I9,23BCE10330,-,-,7.82,CGPA,-,-
ankit88.bly,Ankit Kumar,J1Q3B5H7,23BCE10519,88.4,Percentage,7.81,CGPA,92.6,Percentage
sj666526,Shreya Jain,H2L4O0U2,22MIM10112,-,-,7.81,CGPA,-,-
prateek.23bai10374,Prateek Ranjan,Q4L5V9V8,23BAI10374,-,-,7.8,CGPA,-,-
bhugul.23bai11149,Trupti Bhugul,L4W4N0J7,23BAI11149,-,-,7.8,CGPA,-,-
adish.23bai10268,Adish hussain,D5D8P4F8,23BAI10268,-,-,7.79,CGPA,-,-
anurag.23bai11143,Anurag Goyal,R3J1R8F9,23BAI11143,-,-,7.79,CGPA,-,-
gopalmakwana2022,Gopal Makwana,P4W7K6L9,22MIP10088,-,-,7.79,CGPA,-,-
himanshukesarwani0654,Himanshu Kesarwani,W4I9T4L8,23BCY10044,-,-,7.79,CGPA,-,-
ravi.23bce10573,Ravi Vishwakarma,M6F3E8Q4,23BCE10573,-,-,7.79,CGPA,-,-
vishal.23bsa10209,Vishal yadav,H2V2U3L1,23BSA10209,-,-,7.79,CGPA,-,-
abha.basa,Alisha Basa,A8D3Q7D2,23BCE10239,97,Percentage,7.78,CGPA,93.8,Percentage
aspectshubha,Shubham Yadav,E4Y0I6T0,23BAI11144,86.66,Percentage,7.78,CGPA,77.6,Percentage
sunil.23bce11250,Sunil Yadav,Z3B7X3J4,23BCE11250,-,-,7.78,CGPA,-,-
sumitjakhar5,Sumit,Z4M5W9S8,23BCE10559,87.6,Percentage,7.76,CGPA,91.6,Percentage
impankajshuk,Pankaj Shukla,P1U2T5R9,23BAI10047,93.8,Percentage,7.74,CGPA,82.2,Percentage
adityajhinjha8,Aditya,A3Z7W4X9,23BAI10061,83.2,Percentage,7.74,CGPA,76.8,Percentage
kataru.23bcy10225,Kataru Saiheramb Sreedhar,M4L9K2Z8,23BCY10225,-,-,7.74,CGPA,-,-
partha.23bce11271,Partha Pratim Bhakat,J3Y7I8C0,23BCE11271,-,-,7.74,CGPA,-,-
sanjith.23bce11149,Sanjith moos,C5A4D3K7,23bce11149,-,-,7.74,CGPA,-,-
shawsnehasi,Snehasish Shaw,Y3O1L7G3,23BCY10142,88.6,Percentage,7.73,CGPA,87.5,Percentage
akash.23bce10070,AKASH KUMAR,F2Q5P5H9,23BCE10070,-,-,7.73,CGPA,-,-
tejasvi.0501,Tejasvi Gupta,G4V6Y7Z2,23BAI10681,94.3,Percentage,7.72,CGPA,91.4,Percentage
ronit20mishra,Ronit Mishra,W1X0K7A9,23BSA10174,91,Percentage,7.72,CGPA,77,Percentage
yashrajput40,Yash Singh Rajput,P2P2K5V3,23BCY10144,80,Percentage,7.72,CGPA,75,Percentage
mayank.23bce10576,Mayank Soni,P9E1F3Q1,23BCE10576,-,-,7.72,CGPA,-,-
amarmaniyad,Amarmani Yadav,V2T4I4H5,23BCE11179,89.5,Percentage,7.71,CGPA,76.3,Percentage
jhajhdamanis,Manish Jhajh,W3E3J0E6,23BCE10243,85.6,Percentage,7.7,CGPA,85.4,Percentage
kasanagottukeerthankumar2022,Kasanagottu Keerthan Kumar,P6Z2M7S8,22MIM10039,-,-,7.69,CGPA,-,-
riyarathod415,Riya Rathod,C3K3C3D6,23BAI10074,86.6,Percentage,7.68,CGPA,79,Percentage
lakshya.23bai10250,Lakshya Sahu,S5J7K5S4,23BAI10250,-,-,7.68,CGPA,-,-
chaitanya.23bcy10168,Chaitanya Tiwari,T4H8Y7E9,23BCY10168,-,-,7.67,CGPA,-,-
gauravjaiprak,Gaurav Singh,Y5O1X8Q3,23BCY10096,84.6,Percentage,7.66,CGPA,77.2,Percentage
krishna.23bce11490,Krishna Sen,N5L3C7N7,23BCE11490,-,-,7.66,CGPA,-,-
tanya.23bce11555,Tanya Bharti,V3X1J0X2,23BCE11555,-,-,7.66,CGPA,-,-
getpratyush1,Pratyush Srivastava,O3O8Z4W3,23BCY10033,86,Percentage,7.65,CGPA,76,Percentage
shreshtha.23bhi10044,Shreshtha Ranjan,P1Z5A6D2,23BHI10044,-,-,7.65,CGPA,-,-
shriyam.23bce11586,Shriyam Rastogi,Y1W7K8Q7,23BCE11586,-,-,7.64,CGPA,-,-
ayush.23bce11135,Ayush Kushwah,J3D6Z3P8,23BCE11135,-,-,7.63,CGPA,-,-
milindsharma,Milind Sharma,V2E9E6P2,23BCE10517,86.6,Percentage,7.62,CGPA,86,Percentage
muhammed.23bai10788,Muhammad Sajjad,X1M9A3A4,23BAI10788,-,-,7.62,CGPA,-,-
rakendu.23bhi10019,Rakendu K M,B1K5Q5I2,23BHI10019,-,-,7.62,CGPA,-,-
eklavya.23bce11199,Eklavya Shinde,F4H7E0T1,23BCE11199,-,-,7.59,CGPA,-,-
vansh.23bcy10113,Vansh Patel,G1A0M3U0,23BCY10113,-,-,7.58,CGPA,-,-
allenmathews,Allen Mathew,T3M0B0Z9,23BCE11302,94,Percentage,7.57,CGPA,77,Percentage
pratyush1299,Pratyush Shukla,Y2F6G4O1,23BAI10226,82.8,Percentage,7.56,CGPA,84.8,Percentage
mohdbelal01,Mohd Belal,F2E3C3O9,23BAI10866,90.5,Percentage,7.56,CGPA,84.2,Percentage
apoorvgoyal31,Apoorv Goyal,N6L7U1K2,23BCG10116,-,-,7.56,CGPA,-,-
kushaagraverma2022,Kushaagra Verma,N3K1I9L2,22MIM10046,-,-,7.56,CGPA,-,-
devmesh75,Devesh Rathore,Y5T3D1J9,23BAI10387,98,Percentage,7.55,CGPA,88.8,Percentage
riyarathod415,Riya Rathod,CK3C3D6,23BAI10074,-,-,7.55,CGPA,-,-
aadersh433,Aadersh Kumar,D6F5B4Q5,23BAI10433,79.33,Percentage,7.54,CGPA,75,Percentage
shubham.23bai11061,Shubham Kumar,Z2C4F9S4,23BAI11061,-,-,7.53,CGPA,-,-
abhichauhan4,Abhyudai Singh,I2Q8W4R2,23BAI10702,92.16,Percentage,7.51,CGPA,81,Percentage
akhil.23bai10913,Akhil joshi,S8M9C307,23BAI10913,-,-,7.51,CGPA,-,-
satendra.23bai11142,Satendra Gupta,V5I2H0R1,23BAI11142,-,-,7.51,CGPA,-,-
sakshamsingl,Saksham Singh,X3O7V1B9,23BAI10834,91.4,Percentage,7.5,CGPA,79,Percentage
priyavrat.23bce10640,Priyavrat Tripathi,L1X3L2L3,23BCE10640,-,-,7.5,CGPA,-,-
mahajan.23bai10222,Avneesh Yogesh Mahajan,B4L3M0B1,23BAI10222,-,-,7.48,CGPA,-,-
samyaksam331,Samyak Sahay,O1X9B3P4,23BHI10115,-,-,7.47,CGPA,-,-
vaibhav.23bai10619,Vaibhav Kumar Pal,X1I0P7P6,23BAI10619,-,-,7.47,CGPA,-,-
ailesh.23bai11108,Ailesh Kumar Verma,O1K8V0H4,23BAI11108,-,-,7.43,CGPA,-,-
anshularohi31072004,Anshul Arohi,I1N5I5N4,23BAI10147,-,-,7.43,CGPA,-,-
kamran.23bai10745,Kamran Ansari,J2O1N5X0,23BAI10745,-,-,7.38,CGPA,-,-
rachit.23bce10770,Rachit Shrivastava,D3N7B8A7,23BCE10770,-,-,7.38,CGPA,-,-
arpit.23bce11038,Arpit Dhiman,A2D9N0B4,23BCE11038,-,-,7.34,CGPA,-,-
sarik.23bai10926,Sarik Srivastava,Z6Y2B4Y3,23BAI10926,-,-,7.34,CGPA,-,-
rudranshu.23bai11102,Rudranshu pandey,Z3O3O4U7,23BAI11102,-,-,7.32,CGPA,-,-
nakul.23bce11694,Nakul Gaur,I3D1Z5X3,23BCE11694,-,-,7.22,CGPA,-,-
aldrinjosekurian69,Aldrin Jose Kurian,X1I3O5R1,23BHI10100,-,-,7.21,CGPA,-,-
tanisha.23bai11037,Tanisha,P3W8I4Z2,23BAI11037,-,-,7.21,CGPA,-,-
mishra.23bce11685,Anuj Pravesh Mishra,T1N6E5B2,23BCE11685,-,-,7.16,CGPA,-,-
jayeshkeswani2022,Jayesh Keswani,U3Y2Z7Z8,22MIM10015,-,-,6.99,CGPA,-,-
raj.23bcy10305,Raj Sen,S6Y3G9I4,23BCY10305,-,-,6.91,CGPA,-,-
-,-,U4R4J6O2,23BAI10209,-,-,-(cgpa),-,-(cgpa),-
-,-,F4D4C4U1,23BAI10242,-,-,-(cgpa),-,-(cgpa),-
-,-,W2Y7U3F2,23BAI10273,-,-,-(cgpa),-,-(cgpa),-
-,-,B6M5X7L6,23BAI10293,-,-,-(cgpa),-,-(cgpa),-
